0 verbose cli /usr/bin/node-22 /usr/bin/npm
1 info using npm@10.9.8
2 info using node@v22.23.2
3 silly config load:file:/usr/lib/node_modules/npm/npmrc
4 silly config load:file:/opt/app-root/src/.npmrc
5 silly config load:file:/etc/npmrc
6 verbose title npm ci
7 verbose argv "ci"
8 verbose logfile logs-max:10 dir:/opt/app-root/src/.npm/_logs/2026-09-14T14_04_18_536Z-
9 verbose logfile /opt/app-root/src/.npm/_logs/2026-09-14T14_04_18_536Z-debug-0.log
10 silly logfile done cleaning log files
11 silly packumentCache heap:4345298944 maxSize:1086324736 maxEntrySize:543162368
12 silly idealTree buildDeps
13 silly reify moves {}
14 silly audit bulk request {
14 silly audit   '@acemir/cssom': [ '0.9.31' ],
14 silly audit   '@algolia/abtesting': [ '1.18.0' ],
14 silly audit   '@algolia/client-abtesting': [ '5.52.0' ],
14 silly audit   '@algolia/client-analytics': [ '5.52.0' ],
14 silly audit   '@algolia/client-common': [ '5.52.0' ],
14 silly audit   '@algolia/client-insights': [ '5.52.0' ],
14 silly audit   '@algolia/client-personalization': [ '5.52.0' ],
14 silly audit   '@algolia/client-query-suggestions': [ '5.52.0' ],
14 silly audit   '@algolia/client-search': [ '5.52.0' ],
14 silly audit   '@algolia/ingestion': [ '1.52.0' ],
14 silly audit   '@algolia/monitoring': [ '1.52.0' ],
14 silly audit   '@algolia/recommend': [ '5.52.0' ],
14 silly audit   '@algolia/requester-browser-xhr': [ '5.52.0' ],
14 silly audit   '@algolia/requester-fetch': [ '5.52.0' ],
14 silly audit   '@algolia/requester-node-http': [ '5.52.0' ],
14 silly audit   '@ampproject/remapping': [ '2.3.0' ],
14 silly audit   '@angular-devkit/architect': [ '0.2200.4' ],
14 silly audit   '@angular-devkit/core': [ '22.0.4' ],
14 silly audit   '@angular-devkit/schematics': [ '22.0.4' ],
14 silly audit   '@angular/build': [ '22.0.4' ],
14 silly audit   '@angular/cli': [ '22.0.4' ],
14 silly audit   '@angular/common': [ '22.0.4' ],
14 silly audit   '@angular/compiler': [ '22.0.4' ],
14 silly audit   '@angular/compiler-cli': [ '22.0.4' ],
14 silly audit   '@babel/core': [ '7.29.7', '7.29.0' ],
14 silly audit   'convert-source-map': [ '2.0.0', '1.9.0' ],
14 silly audit   semver: [ '6.3.1', '7.7.4' ],
14 silly audit   '@angular/core': [ '22.0.4' ],
14 silly audit   '@angular/forms': [ '22.0.4' ],
14 silly audit   '@angular/platform-browser': [ '22.0.4' ],
14 silly audit   '@angular/router': [ '22.0.4' ],
14 silly audit   '@asamuzakjp/css-color': [ '5.1.11' ],
14 silly audit   '@asamuzakjp/dom-selector': [ '6.8.1' ],
14 silly audit   'lru-cache': [ '11.5.1', '5.1.1' ],
14 silly audit   '@asamuzakjp/generational-cache': [ '1.0.1' ],
14 silly audit   '@asamuzakjp/nwsapi': [ '2.3.9' ],
14 silly audit   '@babel/code-frame': [ '7.29.7' ],
14 silly audit   '@babel/compat-data': [ '7.29.7' ],
14 silly audit   '@babel/generator': [ '7.29.7' ],
14 silly audit   '@babel/helper-annotate-as-pure': [ '7.27.3' ],
14 silly audit   '@babel/helper-compilation-targets': [ '7.29.7' ],
14 silly audit   '@babel/helper-globals': [ '7.29.7' ],
14 silly audit   '@babel/helper-module-imports': [ '7.29.7' ],
14 silly audit   '@babel/helper-module-transforms': [ '7.29.7' ],
14 silly audit   '@babel/helper-split-export-declaration': [ '7.24.7' ],
14 silly audit   '@babel/helper-string-parser': [ '7.29.7' ],
14 silly audit   '@babel/helper-validator-identifier': [ '7.29.7' ],
14 silly audit   '@babel/helper-validator-option': [ '7.29.7' ],
14 silly audit   '@babel/helpers': [ '7.29.7' ],
14 silly audit   '@babel/parser': [ '7.29.7' ],
14 silly audit   '@babel/template': [ '7.29.7' ],
14 silly audit   '@babel/traverse': [ '7.29.7' ],
14 silly audit   '@babel/types': [ '7.29.7' ],
14 silly audit   '@bramus/specificity': [ '2.4.2' ],
14 silly audit   '@csstools/color-helpers': [ '6.1.0' ],
14 silly audit   '@csstools/css-calc': [ '3.2.1' ],
14 silly audit   '@csstools/css-color-parser': [ '4.1.9' ],
14 silly audit   '@csstools/css-parser-algorithms': [ '4.0.0' ],
14 silly audit   '@csstools/css-syntax-patches-for-csstree': [ '1.1.5' ],
14 silly audit   '@csstools/css-tokenizer': [ '4.0.0' ],
14 silly audit   '@esbuild/aix-ppc64': [ '0.28.1', '0.27.7' ],
14 silly audit   '@esbuild/android-arm': [ '0.28.1', '0.27.7' ],
14 silly audit   '@esbuild/android-arm64': [ '0.28.1', '0.27.7' ],
14 silly audit   '@esbuild/android-x64': [ '0.28.1', '0.27.7' ],
14 silly audit   '@esbuild/darwin-arm64': [ '0.28.1', '0.27.7' ],
14 silly audit   '@esbuild/darwin-x64': [ '0.28.1', '0.27.7' ],
14 silly audit   '@esbuild/freebsd-arm64': [ '0.28.1', '0.27.7' ],
14 silly audit   '@esbuild/freebsd-x64': [ '0.28.1', '0.27.7' ],
14 silly audit   '@esbuild/linux-arm': [ '0.28.1', '0.27.7' ],
14 silly audit   '@esbuild/linux-arm64': [ '0.28.1', '0.27.7' ],
14 silly audit   '@esbuild/linux-ia32': [ '0.28.1', '0.27.7' ],
14 silly audit   '@esbuild/linux-loong64': [ '0.28.1', '0.27.7' ],
14 silly audit   '@esbuild/linux-mips64el': [ '0.28.1', '0.27.7' ],
14 silly audit   '@esbuild/linux-ppc64': [ '0.28.1', '0.27.7' ],
14 silly audit   '@esbuild/linux-riscv64': [ '0.28.1', '0.27.7' ],
14 silly audit   '@esbuild/linux-s390x': [ '0.28.1', '0.27.7' ],
14 silly audit   '@esbuild/linux-x64': [ '0.28.1', '0.27.7' ],
14 silly audit   '@esbuild/netbsd-arm64': [ '0.28.1', '0.27.7' ],
14 silly audit   '@esbuild/netbsd-x64': [ '0.28.1', '0.27.7' ],
14 silly audit   '@esbuild/openbsd-arm64': [ '0.28.1', '0.27.7' ],
14 silly audit   '@esbuild/openbsd-x64': [ '0.28.1', '0.27.7' ],
14 silly audit   '@esbuild/openharmony-arm64': [ '0.28.1', '0.27.7' ],
14 silly audit   '@esbuild/sunos-x64': [ '0.28.1', '0.27.7' ],
14 silly audit   '@esbuild/win32-arm64': [ '0.28.1', '0.27.7' ],
14 silly audit   '@esbuild/win32-ia32': [ '0.28.1', '0.27.7' ],
14 silly audit   '@esbuild/win32-x64': [ '0.28.1', '0.27.7' ],
14 silly audit   '@exodus/bytes': [ '1.15.1' ],
14 silly audit   '@gar/promise-retry': [ '1.0.3' ],
14 silly audit   '@harperfast/extended-iterable': [ '1.0.3' ],
14 silly audit   '@hono/node-server': [ '1.19.14' ],
14 silly audit   '@inquirer/ansi': [ '2.0.7' ],
14 silly audit   '@inquirer/checkbox': [ '5.2.1' ],
14 silly audit   '@inquirer/confirm': [ '6.0.12' ],
14 silly audit   '@inquirer/core': [ '11.2.1' ],
14 silly audit   '@inquirer/editor': [ '5.2.2' ],
14 silly audit   '@inquirer/expand': [ '5.1.1' ],
14 silly audit   '@inquirer/external-editor': [ '3.0.3' ],
14 silly audit   '@inquirer/figures': [ '2.0.7' ],
14 silly audit   '@inquirer/input': [ '5.1.2' ],
14 silly audit   '@inquirer/number': [ '4.1.1' ],
14 silly audit   '@inquirer/password': [ '5.1.1' ],
14 silly audit   '@inquirer/prompts': [ '8.4.2' ],
14 silly audit   '@inquirer/rawlist': [ '5.3.1' ],
14 silly audit   '@inquirer/search': [ '4.2.1' ],
14 silly audit   '@inquirer/select': [ '5.2.1' ],
14 silly audit   '@inquirer/type': [ '4.0.7' ],
14 silly audit   '@isaacs/fs-minipass': [ '4.0.1' ],
14 silly audit   '@jridgewell/gen-mapping': [ '0.3.13' ],
14 silly audit   '@jridgewell/remapping': [ '2.3.5' ],
14 silly audit   '@jridgewell/resolve-uri': [ '3.1.2' ],
14 silly audit   '@jridgewell/sourcemap-codec': [ '1.5.5' ],
14 silly audit   '@jridgewell/trace-mapping': [ '0.3.31' ],
14 silly audit   '@listr2/prompt-adapter-inquirer': [ '4.2.3' ],
14 silly audit   '@lmdb/lmdb-darwin-arm64': [ '3.5.4' ],
14 silly audit   '@lmdb/lmdb-darwin-x64': [ '3.5.4' ],
14 silly audit   '@lmdb/lmdb-linux-arm': [ '3.5.4' ],
14 silly audit   '@lmdb/lmdb-linux-arm64': [ '3.5.4' ],
14 silly audit   '@lmdb/lmdb-linux-x64': [ '3.5.4' ],
14 silly audit   '@lmdb/lmdb-win32-arm64': [ '3.5.4' ],
14 silly audit   '@lmdb/lmdb-win32-x64': [ '3.5.4' ],
14 silly audit   '@modelcontextprotocol/sdk': [ '1.29.0' ],
14 silly audit   '@msgpackr-extract/msgpackr-extract-darwin-arm64': [ '3.0.4' ],
14 silly audit   '@msgpackr-extract/msgpackr-extract-darwin-x64': [ '3.0.4' ],
14 silly audit   '@msgpackr-extract/msgpackr-extract-linux-arm': [ '3.0.4' ],
14 silly audit   '@msgpackr-extract/msgpackr-extract-linux-arm64': [ '3.0.4' ],
14 silly audit   '@msgpackr-extract/msgpackr-extract-linux-x64': [ '3.0.4' ],
14 silly audit   '@msgpackr-extract/msgpackr-extract-win32-x64': [ '3.0.4' ],
14 silly audit   '@napi-rs/nice': [ '1.1.1' ],
14 silly audit   '@napi-rs/nice-android-arm-eabi': [ '1.1.1' ],
14 silly audit   '@napi-rs/nice-android-arm64': [ '1.1.1' ],
14 silly audit   '@napi-rs/nice-darwin-arm64': [ '1.1.1' ],
14 silly audit   '@napi-rs/nice-darwin-x64': [ '1.1.1' ],
14 silly audit   '@napi-rs/nice-freebsd-x64': [ '1.1.1' ],
14 silly audit   '@napi-rs/nice-linux-arm-gnueabihf': [ '1.1.1' ],
14 silly audit   '@napi-rs/nice-linux-arm64-gnu': [ '1.1.1' ],
14 silly audit   '@napi-rs/nice-linux-arm64-musl': [ '1.1.1' ],
14 silly audit   '@napi-rs/nice-linux-ppc64-gnu': [ '1.1.1' ],
14 silly audit   '@napi-rs/nice-linux-riscv64-gnu': [ '1.1.1' ],
14 silly audit   '@napi-rs/nice-linux-s390x-gnu': [ '1.1.1' ],
14 silly audit   '@napi-rs/nice-linux-x64-gnu': [ '1.1.1' ],
14 silly audit   '@napi-rs/nice-linux-x64-musl': [ '1.1.1' ],
14 silly audit   '@napi-rs/nice-openharmony-arm64': [ '1.1.1' ],
14 silly audit   '@napi-rs/nice-win32-arm64-msvc': [ '1.1.1' ],
14 silly audit   '@napi-rs/nice-win32-ia32-msvc': [ '1.1.1' ],
14 silly audit   '@napi-rs/nice-win32-x64-msvc': [ '1.1.1' ],
14 silly audit   '@npmcli/agent': [ '4.0.2' ],
14 silly audit   'agent-base': [ '7.1.4', '9.0.0' ],
14 silly audit   'https-proxy-agent': [ '7.0.6', '9.0.0' ],
14 silly audit   '@npmcli/fs': [ '5.0.0' ],
14 silly audit   '@npmcli/git': [ '7.0.2' ],
14 silly audit   isexe: [ '4.0.0', '2.0.0' ],
14 silly audit   which: [ '6.0.1', '2.0.2' ],
14 silly audit   '@npmcli/installed-package-contents': [ '4.0.0' ],
14 silly audit   '@npmcli/node-gyp': [ '5.0.0' ],
14 silly audit   '@npmcli/package-json': [ '7.0.5' ],
14 silly audit   '@npmcli/promise-spawn': [ '9.0.1' ],
14 silly audit   '@npmcli/redact': [ '4.0.0' ],
14 silly audit   '@npmcli/run-script': [ '10.0.4' ],
14 silly audit   '@parcel/watcher': [ '2.5.6' ],
14 silly audit   '@parcel/watcher-android-arm64': [ '2.5.6' ],
14 silly audit   '@parcel/watcher-darwin-arm64': [ '2.5.6' ],
14 silly audit   '@parcel/watcher-darwin-x64': [ '2.5.6' ],
14 silly audit   '@parcel/watcher-freebsd-x64': [ '2.5.6' ],
14 silly audit   '@parcel/watcher-linux-arm-glibc': [ '2.5.6' ],
14 silly audit   '@parcel/watcher-linux-arm-musl': [ '2.5.6' ],
14 silly audit   '@parcel/watcher-linux-arm64-glibc': [ '2.5.6' ],
14 silly audit   '@parcel/watcher-linux-arm64-musl': [ '2.5.6' ],
14 silly audit   '@parcel/watcher-linux-x64-glibc': [ '2.5.6' ],
14 silly audit   '@parcel/watcher-linux-x64-musl': [ '2.5.6' ],
14 silly audit   '@parcel/watcher-win32-arm64': [ '2.5.6' ],
14 silly audit   '@parcel/watcher-win32-ia32': [ '2.5.6' ],
14 silly audit   '@parcel/watcher-win32-x64': [ '2.5.6' ],
14 silly audit   'node-addon-api': [ '7.1.1', '6.1.0' ],
14 silly audit   '@rollup/rollup-android-arm-eabi': [ '4.60.2' ],
14 silly audit   '@rollup/rollup-android-arm64': [ '4.60.2' ],
14 silly audit   '@rollup/rollup-darwin-arm64': [ '4.60.2' ],
14 silly audit   '@rollup/rollup-darwin-x64': [ '4.60.2' ],
14 silly audit   '@rollup/rollup-freebsd-arm64': [ '4.60.2' ],
14 silly audit   '@rollup/rollup-freebsd-x64': [ '4.60.2' ],
14 silly audit   '@rollup/rollup-linux-arm-gnueabihf': [ '4.60.2' ],
14 silly audit   '@rollup/rollup-linux-arm-musleabihf': [ '4.60.2' ],
14 silly audit   '@rollup/rollup-linux-arm64-gnu': [ '4.60.2' ],
14 silly audit   '@rollup/rollup-linux-arm64-musl': [ '4.60.2' ],
14 silly audit   '@rollup/rollup-linux-loong64-gnu': [ '4.60.2' ],
14 silly audit   '@rollup/rollup-linux-loong64-musl': [ '4.60.2' ],
14 silly audit   '@rollup/rollup-linux-ppc64-gnu': [ '4.60.2' ],
14 silly audit   '@rollup/rollup-linux-ppc64-musl': [ '4.60.2' ],
14 silly audit   '@rollup/rollup-linux-riscv64-gnu': [ '4.60.2' ],
14 silly audit   '@rollup/rollup-linux-riscv64-musl': [ '4.60.2' ],
14 silly audit   '@rollup/rollup-linux-s390x-gnu': [ '4.60.2' ],
14 silly audit   '@rollup/rollup-linux-x64-gnu': [ '4.60.2' ],
14 silly audit   '@rollup/rollup-linux-x64-musl': [ '4.60.2' ],
14 silly audit   '@rollup/rollup-openbsd-x64': [ '4.60.2' ],
14 silly audit   '@rollup/rollup-openharmony-arm64': [ '4.60.2' ],
14 silly audit   '@rollup/rollup-win32-arm64-msvc': [ '4.60.2' ],
14 silly audit   '@rollup/rollup-win32-ia32-msvc': [ '4.60.2' ],
14 silly audit   '@rollup/rollup-win32-x64-gnu': [ '4.60.2' ],
14 silly audit   '@rollup/rollup-win32-x64-msvc': [ '4.60.2' ],
14 silly audit   '@schematics/angular': [ '22.0.4' ],
14 silly audit   '@sigstore/bundle': [ '4.0.0' ],
14 silly audit   '@sigstore/core': [ '3.2.1' ],
14 silly audit   '@sigstore/protobuf-specs': [ '0.5.1' ],
14 silly audit   '@sigstore/sign': [ '4.1.1' ],
14 silly audit   '@sigstore/tuf': [ '4.0.2' ],
14 silly audit   '@sigstore/verify': [ '3.1.1' ],
14 silly audit   '@standard-schema/spec': [ '1.1.0' ],
14 silly audit   '@tufjs/canonical-json': [ '2.0.0' ],
14 silly audit   '@tufjs/models': [ '4.1.0' ],
14 silly audit   '@types/chai': [ '5.2.3' ],
14 silly audit   '@types/deep-eql': [ '4.0.2' ],
14 silly audit   '@types/estree': [ '1.0.8' ],
14 silly audit   '@vitejs/plugin-basic-ssl': [ '2.3.0' ],
14 silly audit   '@vitest/expect': [ '4.1.9' ],
14 silly audit   '@vitest/mocker': [ '4.1.9' ],
14 silly audit   '@vitest/pretty-format': [ '4.1.9' ],
14 silly audit   '@vitest/runner': [ '4.1.9' ],
14 silly audit   '@vitest/snapshot': [ '4.1.9' ],
14 silly audit   '@vitest/spy': [ '4.1.9' ],
14 silly audit   '@vitest/utils': [ '4.1.9' ],
14 silly audit   '@yarnpkg/lockfile': [ '1.1.0' ],
14 silly audit   abbrev: [ '4.0.0' ],
14 silly audit   accepts: [ '2.0.0' ],
14 silly audit   ajv: [ '8.20.0' ],
14 silly audit   'ajv-formats': [ '3.0.1' ],
14 silly audit   algoliasearch: [ '5.52.0' ],
14 silly audit   'ansi-escapes': [ '7.3.0' ],
14 silly audit   'ansi-regex': [ '6.2.2' ],
14 silly audit   'ansi-styles': [ '6.2.3' ],
14 silly audit   'assertion-error': [ '2.0.1' ],
14 silly audit   'balanced-match': [ '4.0.4' ],
14 silly audit   'baseline-browser-mapping': [ '2.10.40' ],
14 silly audit   beasties: [ '0.4.2' ],
14 silly audit   'bidi-js': [ '1.0.3' ],
14 silly audit   'body-parser': [ '2.3.0' ],
14 silly audit   'content-type': [ '2.0.0', '1.0.5' ],
14 silly audit   boolbase: [ '1.0.0' ],
14 silly audit   'brace-expansion': [ '5.0.6' ],
14 silly audit   browserslist: [ '4.28.4' ],
14 silly audit   'buffer-from': [ '1.1.2' ],
14 silly audit   bytes: [ '3.1.2' ],
14 silly audit   cacache: [ '20.0.4' ],
14 silly audit   'call-bind-apply-helpers': [ '1.0.2' ],
14 silly audit   'call-bound': [ '1.0.4' ],
14 silly audit   'caniuse-lite': [ '1.0.30001799' ],
14 silly audit   chai: [ '6.2.2' ],
14 silly audit   chalk: [ '5.6.2' ],
14 silly audit   chardet: [ '2.2.0' ],
14 silly audit   chokidar: [ '5.0.0', '4.0.3' ],
14 silly audit   chownr: [ '3.0.0' ],
14 silly audit   'cli-cursor': [ '5.0.0' ],
14 silly audit   'cli-spinners': [ '3.4.0' ],
14 silly audit   'cli-truncate': [ '5.2.0' ],
14 silly audit   'cli-width': [ '4.1.0' ],
14 silly audit   cliui: [ '9.0.1' ],
14 silly audit   'string-width': [ '7.2.0', '8.2.1' ],
14 silly audit   'wrap-ansi': [ '9.0.2', '10.0.0' ],
14 silly audit   'content-disposition': [ '1.1.0' ],
14 silly audit   cookie: [ '0.7.2' ],
14 silly audit   'cookie-signature': [ '1.2.2' ],
14 silly audit   cors: [ '2.8.6' ],
14 silly audit   'cross-spawn': [ '7.0.6' ],
14 silly audit   'css-select': [ '6.0.0' ],
14 silly audit   'css-tree': [ '3.2.1' ],
14 silly audit   'css-what': [ '7.0.0' ],
14 silly audit   cssstyle: [ '6.2.0' ],
14 silly audit   'data-urls': [ '7.0.0' ],
14 silly audit   debug: [ '4.4.3' ],
14 silly audit   'decimal.js': [ '10.6.0' ],
14 silly audit   depd: [ '2.0.0' ],
14 silly audit   'detect-libc': [ '2.1.2' ],
14 silly audit   'dom-serializer': [ '2.0.0' ],
14 silly audit   domelementtype: [ '2.3.0' ],
14 silly audit   domhandler: [ '5.0.3' ],
14 silly audit   domutils: [ '3.2.2' ],
14 silly audit   'dunder-proto': [ '1.0.1' ],
14 silly audit   'ee-first': [ '1.1.1' ],
14 silly audit   'electron-to-chromium': [ '1.5.380' ],
14 silly audit   'emoji-regex': [ '10.6.0' ],
14 silly audit   encodeurl: [ '2.0.0' ],
14 silly audit   entities: [ '4.5.0', '7.0.1', '8.0.0' ],
14 silly audit   'env-paths': [ '2.2.1' ],
14 silly audit   environment: [ '1.1.0' ],
14 silly audit   'es-define-property': [ '1.0.1' ],
14 silly audit   'es-errors': [ '1.3.0' ],
14 silly audit   'es-module-lexer': [ '2.1.0' ],
14 silly audit   'es-object-atoms': [ '1.1.2' ],
14 silly audit   esbuild: [ '0.28.1', '0.27.7' ],
14 silly audit   escalade: [ '3.2.0' ],
14 silly audit   'escape-html': [ '1.0.3' ],
14 silly audit   'estree-walker': [ '3.0.3' ],
14 silly audit   etag: [ '1.8.1' ],
14 silly audit   eventemitter3: [ '5.0.4' ],
14 silly audit   eventsource: [ '3.0.7' ],
14 silly audit   'eventsource-parser': [ '3.1.0' ],
14 silly audit   'expect-type': [ '1.4.0' ],
14 silly audit   'exponential-backoff': [ '3.1.3' ],
14 silly audit   express: [ '5.2.1' ],
14 silly audit   'express-rate-limit': [ '8.5.2' ],
14 silly audit   'fast-deep-equal': [ '3.1.3' ],
14 silly audit   'fast-string-truncated-width': [ '3.0.3' ],
14 silly audit   'fast-string-width': [ '3.0.2' ],
14 silly audit   'fast-uri': [ '3.1.2' ],
14 silly audit   'fast-wrap-ansi': [ '0.2.2' ],
14 silly audit   fdir: [ '6.5.0' ],
14 silly audit   finalhandler: [ '2.1.1' ],
14 silly audit   forwarded: [ '0.2.0' ],
14 silly audit   fresh: [ '2.0.0' ],
14 silly audit   'fs-minipass': [ '3.0.3' ],
14 silly audit   fsevents: [ '2.3.3' ],
14 silly audit   'function-bind': [ '1.1.2' ],
14 silly audit   gensync: [ '1.0.0-beta.2' ],
14 silly audit   'get-caller-file': [ '2.0.5' ],
14 silly audit   'get-east-asian-width': [ '1.6.0' ],
14 silly audit   'get-intrinsic': [ '1.3.0' ],
14 silly audit   'get-proto': [ '1.0.1' ],
14 silly audit   glob: [ '13.0.6' ],
14 silly audit   'glob-to-regexp': [ '0.4.1' ],
14 silly audit   gopd: [ '1.2.0' ],
14 silly audit   'graceful-fs': [ '4.2.11' ],
14 silly audit   'has-symbols': [ '1.1.0' ],
14 silly audit   hasown: [ '2.0.4' ],
14 silly audit   hono: [ '4.12.27' ],
14 silly audit   'hosted-git-info': [ '9.0.3' ],
14 silly audit   'html-encoding-sniffer': [ '6.0.0' ],
14 silly audit   htmlparser2: [ '10.1.0' ],
14 silly audit   'http-cache-semantics': [ '4.2.0' ],
14 silly audit   'http-errors': [ '2.0.1' ],
14 silly audit   'http-proxy-agent': [ '7.0.2' ],
14 silly audit   'iconv-lite': [ '0.7.2' ],
14 silly audit   'ignore-walk': [ '8.0.0' ],
14 silly audit   immutable: [ '5.1.8' ],
14 silly audit   inherits: [ '2.0.4' ],
14 silly audit   ini: [ '6.0.0' ],
14 silly audit   'ip-address': [ '10.2.0' ],
14 silly audit   'ipaddr.js': [ '1.9.1' ],
14 silly audit   'is-extglob': [ '2.1.1' ],
14 silly audit   'is-fullwidth-code-point': [ '5.1.0' ],
14 silly audit   'is-glob': [ '4.0.3' ],
14 silly audit   'is-interactive': [ '2.0.0' ],
14 silly audit   'is-potential-custom-element-name': [ '1.0.1' ],
14 silly audit   'is-promise': [ '4.0.0' ],
14 silly audit   'is-unicode-supported': [ '2.1.0' ],
14 silly audit   jose: [ '6.2.3' ],
14 silly audit   'js-tokens': [ '4.0.0' ],
14 silly audit   jsdom: [ '28.1.0' ],
14 silly audit   jsesc: [ '3.1.0' ],
14 silly audit   'json-parse-even-better-errors': [ '5.0.0' ],
14 silly audit   'json-schema-traverse': [ '1.0.0' ],
14 silly audit   'json-schema-typed': [ '8.0.2' ],
14 silly audit   json5: [ '2.2.3' ],
14 silly audit   'jsonc-parser': [ '3.3.1' ],
14 silly audit   jsonparse: [ '1.3.1' ],
14 silly audit   listr2: [ '10.2.1' ],
14 silly audit   lmdb: [ '3.5.4' ],
14 silly audit   'log-symbols': [ '7.0.1' ],
14 silly audit   'log-update': [ '6.1.0' ],
14 silly audit   'slice-ansi': [ '7.1.2', '8.0.0' ],
14 silly audit   'magic-string': [ '0.30.21' ],
14 silly audit   'make-fetch-happen': [ '15.0.6' ],
14 silly audit   'math-intrinsics': [ '1.1.0' ],
14 silly audit   'mdn-data': [ '2.27.1' ],
14 silly audit   'media-typer': [ '1.1.0' ],
14 silly audit   'merge-descriptors': [ '2.0.0' ],
14 silly audit   'mime-db': [ '1.54.0' ],
14 silly audit   'mime-types': [ '3.0.2' ],
14 silly audit   'mimic-function': [ '5.0.1' ],
14 silly audit   minimatch: [ '10.2.5' ],
14 silly audit   minipass: [ '7.1.3', '3.3.6' ],
14 silly audit   'minipass-collect': [ '2.0.1' ],
14 silly audit   'minipass-fetch': [ '5.0.2' ],
14 silly audit   'minipass-flush': [ '1.0.7' ],
14 silly audit   yallist: [ '4.0.0', '5.0.0', '3.1.1' ],
14 silly audit   'minipass-pipeline': [ '1.2.4' ],
14 silly audit   'minipass-sized': [ '2.0.0' ],
14 silly audit   minizlib: [ '3.1.0' ],
14 silly audit   mrmime: [ '2.0.1' ],
14 silly audit   ms: [ '2.1.3' ],
14 silly audit   msgpackr: [ '1.12.1' ],
14 silly audit   'msgpackr-extract': [ '3.0.4' ],
14 silly audit   'mute-stream': [ '3.0.0' ],
14 silly audit   nanoid: [ '3.3.15' ],
14 silly audit   negotiator: [ '1.0.0' ],
14 silly audit   'node-gyp': [ '12.4.0' ],
14 silly audit   'node-gyp-build-optional-packages': [ '5.2.2' ],
14 silly audit   undici: [ '6.27.0', '7.28.0' ],
14 silly audit   'node-releases': [ '2.0.50' ],
14 silly audit   nopt: [ '9.0.0' ],
14 silly audit   'npm-bundled': [ '5.0.0' ],
14 silly audit   'npm-install-checks': [ '8.0.0' ],
14 silly audit   'npm-normalize-package-bin': [ '5.0.0' ],
14 silly audit   'npm-package-arg': [ '13.0.2' ],
14 silly audit   'npm-packlist': [ '10.0.4' ],
14 silly audit   'npm-pick-manifest': [ '11.0.3' ],
14 silly audit   'npm-registry-fetch': [ '19.1.1' ],
14 silly audit   'nth-check': [ '2.1.1' ],
14 silly audit   'object-assign': [ '4.1.1' ],
14 silly audit   'object-inspect': [ '1.13.4' ],
14 silly audit   obug: [ '2.1.3' ],
14 silly audit   'on-finished': [ '2.4.1' ],
14 silly audit   once: [ '1.4.0' ],
14 silly audit   onetime: [ '7.0.0' ],
14 silly audit   ora: [ '9.4.0' ],
14 silly audit   'ordered-binary': [ '1.6.1' ],
14 silly audit   'p-map': [ '7.0.4' ],
14 silly audit   pacote: [ '21.5.1' ],
14 silly audit   parse5: [ '8.0.1' ],
14 silly audit   'parse5-html-rewriting-stream': [ '8.0.1' ],
14 silly audit   'parse5-sax-parser': [ '8.0.0' ],
14 silly audit   parseurl: [ '1.3.3' ],
14 silly audit   'path-key': [ '3.1.1' ],
14 silly audit   'path-scurry': [ '2.0.2' ],
14 silly audit   'path-to-regexp': [ '8.4.2' ],
14 silly audit   pathe: [ '2.0.3' ],
14 silly audit   picocolors: [ '1.1.1' ],
14 silly audit   picomatch: [ '4.0.4' ],
14 silly audit   piscina: [ '5.2.0' ],
14 silly audit   'pkce-challenge': [ '5.0.1' ],
14 silly audit   postcss: [ '8.5.15' ],
14 silly audit   'postcss-media-query-parser': [ '0.2.3' ],
14 silly audit   'postcss-safe-parser': [ '7.0.1' ],
14 silly audit   prettier: [ '3.9.0' ],
14 silly audit   'proc-log': [ '6.1.0' ],
14 silly audit   'proxy-addr': [ '2.0.7' ],
14 silly audit   punycode: [ '2.3.1' ],
14 silly audit   qs: [ '6.15.3' ],
14 silly audit   'range-parser': [ '1.3.0' ],
14 silly audit   'raw-body': [ '3.0.2' ],
14 silly audit   readdirp: [ '5.0.0', '4.1.2' ],
14 silly audit   'reflect-metadata': [ '0.2.2' ],
14 silly audit   'require-from-string': [ '2.0.2' ],
14 silly audit   'restore-cursor': [ '5.1.0' ],
14 silly audit   rfdc: [ '1.4.1' ],
14 silly audit   rollup: [ '4.60.2' ],
14 silly audit   router: [ '2.2.0' ],
14 silly audit   rxjs: [ '7.8.2' ],
14 silly audit   'safer-buffer': [ '2.1.2' ],
14 silly audit   sass: [ '1.99.0' ],
14 silly audit   saxes: [ '6.0.0' ],
14 silly audit   send: [ '1.2.1' ],
14 silly audit   'serve-static': [ '2.2.1' ],
14 silly audit   setprototypeof: [ '1.2.0' ],
14 silly audit   'shebang-command': [ '2.0.0' ],
14 silly audit   'shebang-regex': [ '3.0.0' ],
14 silly audit   'side-channel': [ '1.1.1' ],
14 silly audit   'side-channel-list': [ '1.0.1' ],
14 silly audit   'side-channel-map': [ '1.0.1' ],
14 silly audit   'side-channel-weakmap': [ '1.0.2' ],
14 silly audit   siginfo: [ '2.0.0' ],
14 silly audit   'signal-exit': [ '4.1.0' ],
14 silly audit   sigstore: [ '4.1.1' ],
14 silly audit   'smart-buffer': [ '4.2.0' ],
14 silly audit   socks: [ '2.8.9' ],
14 silly audit   'socks-proxy-agent': [ '8.0.5' ],
14 silly audit   'source-map': [ '0.7.6', '0.6.1' ],
14 silly audit   'source-map-js': [ '1.2.1' ],
14 silly audit   'source-map-support': [ '0.5.21' ],
14 silly audit   'spdx-exceptions': [ '2.5.0' ],
14 silly audit   'spdx-expression-parse': [ '4.0.0' ],
14 silly audit   'spdx-license-ids': [ '3.0.23' ],
14 silly audit   ssri: [ '13.0.1' ],
14 silly audit   stackback: [ '0.0.2' ],
14 silly audit   statuses: [ '2.0.2' ],
14 silly audit   'std-env': [ '4.1.0' ],
14 silly audit   'stdin-discarder': [ '0.3.2' ],
14 silly audit   'strip-ansi': [ '7.2.0' ],
14 silly audit   'symbol-tree': [ '3.2.4' ],
14 silly audit   tar: [ '7.5.17' ],
14 silly audit   tinybench: [ '2.9.0' ],
14 silly audit   tinyexec: [ '1.2.4' ],
14 silly audit   tinyglobby: [ '0.2.16' ],
14 silly audit   tinyrainbow: [ '3.1.0' ],
14 silly audit   tldts: [ '7.4.4' ],
14 silly audit   'tldts-core': [ '7.4.4' ],
14 silly audit   toidentifier: [ '1.0.1' ],
14 silly audit   'tough-cookie': [ '6.0.1' ],
14 silly audit   tr46: [ '6.0.0' ],
14 silly audit   tslib: [ '2.8.1' ],
14 silly audit   'tuf-js': [ '4.1.0' ],
14 silly audit   'type-is': [ '2.1.0' ],
14 silly audit   typescript: [ '6.0.3' ],
14 silly audit   unpipe: [ '1.0.0' ],
14 silly audit   'update-browserslist-db': [ '1.2.3' ],
14 silly audit   'validate-npm-package-name': [ '7.0.2' ],
14 silly audit   vary: [ '1.1.2' ],
14 silly audit   vite: [ '7.3.5' ],
14 silly audit   vitest: [ '4.1.9' ],
14 silly audit   'w3c-xmlserializer': [ '5.0.0' ],
14 silly audit   watchpack: [ '2.5.1' ],
14 silly audit   'weak-lru-cache': [ '1.2.2' ],
14 silly audit   'webidl-conversions': [ '8.0.1' ],
14 silly audit   'whatwg-mimetype': [ '5.0.0' ],
14 silly audit   'whatwg-url': [ '16.0.1' ],
14 silly audit   'why-is-node-running': [ '2.3.0' ],
14 silly audit   wrappy: [ '1.0.2' ],
14 silly audit   'xml-name-validator': [ '5.0.0' ],
14 silly audit   xmlchars: [ '2.2.0' ],
14 silly audit   y18n: [ '5.0.8' ],
14 silly audit   yargs: [ '18.0.0' ],
14 silly audit   'yargs-parser': [ '22.0.0' ],
14 silly audit   yoctocolors: [ '2.1.2' ],
14 silly audit   zod: [ '4.4.2' ],
14 silly audit   'zod-to-json-schema': [ '3.25.2' ],
14 silly audit   'zone.js': [ '0.16.2' ]
14 silly audit }
15 verbose reify failed optional dependency /opt/app-root/src/node_modules/vite/node_modules/@esbuild/win32-x64
16 silly reify mark deleted [
16 silly reify   '/opt/app-root/src/node_modules/vite/node_modules/@esbuild/win32-x64'
16 silly reify ]
17 verbose reify failed optional dependency /opt/app-root/src/node_modules/vite/node_modules/@esbuild/win32-ia32
18 silly reify mark deleted [
18 silly reify   '/opt/app-root/src/node_modules/vite/node_modules/@esbuild/win32-ia32'
18 silly reify ]
19 verbose reify failed optional dependency /opt/app-root/src/node_modules/vite/node_modules/@esbuild/win32-arm64
20 silly reify mark deleted [
20 silly reify   '/opt/app-root/src/node_modules/vite/node_modules/@esbuild/win32-arm64'
20 silly reify ]
21 verbose reify failed optional dependency /opt/app-root/src/node_modules/vite/node_modules/@esbuild/sunos-x64
22 silly reify mark deleted [
22 silly reify   '/opt/app-root/src/node_modules/vite/node_modules/@esbuild/sunos-x64'
22 silly reify ]
23 verbose reify failed optional dependency /opt/app-root/src/node_modules/vite/node_modules/@esbuild/openharmony-arm64
24 silly reify mark deleted [
24 silly reify   '/opt/app-root/src/node_modules/vite/node_modules/@esbuild/openharmony-arm64'
24 silly reify ]
25 verbose reify failed optional dependency /opt/app-root/src/node_modules/vite/node_modules/@esbuild/openbsd-x64
26 silly reify mark deleted [
26 silly reify   '/opt/app-root/src/node_modules/vite/node_modules/@esbuild/openbsd-x64'
26 silly reify ]
27 verbose reify failed optional dependency /opt/app-root/src/node_modules/vite/node_modules/@esbuild/openbsd-arm64
28 silly reify mark deleted [
28 silly reify   '/opt/app-root/src/node_modules/vite/node_modules/@esbuild/openbsd-arm64'
28 silly reify ]
29 verbose reify failed optional dependency /opt/app-root/src/node_modules/vite/node_modules/@esbuild/netbsd-x64
30 silly reify mark deleted [
30 silly reify   '/opt/app-root/src/node_modules/vite/node_modules/@esbuild/netbsd-x64'
30 silly reify ]
31 verbose reify failed optional dependency /opt/app-root/src/node_modules/vite/node_modules/@esbuild/netbsd-arm64
32 silly reify mark deleted [
32 silly reify   '/opt/app-root/src/node_modules/vite/node_modules/@esbuild/netbsd-arm64'
32 silly reify ]
33 verbose reify failed optional dependency /opt/app-root/src/node_modules/vite/node_modules/@esbuild/linux-s390x
34 silly reify mark deleted [
34 silly reify   '/opt/app-root/src/node_modules/vite/node_modules/@esbuild/linux-s390x'
34 silly reify ]
35 verbose reify failed optional dependency /opt/app-root/src/node_modules/vite/node_modules/@esbuild/linux-riscv64
36 silly reify mark deleted [
36 silly reify   '/opt/app-root/src/node_modules/vite/node_modules/@esbuild/linux-riscv64'
36 silly reify ]
37 verbose reify failed optional dependency /opt/app-root/src/node_modules/vite/node_modules/@esbuild/linux-ppc64
38 silly reify mark deleted [
38 silly reify   '/opt/app-root/src/node_modules/vite/node_modules/@esbuild/linux-ppc64'
38 silly reify ]
39 verbose reify failed optional dependency /opt/app-root/src/node_modules/vite/node_modules/@esbuild/linux-mips64el
40 silly reify mark deleted [
40 silly reify   '/opt/app-root/src/node_modules/vite/node_modules/@esbuild/linux-mips64el'
40 silly reify ]
41 verbose reify failed optional dependency /opt/app-root/src/node_modules/vite/node_modules/@esbuild/linux-loong64
42 silly reify mark deleted [
42 silly reify   '/opt/app-root/src/node_modules/vite/node_modules/@esbuild/linux-loong64'
42 silly reify ]
43 verbose reify failed optional dependency /opt/app-root/src/node_modules/vite/node_modules/@esbuild/linux-ia32
44 silly reify mark deleted [
44 silly reify   '/opt/app-root/src/node_modules/vite/node_modules/@esbuild/linux-ia32'
44 silly reify ]
45 verbose reify failed optional dependency /opt/app-root/src/node_modules/vite/node_modules/@esbuild/linux-arm64
46 silly reify mark deleted [
46 silly reify   '/opt/app-root/src/node_modules/vite/node_modules/@esbuild/linux-arm64'
46 silly reify ]
47 verbose reify failed optional dependency /opt/app-root/src/node_modules/vite/node_modules/@esbuild/linux-arm
48 silly reify mark deleted [
48 silly reify   '/opt/app-root/src/node_modules/vite/node_modules/@esbuild/linux-arm'
48 silly reify ]
49 verbose reify failed optional dependency /opt/app-root/src/node_modules/vite/node_modules/@esbuild/freebsd-x64
50 silly reify mark deleted [
50 silly reify   '/opt/app-root/src/node_modules/vite/node_modules/@esbuild/freebsd-x64'
50 silly reify ]
51 verbose reify failed optional dependency /opt/app-root/src/node_modules/vite/node_modules/@esbuild/freebsd-arm64
52 silly reify mark deleted [
52 silly reify   '/opt/app-root/src/node_modules/vite/node_modules/@esbuild/freebsd-arm64'
52 silly reify ]
53 verbose reify failed optional dependency /opt/app-root/src/node_modules/vite/node_modules/@esbuild/darwin-x64
54 silly reify mark deleted [
54 silly reify   '/opt/app-root/src/node_modules/vite/node_modules/@esbuild/darwin-x64'
54 silly reify ]
55 verbose reify failed optional dependency /opt/app-root/src/node_modules/vite/node_modules/@esbuild/darwin-arm64
56 silly reify mark deleted [
56 silly reify   '/opt/app-root/src/node_modules/vite/node_modules/@esbuild/darwin-arm64'
56 silly reify ]
57 verbose reify failed optional dependency /opt/app-root/src/node_modules/vite/node_modules/@esbuild/android-x64
58 silly reify mark deleted [
58 silly reify   '/opt/app-root/src/node_modules/vite/node_modules/@esbuild/android-x64'
58 silly reify ]
59 verbose reify failed optional dependency /opt/app-root/src/node_modules/vite/node_modules/@esbuild/android-arm64
60 silly reify mark deleted [
60 silly reify   '/opt/app-root/src/node_modules/vite/node_modules/@esbuild/android-arm64'
60 silly reify ]
61 verbose reify failed optional dependency /opt/app-root/src/node_modules/vite/node_modules/@esbuild/android-arm
62 silly reify mark deleted [
62 silly reify   '/opt/app-root/src/node_modules/vite/node_modules/@esbuild/android-arm'
62 silly reify ]
63 verbose reify failed optional dependency /opt/app-root/src/node_modules/vite/node_modules/@esbuild/aix-ppc64
64 silly reify mark deleted [
64 silly reify   '/opt/app-root/src/node_modules/vite/node_modules/@esbuild/aix-ppc64'
64 silly reify ]
65 verbose reify failed optional dependency /opt/app-root/src/node_modules/fsevents
66 silly reify mark deleted [ '/opt/app-root/src/node_modules/fsevents' ]
67 verbose reify failed optional dependency /opt/app-root/src/node_modules/@rollup/rollup-win32-x64-msvc
68 silly reify mark deleted [ '/opt/app-root/src/node_modules/@rollup/rollup-win32-x64-msvc' ]
69 verbose reify failed optional dependency /opt/app-root/src/node_modules/@rollup/rollup-win32-x64-gnu
70 silly reify mark deleted [ '/opt/app-root/src/node_modules/@rollup/rollup-win32-x64-gnu' ]
71 verbose reify failed optional dependency /opt/app-root/src/node_modules/@rollup/rollup-win32-ia32-msvc
72 silly reify mark deleted [ '/opt/app-root/src/node_modules/@rollup/rollup-win32-ia32-msvc' ]
73 verbose reify failed optional dependency /opt/app-root/src/node_modules/@rollup/rollup-win32-arm64-msvc
74 silly reify mark deleted [ '/opt/app-root/src/node_modules/@rollup/rollup-win32-arm64-msvc' ]
75 verbose reify failed optional dependency /opt/app-root/src/node_modules/@rollup/rollup-openharmony-arm64
76 silly reify mark deleted [ '/opt/app-root/src/node_modules/@rollup/rollup-openharmony-arm64' ]
77 verbose reify failed optional dependency /opt/app-root/src/node_modules/@rollup/rollup-openbsd-x64
78 silly reify mark deleted [ '/opt/app-root/src/node_modules/@rollup/rollup-openbsd-x64' ]
79 verbose reify failed optional dependency /opt/app-root/src/node_modules/@rollup/rollup-linux-x64-musl
80 silly reify mark deleted [ '/opt/app-root/src/node_modules/@rollup/rollup-linux-x64-musl' ]
81 verbose reify failed optional dependency /opt/app-root/src/node_modules/@rollup/rollup-linux-s390x-gnu
82 silly reify mark deleted [ '/opt/app-root/src/node_modules/@rollup/rollup-linux-s390x-gnu' ]
83 verbose reify failed optional dependency /opt/app-root/src/node_modules/@rollup/rollup-linux-riscv64-musl
84 silly reify mark deleted [ '/opt/app-root/src/node_modules/@rollup/rollup-linux-riscv64-musl' ]
85 verbose reify failed optional dependency /opt/app-root/src/node_modules/@rollup/rollup-linux-riscv64-gnu
86 silly reify mark deleted [ '/opt/app-root/src/node_modules/@rollup/rollup-linux-riscv64-gnu' ]
87 verbose reify failed optional dependency /opt/app-root/src/node_modules/@rollup/rollup-linux-ppc64-musl
88 silly reify mark deleted [ '/opt/app-root/src/node_modules/@rollup/rollup-linux-ppc64-musl' ]
89 verbose reify failed optional dependency /opt/app-root/src/node_modules/@rollup/rollup-linux-ppc64-gnu
90 silly reify mark deleted [ '/opt/app-root/src/node_modules/@rollup/rollup-linux-ppc64-gnu' ]
91 verbose reify failed optional dependency /opt/app-root/src/node_modules/@rollup/rollup-linux-loong64-musl
92 silly reify mark deleted [ '/opt/app-root/src/node_modules/@rollup/rollup-linux-loong64-musl' ]
93 verbose reify failed optional dependency /opt/app-root/src/node_modules/@rollup/rollup-linux-loong64-gnu
94 silly reify mark deleted [ '/opt/app-root/src/node_modules/@rollup/rollup-linux-loong64-gnu' ]
95 verbose reify failed optional dependency /opt/app-root/src/node_modules/@rollup/rollup-linux-arm64-musl
96 silly reify mark deleted [ '/opt/app-root/src/node_modules/@rollup/rollup-linux-arm64-musl' ]
97 verbose reify failed optional dependency /opt/app-root/src/node_modules/@rollup/rollup-linux-arm64-gnu
98 silly reify mark deleted [ '/opt/app-root/src/node_modules/@rollup/rollup-linux-arm64-gnu' ]
99 verbose reify failed optional dependency /opt/app-root/src/node_modules/@rollup/rollup-linux-arm-musleabihf
100 silly reify mark deleted [
100 silly reify   '/opt/app-root/src/node_modules/@rollup/rollup-linux-arm-musleabihf'
100 silly reify ]
101 verbose reify failed optional dependency /opt/app-root/src/node_modules/@rollup/rollup-linux-arm-gnueabihf
102 silly reify mark deleted [ '/opt/app-root/src/node_modules/@rollup/rollup-linux-arm-gnueabihf' ]
103 verbose reify failed optional dependency /opt/app-root/src/node_modules/@rollup/rollup-freebsd-x64
104 silly reify mark deleted [ '/opt/app-root/src/node_modules/@rollup/rollup-freebsd-x64' ]
105 verbose reify failed optional dependency /opt/app-root/src/node_modules/@rollup/rollup-freebsd-arm64
106 silly reify mark deleted [ '/opt/app-root/src/node_modules/@rollup/rollup-freebsd-arm64' ]
107 verbose reify failed optional dependency /opt/app-root/src/node_modules/@rollup/rollup-darwin-x64
108 silly reify mark deleted [ '/opt/app-root/src/node_modules/@rollup/rollup-darwin-x64' ]
109 verbose reify failed optional dependency /opt/app-root/src/node_modules/@rollup/rollup-darwin-arm64
110 silly reify mark deleted [ '/opt/app-root/src/node_modules/@rollup/rollup-darwin-arm64' ]
111 verbose reify failed optional dependency /opt/app-root/src/node_modules/@rollup/rollup-android-arm64
112 silly reify mark deleted [ '/opt/app-root/src/node_modules/@rollup/rollup-android-arm64' ]
113 verbose reify failed optional dependency /opt/app-root/src/node_modules/@rollup/rollup-android-arm-eabi
114 silly reify mark deleted [ '/opt/app-root/src/node_modules/@rollup/rollup-android-arm-eabi' ]
115 verbose reify failed optional dependency /opt/app-root/src/node_modules/@parcel/watcher-win32-x64
116 silly reify mark deleted [ '/opt/app-root/src/node_modules/@parcel/watcher-win32-x64' ]
117 verbose reify failed optional dependency /opt/app-root/src/node_modules/@parcel/watcher-win32-ia32
118 silly reify mark deleted [ '/opt/app-root/src/node_modules/@parcel/watcher-win32-ia32' ]
119 verbose reify failed optional dependency /opt/app-root/src/node_modules/@parcel/watcher-win32-arm64
120 silly reify mark deleted [ '/opt/app-root/src/node_modules/@parcel/watcher-win32-arm64' ]
121 verbose reify failed optional dependency /opt/app-root/src/node_modules/@parcel/watcher-linux-x64-musl
122 silly reify mark deleted [ '/opt/app-root/src/node_modules/@parcel/watcher-linux-x64-musl' ]
123 verbose reify failed optional dependency /opt/app-root/src/node_modules/@parcel/watcher-linux-arm64-musl
124 silly reify mark deleted [ '/opt/app-root/src/node_modules/@parcel/watcher-linux-arm64-musl' ]
125 verbose reify failed optional dependency /opt/app-root/src/node_modules/@parcel/watcher-linux-arm64-glibc
126 silly reify mark deleted [ '/opt/app-root/src/node_modules/@parcel/watcher-linux-arm64-glibc' ]
127 verbose reify failed optional dependency /opt/app-root/src/node_modules/@parcel/watcher-linux-arm-musl
128 silly reify mark deleted [ '/opt/app-root/src/node_modules/@parcel/watcher-linux-arm-musl' ]
129 verbose reify failed optional dependency /opt/app-root/src/node_modules/@parcel/watcher-linux-arm-glibc
130 silly reify mark deleted [ '/opt/app-root/src/node_modules/@parcel/watcher-linux-arm-glibc' ]
131 verbose reify failed optional dependency /opt/app-root/src/node_modules/@parcel/watcher-freebsd-x64
132 silly reify mark deleted [ '/opt/app-root/src/node_modules/@parcel/watcher-freebsd-x64' ]
133 verbose reify failed optional dependency /opt/app-root/src/node_modules/@parcel/watcher-darwin-x64
134 silly reify mark deleted [ '/opt/app-root/src/node_modules/@parcel/watcher-darwin-x64' ]
135 verbose reify failed optional dependency /opt/app-root/src/node_modules/@parcel/watcher-darwin-arm64
136 silly reify mark deleted [ '/opt/app-root/src/node_modules/@parcel/watcher-darwin-arm64' ]
137 verbose reify failed optional dependency /opt/app-root/src/node_modules/@parcel/watcher-android-arm64
138 silly reify mark deleted [ '/opt/app-root/src/node_modules/@parcel/watcher-android-arm64' ]
139 verbose reify failed optional dependency /opt/app-root/src/node_modules/@napi-rs/nice-win32-x64-msvc
140 silly reify mark deleted [ '/opt/app-root/src/node_modules/@napi-rs/nice-win32-x64-msvc' ]
141 verbose reify failed optional dependency /opt/app-root/src/node_modules/@napi-rs/nice-win32-ia32-msvc
142 silly reify mark deleted [ '/opt/app-root/src/node_modules/@napi-rs/nice-win32-ia32-msvc' ]
143 verbose reify failed optional dependency /opt/app-root/src/node_modules/@napi-rs/nice-win32-arm64-msvc
144 silly reify mark deleted [ '/opt/app-root/src/node_modules/@napi-rs/nice-win32-arm64-msvc' ]
145 verbose reify failed optional dependency /opt/app-root/src/node_modules/@napi-rs/nice-openharmony-arm64
146 silly reify mark deleted [ '/opt/app-root/src/node_modules/@napi-rs/nice-openharmony-arm64' ]
147 verbose reify failed optional dependency /opt/app-root/src/node_modules/@napi-rs/nice-linux-x64-musl
148 silly reify mark deleted [ '/opt/app-root/src/node_modules/@napi-rs/nice-linux-x64-musl' ]
149 verbose reify failed optional dependency /opt/app-root/src/node_modules/@napi-rs/nice-linux-s390x-gnu
150 silly reify mark deleted [ '/opt/app-root/src/node_modules/@napi-rs/nice-linux-s390x-gnu' ]
151 verbose reify failed optional dependency /opt/app-root/src/node_modules/@napi-rs/nice-linux-riscv64-gnu
152 silly reify mark deleted [ '/opt/app-root/src/node_modules/@napi-rs/nice-linux-riscv64-gnu' ]
153 verbose reify failed optional dependency /opt/app-root/src/node_modules/@napi-rs/nice-linux-ppc64-gnu
154 silly reify mark deleted [ '/opt/app-root/src/node_modules/@napi-rs/nice-linux-ppc64-gnu' ]
155 verbose reify failed optional dependency /opt/app-root/src/node_modules/@napi-rs/nice-linux-arm64-musl
156 silly reify mark deleted [ '/opt/app-root/src/node_modules/@napi-rs/nice-linux-arm64-musl' ]
157 verbose reify failed optional dependency /opt/app-root/src/node_modules/@napi-rs/nice-linux-arm64-gnu
158 silly reify mark deleted [ '/opt/app-root/src/node_modules/@napi-rs/nice-linux-arm64-gnu' ]
159 verbose reify failed optional dependency /opt/app-root/src/node_modules/@napi-rs/nice-linux-arm-gnueabihf
160 silly reify mark deleted [ '/opt/app-root/src/node_modules/@napi-rs/nice-linux-arm-gnueabihf' ]
161 verbose reify failed optional dependency /opt/app-root/src/node_modules/@napi-rs/nice-freebsd-x64
162 silly reify mark deleted [ '/opt/app-root/src/node_modules/@napi-rs/nice-freebsd-x64' ]
163 verbose reify failed optional dependency /opt/app-root/src/node_modules/@napi-rs/nice-darwin-x64
164 silly reify mark deleted [ '/opt/app-root/src/node_modules/@napi-rs/nice-darwin-x64' ]
165 verbose reify failed optional dependency /opt/app-root/src/node_modules/@napi-rs/nice-darwin-arm64
166 silly reify mark deleted [ '/opt/app-root/src/node_modules/@napi-rs/nice-darwin-arm64' ]
167 verbose reify failed optional dependency /opt/app-root/src/node_modules/@napi-rs/nice-android-arm64
168 silly reify mark deleted [ '/opt/app-root/src/node_modules/@napi-rs/nice-android-arm64' ]
169 verbose reify failed optional dependency /opt/app-root/src/node_modules/@napi-rs/nice-android-arm-eabi
170 silly reify mark deleted [ '/opt/app-root/src/node_modules/@napi-rs/nice-android-arm-eabi' ]
171 verbose reify failed optional dependency /opt/app-root/src/node_modules/@msgpackr-extract/msgpackr-extract-win32-x64
172 silly reify mark deleted [
172 silly reify   '/opt/app-root/src/node_modules/@msgpackr-extract/msgpackr-extract-win32-x64'
172 silly reify ]
173 verbose reify failed optional dependency /opt/app-root/src/node_modules/@msgpackr-extract/msgpackr-extract-linux-arm64
174 silly reify mark deleted [
174 silly reify   '/opt/app-root/src/node_modules/@msgpackr-extract/msgpackr-extract-linux-arm64'
174 silly reify ]
175 verbose reify failed optional dependency /opt/app-root/src/node_modules/@msgpackr-extract/msgpackr-extract-linux-arm
176 silly reify mark deleted [
176 silly reify   '/opt/app-root/src/node_modules/@msgpackr-extract/msgpackr-extract-linux-arm'
176 silly reify ]
177 verbose reify failed optional dependency /opt/app-root/src/node_modules/@msgpackr-extract/msgpackr-extract-darwin-x64
178 silly reify mark deleted [
178 silly reify   '/opt/app-root/src/node_modules/@msgpackr-extract/msgpackr-extract-darwin-x64'
178 silly reify ]
179 verbose reify failed optional dependency /opt/app-root/src/node_modules/@msgpackr-extract/msgpackr-extract-darwin-arm64
180 silly reify mark deleted [
180 silly reify   '/opt/app-root/src/node_modules/@msgpackr-extract/msgpackr-extract-darwin-arm64'
180 silly reify ]
181 verbose reify failed optional dependency /opt/app-root/src/node_modules/@lmdb/lmdb-win32-x64
182 silly reify mark deleted [ '/opt/app-root/src/node_modules/@lmdb/lmdb-win32-x64' ]
183 verbose reify failed optional dependency /opt/app-root/src/node_modules/@lmdb/lmdb-win32-arm64
184 silly reify mark deleted [ '/opt/app-root/src/node_modules/@lmdb/lmdb-win32-arm64' ]
185 verbose reify failed optional dependency /opt/app-root/src/node_modules/@lmdb/lmdb-linux-arm64
186 silly reify mark deleted [ '/opt/app-root/src/node_modules/@lmdb/lmdb-linux-arm64' ]
187 verbose reify failed optional dependency /opt/app-root/src/node_modules/@lmdb/lmdb-linux-arm
188 silly reify mark deleted [ '/opt/app-root/src/node_modules/@lmdb/lmdb-linux-arm' ]
189 verbose reify failed optional dependency /opt/app-root/src/node_modules/@lmdb/lmdb-darwin-x64
190 silly reify mark deleted [ '/opt/app-root/src/node_modules/@lmdb/lmdb-darwin-x64' ]
191 verbose reify failed optional dependency /opt/app-root/src/node_modules/@lmdb/lmdb-darwin-arm64
192 silly reify mark deleted [ '/opt/app-root/src/node_modules/@lmdb/lmdb-darwin-arm64' ]
193 verbose reify failed optional dependency /opt/app-root/src/node_modules/@esbuild/win32-x64
194 silly reify mark deleted [ '/opt/app-root/src/node_modules/@esbuild/win32-x64' ]
195 verbose reify failed optional dependency /opt/app-root/src/node_modules/@esbuild/win32-ia32
196 silly reify mark deleted [ '/opt/app-root/src/node_modules/@esbuild/win32-ia32' ]
197 verbose reify failed optional dependency /opt/app-root/src/node_modules/@esbuild/win32-arm64
198 silly reify mark deleted [ '/opt/app-root/src/node_modules/@esbuild/win32-arm64' ]
199 verbose reify failed optional dependency /opt/app-root/src/node_modules/@esbuild/sunos-x64
200 silly reify mark deleted [ '/opt/app-root/src/node_modules/@esbuild/sunos-x64' ]
201 verbose reify failed optional dependency /opt/app-root/src/node_modules/@esbuild/openharmony-arm64
202 silly reify mark deleted [ '/opt/app-root/src/node_modules/@esbuild/openharmony-arm64' ]
203 verbose reify failed optional dependency /opt/app-root/src/node_modules/@esbuild/openbsd-x64
204 silly reify mark deleted [ '/opt/app-root/src/node_modules/@esbuild/openbsd-x64' ]
205 verbose reify failed optional dependency /opt/app-root/src/node_modules/@esbuild/openbsd-arm64
206 silly reify mark deleted [ '/opt/app-root/src/node_modules/@esbuild/openbsd-arm64' ]
207 verbose reify failed optional dependency /opt/app-root/src/node_modules/@esbuild/netbsd-x64
208 silly reify mark deleted [ '/opt/app-root/src/node_modules/@esbuild/netbsd-x64' ]
209 verbose reify failed optional dependency /opt/app-root/src/node_modules/@esbuild/netbsd-arm64
210 silly reify mark deleted [ '/opt/app-root/src/node_modules/@esbuild/netbsd-arm64' ]
211 verbose reify failed optional dependency /opt/app-root/src/node_modules/@esbuild/linux-s390x
212 silly reify mark deleted [ '/opt/app-root/src/node_modules/@esbuild/linux-s390x' ]
213 verbose reify failed optional dependency /opt/app-root/src/node_modules/@esbuild/linux-riscv64
214 silly reify mark deleted [ '/opt/app-root/src/node_modules/@esbuild/linux-riscv64' ]
215 verbose reify failed optional dependency /opt/app-root/src/node_modules/@esbuild/linux-ppc64
216 silly reify mark deleted [ '/opt/app-root/src/node_modules/@esbuild/linux-ppc64' ]
217 verbose reify failed optional dependency /opt/app-root/src/node_modules/@esbuild/linux-mips64el
218 silly reify mark deleted [ '/opt/app-root/src/node_modules/@esbuild/linux-mips64el' ]
219 verbose reify failed optional dependency /opt/app-root/src/node_modules/@esbuild/linux-loong64
220 silly reify mark deleted [ '/opt/app-root/src/node_modules/@esbuild/linux-loong64' ]
221 verbose reify failed optional dependency /opt/app-root/src/node_modules/@esbuild/linux-ia32
222 silly reify mark deleted [ '/opt/app-root/src/node_modules/@esbuild/linux-ia32' ]
223 verbose reify failed optional dependency /opt/app-root/src/node_modules/@esbuild/linux-arm64
224 silly reify mark deleted [ '/opt/app-root/src/node_modules/@esbuild/linux-arm64' ]
225 verbose reify failed optional dependency /opt/app-root/src/node_modules/@esbuild/linux-arm
226 silly reify mark deleted [ '/opt/app-root/src/node_modules/@esbuild/linux-arm' ]
227 verbose reify failed optional dependency /opt/app-root/src/node_modules/@esbuild/freebsd-x64
228 silly reify mark deleted [ '/opt/app-root/src/node_modules/@esbuild/freebsd-x64' ]
229 verbose reify failed optional dependency /opt/app-root/src/node_modules/@esbuild/freebsd-arm64
230 silly reify mark deleted [ '/opt/app-root/src/node_modules/@esbuild/freebsd-arm64' ]
231 verbose reify failed optional dependency /opt/app-root/src/node_modules/@esbuild/darwin-x64
232 silly reify mark deleted [ '/opt/app-root/src/node_modules/@esbuild/darwin-x64' ]
233 verbose reify failed optional dependency /opt/app-root/src/node_modules/@esbuild/darwin-arm64
234 silly reify mark deleted [ '/opt/app-root/src/node_modules/@esbuild/darwin-arm64' ]
235 verbose reify failed optional dependency /opt/app-root/src/node_modules/@esbuild/android-x64
236 silly reify mark deleted [ '/opt/app-root/src/node_modules/@esbuild/android-x64' ]
237 verbose reify failed optional dependency /opt/app-root/src/node_modules/@esbuild/android-arm64
238 silly reify mark deleted [ '/opt/app-root/src/node_modules/@esbuild/android-arm64' ]
239 verbose reify failed optional dependency /opt/app-root/src/node_modules/@esbuild/android-arm
240 silly reify mark deleted [ '/opt/app-root/src/node_modules/@esbuild/android-arm' ]
241 verbose reify failed optional dependency /opt/app-root/src/node_modules/@esbuild/aix-ppc64
242 silly reify mark deleted [ '/opt/app-root/src/node_modules/@esbuild/aix-ppc64' ]
243 http cache zod-to-json-schema@https://registry.npmjs.org/zod-to-json-schema/-/zod-to-json-schema-3.25.2.tgz 1ms (cache hit)
244 http cache zone.js@https://registry.npmjs.org/zone.js/-/zone.js-0.16.2.tgz 0ms (cache hit)
245 http cache zod@https://registry.npmjs.org/zod/-/zod-4.4.2.tgz 0ms (cache hit)
246 http cache yoctocolors@https://registry.npmjs.org/yoctocolors/-/yoctocolors-2.1.2.tgz 0ms (cache hit)
247 http cache yargs-parser@https://registry.npmjs.org/yargs-parser/-/yargs-parser-22.0.0.tgz 0ms (cache hit)
248 http cache yargs@https://registry.npmjs.org/yargs/-/yargs-18.0.0.tgz 0ms (cache hit)
249 http cache yallist@https://registry.npmjs.org/yallist/-/yallist-3.1.1.tgz 0ms (cache hit)
250 http cache y18n@https://registry.npmjs.org/y18n/-/y18n-5.0.8.tgz 0ms (cache hit)
251 http cache xmlchars@https://registry.npmjs.org/xmlchars/-/xmlchars-2.2.0.tgz 1ms (cache hit)
252 http cache xml-name-validator@https://registry.npmjs.org/xml-name-validator/-/xml-name-validator-5.0.0.tgz 0ms (cache hit)
253 http cache wrappy@https://registry.npmjs.org/wrappy/-/wrappy-1.0.2.tgz 0ms (cache hit)
254 http cache wrap-ansi@https://registry.npmjs.org/wrap-ansi/-/wrap-ansi-10.0.0.tgz 0ms (cache hit)
255 http cache why-is-node-running@https://registry.npmjs.org/why-is-node-running/-/why-is-node-running-2.3.0.tgz 0ms (cache hit)
256 http cache which@https://registry.npmjs.org/which/-/which-2.0.2.tgz 0ms (cache hit)
257 http cache whatwg-url@https://registry.npmjs.org/whatwg-url/-/whatwg-url-16.0.1.tgz 0ms (cache hit)
258 http cache whatwg-mimetype@https://registry.npmjs.org/whatwg-mimetype/-/whatwg-mimetype-5.0.0.tgz 0ms (cache hit)
259 http cache webidl-conversions@https://registry.npmjs.org/webidl-conversions/-/webidl-conversions-8.0.1.tgz 0ms (cache hit)
260 http cache weak-lru-cache@https://registry.npmjs.org/weak-lru-cache/-/weak-lru-cache-1.2.2.tgz 0ms (cache hit)
261 http cache watchpack@https://registry.npmjs.org/watchpack/-/watchpack-2.5.1.tgz 0ms (cache hit)
262 http cache w3c-xmlserializer@https://registry.npmjs.org/w3c-xmlserializer/-/w3c-xmlserializer-5.0.0.tgz 0ms (cache hit)
263 http cache vitest@https://registry.npmjs.org/vitest/-/vitest-4.1.9.tgz 0ms (cache hit)
264 http cache vite@https://registry.npmjs.org/vite/-/vite-7.3.5.tgz 0ms (cache hit)
265 http cache vary@https://registry.npmjs.org/vary/-/vary-1.1.2.tgz 0ms (cache hit)
266 http cache validate-npm-package-name@https://registry.npmjs.org/validate-npm-package-name/-/validate-npm-package-name-7.0.2.tgz 0ms (cache hit)
267 http cache update-browserslist-db@https://registry.npmjs.org/update-browserslist-db/-/update-browserslist-db-1.2.3.tgz 0ms (cache hit)
268 http cache unpipe@https://registry.npmjs.org/unpipe/-/unpipe-1.0.0.tgz 0ms (cache hit)
269 http cache undici@https://registry.npmjs.org/undici/-/undici-7.28.0.tgz 0ms (cache hit)
270 http cache typescript@https://registry.npmjs.org/typescript/-/typescript-6.0.3.tgz 0ms (cache hit)
271 http cache type-is@https://registry.npmjs.org/type-is/-/type-is-2.1.0.tgz 0ms (cache hit)
272 http cache tuf-js@https://registry.npmjs.org/tuf-js/-/tuf-js-4.1.0.tgz 0ms (cache hit)
273 http cache tslib@https://registry.npmjs.org/tslib/-/tslib-2.8.1.tgz 0ms (cache hit)
274 http cache tr46@https://registry.npmjs.org/tr46/-/tr46-6.0.0.tgz 0ms (cache hit)
275 http cache tough-cookie@https://registry.npmjs.org/tough-cookie/-/tough-cookie-6.0.1.tgz 0ms (cache hit)
276 http cache toidentifier@https://registry.npmjs.org/toidentifier/-/toidentifier-1.0.1.tgz 0ms (cache hit)
277 http cache tldts-core@https://registry.npmjs.org/tldts-core/-/tldts-core-7.4.4.tgz 0ms (cache hit)
278 http cache tldts@https://registry.npmjs.org/tldts/-/tldts-7.4.4.tgz 0ms (cache hit)
279 http cache tinyrainbow@https://registry.npmjs.org/tinyrainbow/-/tinyrainbow-3.1.0.tgz 0ms (cache hit)
280 http cache tinyglobby@https://registry.npmjs.org/tinyglobby/-/tinyglobby-0.2.16.tgz 0ms (cache hit)
281 http cache tinyexec@https://registry.npmjs.org/tinyexec/-/tinyexec-1.2.4.tgz 0ms (cache hit)
282 http cache tinybench@https://registry.npmjs.org/tinybench/-/tinybench-2.9.0.tgz 0ms (cache hit)
283 http cache tar@https://registry.npmjs.org/tar/-/tar-7.5.17.tgz 0ms (cache hit)
284 http cache symbol-tree@https://registry.npmjs.org/symbol-tree/-/symbol-tree-3.2.4.tgz 0ms (cache hit)
285 http cache strip-ansi@https://registry.npmjs.org/strip-ansi/-/strip-ansi-7.2.0.tgz 0ms (cache hit)
286 http cache string-width@https://registry.npmjs.org/string-width/-/string-width-8.2.1.tgz 0ms (cache hit)
287 http cache stdin-discarder@https://registry.npmjs.org/stdin-discarder/-/stdin-discarder-0.3.2.tgz 0ms (cache hit)
288 http cache std-env@https://registry.npmjs.org/std-env/-/std-env-4.1.0.tgz 0ms (cache hit)
289 http cache statuses@https://registry.npmjs.org/statuses/-/statuses-2.0.2.tgz 0ms (cache hit)
290 http cache stackback@https://registry.npmjs.org/stackback/-/stackback-0.0.2.tgz 0ms (cache hit)
291 http cache ssri@https://registry.npmjs.org/ssri/-/ssri-13.0.1.tgz 0ms (cache hit)
292 http cache spdx-license-ids@https://registry.npmjs.org/spdx-license-ids/-/spdx-license-ids-3.0.23.tgz 0ms (cache hit)
293 http cache spdx-expression-parse@https://registry.npmjs.org/spdx-expression-parse/-/spdx-expression-parse-4.0.0.tgz 0ms (cache hit)
294 http cache spdx-exceptions@https://registry.npmjs.org/spdx-exceptions/-/spdx-exceptions-2.5.0.tgz 0ms (cache hit)
295 http cache source-map-support@https://registry.npmjs.org/source-map-support/-/source-map-support-0.5.21.tgz 0ms (cache hit)
296 http cache source-map-js@https://registry.npmjs.org/source-map-js/-/source-map-js-1.2.1.tgz 0ms (cache hit)
297 http cache source-map@https://registry.npmjs.org/source-map/-/source-map-0.7.6.tgz 0ms (cache hit)
298 http cache socks-proxy-agent@https://registry.npmjs.org/socks-proxy-agent/-/socks-proxy-agent-8.0.5.tgz 0ms (cache hit)
299 http cache socks@https://registry.npmjs.org/socks/-/socks-2.8.9.tgz 0ms (cache hit)
300 http cache smart-buffer@https://registry.npmjs.org/smart-buffer/-/smart-buffer-4.2.0.tgz 0ms (cache hit)
301 http cache sigstore@https://registry.npmjs.org/sigstore/-/sigstore-4.1.1.tgz 0ms (cache hit)
302 http cache slice-ansi@https://registry.npmjs.org/slice-ansi/-/slice-ansi-8.0.0.tgz 0ms (cache hit)
303 http cache signal-exit@https://registry.npmjs.org/signal-exit/-/signal-exit-4.1.0.tgz 0ms (cache hit)
304 http cache siginfo@https://registry.npmjs.org/siginfo/-/siginfo-2.0.0.tgz 0ms (cache hit)
305 http cache side-channel-weakmap@https://registry.npmjs.org/side-channel-weakmap/-/side-channel-weakmap-1.0.2.tgz 0ms (cache hit)
306 http cache side-channel-map@https://registry.npmjs.org/side-channel-map/-/side-channel-map-1.0.1.tgz 0ms (cache hit)
307 http cache side-channel-list@https://registry.npmjs.org/side-channel-list/-/side-channel-list-1.0.1.tgz 0ms (cache hit)
308 http cache side-channel@https://registry.npmjs.org/side-channel/-/side-channel-1.1.1.tgz 0ms (cache hit)
309 http cache shebang-regex@https://registry.npmjs.org/shebang-regex/-/shebang-regex-3.0.0.tgz 0ms (cache hit)
310 http cache setprototypeof@https://registry.npmjs.org/setprototypeof/-/setprototypeof-1.2.0.tgz 0ms (cache hit)
311 http cache shebang-command@https://registry.npmjs.org/shebang-command/-/shebang-command-2.0.0.tgz 0ms (cache hit)
312 http cache serve-static@https://registry.npmjs.org/serve-static/-/serve-static-2.2.1.tgz 0ms (cache hit)
313 http cache send@https://registry.npmjs.org/send/-/send-1.2.1.tgz 0ms (cache hit)
314 http cache semver@https://registry.npmjs.org/semver/-/semver-7.7.4.tgz 0ms (cache hit)
315 http cache saxes@https://registry.npmjs.org/saxes/-/saxes-6.0.0.tgz 0ms (cache hit)
316 http cache sass@https://registry.npmjs.org/sass/-/sass-1.99.0.tgz 0ms (cache hit)
317 http cache safer-buffer@https://registry.npmjs.org/safer-buffer/-/safer-buffer-2.1.2.tgz 0ms (cache hit)
318 http cache rxjs@https://registry.npmjs.org/rxjs/-/rxjs-7.8.2.tgz 0ms (cache hit)
319 http cache router@https://registry.npmjs.org/router/-/router-2.2.0.tgz 0ms (cache hit)
320 http cache rollup@https://registry.npmjs.org/rollup/-/rollup-4.60.2.tgz 0ms (cache hit)
321 http cache rfdc@https://registry.npmjs.org/rfdc/-/rfdc-1.4.1.tgz 0ms (cache hit)
322 http cache restore-cursor@https://registry.npmjs.org/restore-cursor/-/restore-cursor-5.1.0.tgz 0ms (cache hit)
323 http cache require-from-string@https://registry.npmjs.org/require-from-string/-/require-from-string-2.0.2.tgz 0ms (cache hit)
324 http cache reflect-metadata@https://registry.npmjs.org/reflect-metadata/-/reflect-metadata-0.2.2.tgz 0ms (cache hit)
325 http cache readdirp@https://registry.npmjs.org/readdirp/-/readdirp-5.0.0.tgz 0ms (cache hit)
326 http cache raw-body@https://registry.npmjs.org/raw-body/-/raw-body-3.0.2.tgz 0ms (cache hit)
327 http cache range-parser@https://registry.npmjs.org/range-parser/-/range-parser-1.3.0.tgz 0ms (cache hit)
328 http cache qs@https://registry.npmjs.org/qs/-/qs-6.15.3.tgz 0ms (cache hit)
329 http cache punycode@https://registry.npmjs.org/punycode/-/punycode-2.3.1.tgz 0ms (cache hit)
330 http cache proxy-addr@https://registry.npmjs.org/proxy-addr/-/proxy-addr-2.0.7.tgz 0ms (cache hit)
331 http cache proc-log@https://registry.npmjs.org/proc-log/-/proc-log-6.1.0.tgz 0ms (cache hit)
332 http cache prettier@https://registry.npmjs.org/prettier/-/prettier-3.9.0.tgz 0ms (cache hit)
333 http cache postcss-safe-parser@https://registry.npmjs.org/postcss-safe-parser/-/postcss-safe-parser-7.0.1.tgz 0ms (cache hit)
334 http cache postcss-media-query-parser@https://registry.npmjs.org/postcss-media-query-parser/-/postcss-media-query-parser-0.2.3.tgz 0ms (cache hit)
335 http cache postcss@https://registry.npmjs.org/postcss/-/postcss-8.5.15.tgz 0ms (cache hit)
336 http cache pkce-challenge@https://registry.npmjs.org/pkce-challenge/-/pkce-challenge-5.0.1.tgz 0ms (cache hit)
337 http cache piscina@https://registry.npmjs.org/piscina/-/piscina-5.2.0.tgz 0ms (cache hit)
338 http cache picomatch@https://registry.npmjs.org/picomatch/-/picomatch-4.0.4.tgz 0ms (cache hit)
339 http cache picocolors@https://registry.npmjs.org/picocolors/-/picocolors-1.1.1.tgz 0ms (cache hit)
340 http cache pathe@https://registry.npmjs.org/pathe/-/pathe-2.0.3.tgz 0ms (cache hit)
341 http cache path-to-regexp@https://registry.npmjs.org/path-to-regexp/-/path-to-regexp-8.4.2.tgz 0ms (cache hit)
342 http cache path-scurry@https://registry.npmjs.org/path-scurry/-/path-scurry-2.0.2.tgz 0ms (cache hit)
343 http cache path-key@https://registry.npmjs.org/path-key/-/path-key-3.1.1.tgz 0ms (cache hit)
344 http cache parseurl@https://registry.npmjs.org/parseurl/-/parseurl-1.3.3.tgz 0ms (cache hit)
345 http cache parse5-sax-parser@https://registry.npmjs.org/parse5-sax-parser/-/parse5-sax-parser-8.0.0.tgz 0ms (cache hit)
346 http cache parse5-html-rewriting-stream@https://registry.npmjs.org/parse5-html-rewriting-stream/-/parse5-html-rewriting-stream-8.0.1.tgz 0ms (cache hit)
347 http cache parse5@https://registry.npmjs.org/parse5/-/parse5-8.0.1.tgz 0ms (cache hit)
348 http cache p-map@https://registry.npmjs.org/p-map/-/p-map-7.0.4.tgz 0ms (cache hit)
349 http cache pacote@https://registry.npmjs.org/pacote/-/pacote-21.5.1.tgz 0ms (cache hit)
350 http cache ordered-binary@https://registry.npmjs.org/ordered-binary/-/ordered-binary-1.6.1.tgz 0ms (cache hit)
351 http cache ora@https://registry.npmjs.org/ora/-/ora-9.4.0.tgz 0ms (cache hit)
352 http cache onetime@https://registry.npmjs.org/onetime/-/onetime-7.0.0.tgz 0ms (cache hit)
353 http cache once@https://registry.npmjs.org/once/-/once-1.4.0.tgz 0ms (cache hit)
354 http cache on-finished@https://registry.npmjs.org/on-finished/-/on-finished-2.4.1.tgz 0ms (cache hit)
355 http cache obug@https://registry.npmjs.org/obug/-/obug-2.1.3.tgz 0ms (cache hit)
356 http cache object-inspect@https://registry.npmjs.org/object-inspect/-/object-inspect-1.13.4.tgz 0ms (cache hit)
357 http cache object-assign@https://registry.npmjs.org/object-assign/-/object-assign-4.1.1.tgz 0ms (cache hit)
358 http cache nth-check@https://registry.npmjs.org/nth-check/-/nth-check-2.1.1.tgz 0ms (cache hit)
359 http cache npm-registry-fetch@https://registry.npmjs.org/npm-registry-fetch/-/npm-registry-fetch-19.1.1.tgz 0ms (cache hit)
360 http cache npm-pick-manifest@https://registry.npmjs.org/npm-pick-manifest/-/npm-pick-manifest-11.0.3.tgz 0ms (cache hit)
361 http cache npm-packlist@https://registry.npmjs.org/npm-packlist/-/npm-packlist-10.0.4.tgz 0ms (cache hit)
362 http cache npm-package-arg@https://registry.npmjs.org/npm-package-arg/-/npm-package-arg-13.0.2.tgz 0ms (cache hit)
363 http cache npm-normalize-package-bin@https://registry.npmjs.org/npm-normalize-package-bin/-/npm-normalize-package-bin-5.0.0.tgz 0ms (cache hit)
364 http cache npm-install-checks@https://registry.npmjs.org/npm-install-checks/-/npm-install-checks-8.0.0.tgz 0ms (cache hit)
365 http cache npm-bundled@https://registry.npmjs.org/npm-bundled/-/npm-bundled-5.0.0.tgz 0ms (cache hit)
366 http cache nopt@https://registry.npmjs.org/nopt/-/nopt-9.0.0.tgz 0ms (cache hit)
367 http cache node-releases@https://registry.npmjs.org/node-releases/-/node-releases-2.0.50.tgz 0ms (cache hit)
368 http cache node-gyp-build-optional-packages@https://registry.npmjs.org/node-gyp-build-optional-packages/-/node-gyp-build-optional-packages-5.2.2.tgz 0ms (cache hit)
369 http cache node-gyp@https://registry.npmjs.org/node-gyp/-/node-gyp-12.4.0.tgz 0ms (cache hit)
370 http cache node-addon-api@https://registry.npmjs.org/node-addon-api/-/node-addon-api-6.1.0.tgz 0ms (cache hit)
371 http cache negotiator@https://registry.npmjs.org/negotiator/-/negotiator-1.0.0.tgz 0ms (cache hit)
372 http cache nanoid@https://registry.npmjs.org/nanoid/-/nanoid-3.3.15.tgz 0ms (cache hit)
373 http cache msgpackr-extract@https://registry.npmjs.org/msgpackr-extract/-/msgpackr-extract-3.0.4.tgz 0ms (cache hit)
374 http cache mute-stream@https://registry.npmjs.org/mute-stream/-/mute-stream-3.0.0.tgz 0ms (cache hit)
375 http cache msgpackr@https://registry.npmjs.org/msgpackr/-/msgpackr-1.12.1.tgz 0ms (cache hit)
376 http cache ms@https://registry.npmjs.org/ms/-/ms-2.1.3.tgz 0ms (cache hit)
377 http cache mrmime@https://registry.npmjs.org/mrmime/-/mrmime-2.0.1.tgz 0ms (cache hit)
378 http cache minizlib@https://registry.npmjs.org/minizlib/-/minizlib-3.1.0.tgz 0ms (cache hit)
379 http cache minipass-sized@https://registry.npmjs.org/minipass-sized/-/minipass-sized-2.0.0.tgz 0ms (cache hit)
380 http cache minipass-pipeline@https://registry.npmjs.org/minipass-pipeline/-/minipass-pipeline-1.2.4.tgz 0ms (cache hit)
381 http cache minipass-flush@https://registry.npmjs.org/minipass-flush/-/minipass-flush-1.0.7.tgz 0ms (cache hit)
382 http cache minipass-fetch@https://registry.npmjs.org/minipass-fetch/-/minipass-fetch-5.0.2.tgz 0ms (cache hit)
383 http cache minipass-collect@https://registry.npmjs.org/minipass-collect/-/minipass-collect-2.0.1.tgz 0ms (cache hit)
384 http cache minipass@https://registry.npmjs.org/minipass/-/minipass-7.1.3.tgz 0ms (cache hit)
385 http cache minimatch@https://registry.npmjs.org/minimatch/-/minimatch-10.2.5.tgz 0ms (cache hit)
386 http cache mimic-function@https://registry.npmjs.org/mimic-function/-/mimic-function-5.0.1.tgz 0ms (cache hit)
387 http cache mime-types@https://registry.npmjs.org/mime-types/-/mime-types-3.0.2.tgz 0ms (cache hit)
388 http cache mime-db@https://registry.npmjs.org/mime-db/-/mime-db-1.54.0.tgz 0ms (cache hit)
389 http cache merge-descriptors@https://registry.npmjs.org/merge-descriptors/-/merge-descriptors-2.0.0.tgz 0ms (cache hit)
390 http cache media-typer@https://registry.npmjs.org/media-typer/-/media-typer-1.1.0.tgz 0ms (cache hit)
391 http cache mdn-data@https://registry.npmjs.org/mdn-data/-/mdn-data-2.27.1.tgz 0ms (cache hit)
392 http cache math-intrinsics@https://registry.npmjs.org/math-intrinsics/-/math-intrinsics-1.1.0.tgz 0ms (cache hit)
393 http cache make-fetch-happen@https://registry.npmjs.org/make-fetch-happen/-/make-fetch-happen-15.0.6.tgz 0ms (cache hit)
394 http cache magic-string@https://registry.npmjs.org/magic-string/-/magic-string-0.30.21.tgz 0ms (cache hit)
395 http cache lru-cache@https://registry.npmjs.org/lru-cache/-/lru-cache-5.1.1.tgz 0ms (cache hit)
396 http cache log-update@https://registry.npmjs.org/log-update/-/log-update-6.1.0.tgz 0ms (cache hit)
397 http cache log-symbols@https://registry.npmjs.org/log-symbols/-/log-symbols-7.0.1.tgz 0ms (cache hit)
398 http cache lmdb@https://registry.npmjs.org/lmdb/-/lmdb-3.5.4.tgz 0ms (cache hit)
399 http cache listr2@https://registry.npmjs.org/listr2/-/listr2-10.2.1.tgz 0ms (cache hit)
400 http cache jsonparse@https://registry.npmjs.org/jsonparse/-/jsonparse-1.3.1.tgz 0ms (cache hit)
401 http cache jsonc-parser@https://registry.npmjs.org/jsonc-parser/-/jsonc-parser-3.3.1.tgz 0ms (cache hit)
402 http cache json5@https://registry.npmjs.org/json5/-/json5-2.2.3.tgz 0ms (cache hit)
403 http cache json-schema-traverse@https://registry.npmjs.org/json-schema-traverse/-/json-schema-traverse-1.0.0.tgz 0ms (cache hit)
404 http cache json-schema-typed@https://registry.npmjs.org/json-schema-typed/-/json-schema-typed-8.0.2.tgz 0ms (cache hit)
405 http cache json-parse-even-better-errors@https://registry.npmjs.org/json-parse-even-better-errors/-/json-parse-even-better-errors-5.0.0.tgz 0ms (cache hit)
406 http cache jsesc@https://registry.npmjs.org/jsesc/-/jsesc-3.1.0.tgz 0ms (cache hit)
407 http cache jsdom@https://registry.npmjs.org/jsdom/-/jsdom-28.1.0.tgz 0ms (cache hit)
408 http cache js-tokens@https://registry.npmjs.org/js-tokens/-/js-tokens-4.0.0.tgz 0ms (cache hit)
409 http cache jose@https://registry.npmjs.org/jose/-/jose-6.2.3.tgz 0ms (cache hit)
410 http cache is-unicode-supported@https://registry.npmjs.org/is-unicode-supported/-/is-unicode-supported-2.1.0.tgz 0ms (cache hit)
411 http cache isexe@https://registry.npmjs.org/isexe/-/isexe-2.0.0.tgz 0ms (cache hit)
412 http cache is-promise@https://registry.npmjs.org/is-promise/-/is-promise-4.0.0.tgz 0ms (cache hit)
413 http cache is-potential-custom-element-name@https://registry.npmjs.org/is-potential-custom-element-name/-/is-potential-custom-element-name-1.0.1.tgz 0ms (cache hit)
414 http cache is-interactive@https://registry.npmjs.org/is-interactive/-/is-interactive-2.0.0.tgz 0ms (cache hit)
415 http cache is-glob@https://registry.npmjs.org/is-glob/-/is-glob-4.0.3.tgz 0ms (cache hit)
416 http cache is-fullwidth-code-point@https://registry.npmjs.org/is-fullwidth-code-point/-/is-fullwidth-code-point-5.1.0.tgz 0ms (cache hit)
417 http cache is-extglob@https://registry.npmjs.org/is-extglob/-/is-extglob-2.1.1.tgz 0ms (cache hit)
418 http cache ipaddr.js@https://registry.npmjs.org/ipaddr.js/-/ipaddr.js-1.9.1.tgz 0ms (cache hit)
419 http cache ip-address@https://registry.npmjs.org/ip-address/-/ip-address-10.2.0.tgz 0ms (cache hit)
420 http cache ini@https://registry.npmjs.org/ini/-/ini-6.0.0.tgz 0ms (cache hit)
421 http cache inherits@https://registry.npmjs.org/inherits/-/inherits-2.0.4.tgz 0ms (cache hit)
422 http cache ignore-walk@https://registry.npmjs.org/ignore-walk/-/ignore-walk-8.0.0.tgz 0ms (cache hit)
423 http cache immutable@https://registry.npmjs.org/immutable/-/immutable-5.1.8.tgz 0ms (cache hit)
424 http cache iconv-lite@https://registry.npmjs.org/iconv-lite/-/iconv-lite-0.7.2.tgz 0ms (cache hit)
425 http cache https-proxy-agent@https://registry.npmjs.org/https-proxy-agent/-/https-proxy-agent-9.0.0.tgz 0ms (cache hit)
426 http cache http-proxy-agent@https://registry.npmjs.org/http-proxy-agent/-/http-proxy-agent-7.0.2.tgz 0ms (cache hit)
427 http cache http-errors@https://registry.npmjs.org/http-errors/-/http-errors-2.0.1.tgz 0ms (cache hit)
428 http cache http-cache-semantics@https://registry.npmjs.org/http-cache-semantics/-/http-cache-semantics-4.2.0.tgz 0ms (cache hit)
429 http cache htmlparser2@https://registry.npmjs.org/htmlparser2/-/htmlparser2-10.1.0.tgz 0ms (cache hit)
430 http cache html-encoding-sniffer@https://registry.npmjs.org/html-encoding-sniffer/-/html-encoding-sniffer-6.0.0.tgz 0ms (cache hit)
431 http cache hosted-git-info@https://registry.npmjs.org/hosted-git-info/-/hosted-git-info-9.0.3.tgz 0ms (cache hit)
432 http cache hono@https://registry.npmjs.org/hono/-/hono-4.12.27.tgz 0ms (cache hit)
433 http cache hasown@https://registry.npmjs.org/hasown/-/hasown-2.0.4.tgz 0ms (cache hit)
434 http cache has-symbols@https://registry.npmjs.org/has-symbols/-/has-symbols-1.1.0.tgz 0ms (cache hit)
435 http cache graceful-fs@https://registry.npmjs.org/graceful-fs/-/graceful-fs-4.2.11.tgz 0ms (cache hit)
436 http cache gopd@https://registry.npmjs.org/gopd/-/gopd-1.2.0.tgz 0ms (cache hit)
437 http cache glob-to-regexp@https://registry.npmjs.org/glob-to-regexp/-/glob-to-regexp-0.4.1.tgz 0ms (cache hit)
438 http cache glob@https://registry.npmjs.org/glob/-/glob-13.0.6.tgz 0ms (cache hit)
439 http cache get-proto@https://registry.npmjs.org/get-proto/-/get-proto-1.0.1.tgz 0ms (cache hit)
440 http cache get-intrinsic@https://registry.npmjs.org/get-intrinsic/-/get-intrinsic-1.3.0.tgz 0ms (cache hit)
441 http cache get-east-asian-width@https://registry.npmjs.org/get-east-asian-width/-/get-east-asian-width-1.6.0.tgz 0ms (cache hit)
442 http cache get-caller-file@https://registry.npmjs.org/get-caller-file/-/get-caller-file-2.0.5.tgz 0ms (cache hit)
443 http cache gensync@https://registry.npmjs.org/gensync/-/gensync-1.0.0-beta.2.tgz 0ms (cache hit)
444 http cache function-bind@https://registry.npmjs.org/function-bind/-/function-bind-1.1.2.tgz 0ms (cache hit)
445 http cache fs-minipass@https://registry.npmjs.org/fs-minipass/-/fs-minipass-3.0.3.tgz 0ms (cache hit)
446 http cache fresh@https://registry.npmjs.org/fresh/-/fresh-2.0.0.tgz 0ms (cache hit)
447 http cache forwarded@https://registry.npmjs.org/forwarded/-/forwarded-0.2.0.tgz 0ms (cache hit)
448 http cache finalhandler@https://registry.npmjs.org/finalhandler/-/finalhandler-2.1.1.tgz 0ms (cache hit)
449 http cache fdir@https://registry.npmjs.org/fdir/-/fdir-6.5.0.tgz 0ms (cache hit)
450 http cache fast-wrap-ansi@https://registry.npmjs.org/fast-wrap-ansi/-/fast-wrap-ansi-0.2.2.tgz 0ms (cache hit)
451 http cache fast-uri@https://registry.npmjs.org/fast-uri/-/fast-uri-3.1.2.tgz 0ms (cache hit)
452 http cache fast-string-width@https://registry.npmjs.org/fast-string-width/-/fast-string-width-3.0.2.tgz 0ms (cache hit)
453 http cache fast-string-truncated-width@https://registry.npmjs.org/fast-string-truncated-width/-/fast-string-truncated-width-3.0.3.tgz 0ms (cache hit)
454 http cache fast-deep-equal@https://registry.npmjs.org/fast-deep-equal/-/fast-deep-equal-3.1.3.tgz 0ms (cache hit)
455 http cache express-rate-limit@https://registry.npmjs.org/express-rate-limit/-/express-rate-limit-8.5.2.tgz 0ms (cache hit)
456 http cache express@https://registry.npmjs.org/express/-/express-5.2.1.tgz 0ms (cache hit)
457 http cache exponential-backoff@https://registry.npmjs.org/exponential-backoff/-/exponential-backoff-3.1.3.tgz 0ms (cache hit)
458 http cache expect-type@https://registry.npmjs.org/expect-type/-/expect-type-1.4.0.tgz 0ms (cache hit)
459 http cache eventsource@https://registry.npmjs.org/eventsource/-/eventsource-3.0.7.tgz 0ms (cache hit)
460 http cache eventsource-parser@https://registry.npmjs.org/eventsource-parser/-/eventsource-parser-3.1.0.tgz 0ms (cache hit)
461 http cache eventemitter3@https://registry.npmjs.org/eventemitter3/-/eventemitter3-5.0.4.tgz 0ms (cache hit)
462 http cache etag@https://registry.npmjs.org/etag/-/etag-1.8.1.tgz 0ms (cache hit)
463 http cache estree-walker@https://registry.npmjs.org/estree-walker/-/estree-walker-3.0.3.tgz 0ms (cache hit)
464 http cache escape-html@https://registry.npmjs.org/escape-html/-/escape-html-1.0.3.tgz 0ms (cache hit)
465 http cache escalade@https://registry.npmjs.org/escalade/-/escalade-3.2.0.tgz 0ms (cache hit)
466 http cache esbuild@https://registry.npmjs.org/esbuild/-/esbuild-0.28.1.tgz 0ms (cache hit)
467 http cache es-object-atoms@https://registry.npmjs.org/es-object-atoms/-/es-object-atoms-1.1.2.tgz 0ms (cache hit)
468 http cache es-module-lexer@https://registry.npmjs.org/es-module-lexer/-/es-module-lexer-2.1.0.tgz 0ms (cache hit)
469 http cache es-define-property@https://registry.npmjs.org/es-define-property/-/es-define-property-1.0.1.tgz 0ms (cache hit)
470 http cache es-errors@https://registry.npmjs.org/es-errors/-/es-errors-1.3.0.tgz 0ms (cache hit)
471 http cache environment@https://registry.npmjs.org/environment/-/environment-1.1.0.tgz 0ms (cache hit)
472 http cache env-paths@https://registry.npmjs.org/env-paths/-/env-paths-2.2.1.tgz 0ms (cache hit)
473 http cache entities@https://registry.npmjs.org/entities/-/entities-4.5.0.tgz 0ms (cache hit)
474 http cache encodeurl@https://registry.npmjs.org/encodeurl/-/encodeurl-2.0.0.tgz 0ms (cache hit)
475 http cache emoji-regex@https://registry.npmjs.org/emoji-regex/-/emoji-regex-10.6.0.tgz 0ms (cache hit)
476 http cache electron-to-chromium@https://registry.npmjs.org/electron-to-chromium/-/electron-to-chromium-1.5.380.tgz 0ms (cache hit)
477 http cache ee-first@https://registry.npmjs.org/ee-first/-/ee-first-1.1.1.tgz 0ms (cache hit)
478 http cache dunder-proto@https://registry.npmjs.org/dunder-proto/-/dunder-proto-1.0.1.tgz 0ms (cache hit)
479 http cache domutils@https://registry.npmjs.org/domutils/-/domutils-3.2.2.tgz 0ms (cache hit)
480 http cache domhandler@https://registry.npmjs.org/domhandler/-/domhandler-5.0.3.tgz 0ms (cache hit)
481 http cache dom-serializer@https://registry.npmjs.org/dom-serializer/-/dom-serializer-2.0.0.tgz 0ms (cache hit)
482 http cache domelementtype@https://registry.npmjs.org/domelementtype/-/domelementtype-2.3.0.tgz 0ms (cache hit)
483 http cache depd@https://registry.npmjs.org/depd/-/depd-2.0.0.tgz 0ms (cache hit)
484 http cache detect-libc@https://registry.npmjs.org/detect-libc/-/detect-libc-2.1.2.tgz 0ms (cache hit)
485 http cache decimal.js@https://registry.npmjs.org/decimal.js/-/decimal.js-10.6.0.tgz 0ms (cache hit)
486 http cache debug@https://registry.npmjs.org/debug/-/debug-4.4.3.tgz 0ms (cache hit)
487 http cache data-urls@https://registry.npmjs.org/data-urls/-/data-urls-7.0.0.tgz 0ms (cache hit)
488 http cache cssstyle@https://registry.npmjs.org/cssstyle/-/cssstyle-6.2.0.tgz 0ms (cache hit)
489 http cache css-what@https://registry.npmjs.org/css-what/-/css-what-7.0.0.tgz 0ms (cache hit)
490 http cache css-tree@https://registry.npmjs.org/css-tree/-/css-tree-3.2.1.tgz 0ms (cache hit)
491 http cache css-select@https://registry.npmjs.org/css-select/-/css-select-6.0.0.tgz 0ms (cache hit)
492 http cache cross-spawn@https://registry.npmjs.org/cross-spawn/-/cross-spawn-7.0.6.tgz 0ms (cache hit)
493 http cache cors@https://registry.npmjs.org/cors/-/cors-2.8.6.tgz 0ms (cache hit)
494 http cache cookie-signature@https://registry.npmjs.org/cookie-signature/-/cookie-signature-1.2.2.tgz 0ms (cache hit)
495 http cache convert-source-map@https://registry.npmjs.org/convert-source-map/-/convert-source-map-1.9.0.tgz 0ms (cache hit)
496 http cache cookie@https://registry.npmjs.org/cookie/-/cookie-0.7.2.tgz 0ms (cache hit)
497 http cache content-type@https://registry.npmjs.org/content-type/-/content-type-1.0.5.tgz 0ms (cache hit)
498 http cache content-disposition@https://registry.npmjs.org/content-disposition/-/content-disposition-1.1.0.tgz 0ms (cache hit)
499 http cache cliui@https://registry.npmjs.org/cliui/-/cliui-9.0.1.tgz 0ms (cache hit)
500 http cache cli-width@https://registry.npmjs.org/cli-width/-/cli-width-4.1.0.tgz 0ms (cache hit)
501 http cache cli-truncate@https://registry.npmjs.org/cli-truncate/-/cli-truncate-5.2.0.tgz 0ms (cache hit)
502 http cache cli-spinners@https://registry.npmjs.org/cli-spinners/-/cli-spinners-3.4.0.tgz 0ms (cache hit)
503 http cache cli-cursor@https://registry.npmjs.org/cli-cursor/-/cli-cursor-5.0.0.tgz 0ms (cache hit)
504 http cache chownr@https://registry.npmjs.org/chownr/-/chownr-3.0.0.tgz 0ms (cache hit)
505 http cache chokidar@https://registry.npmjs.org/chokidar/-/chokidar-5.0.0.tgz 0ms (cache hit)
506 http cache chardet@https://registry.npmjs.org/chardet/-/chardet-2.2.0.tgz 0ms (cache hit)
507 http cache chalk@https://registry.npmjs.org/chalk/-/chalk-5.6.2.tgz 0ms (cache hit)
508 http cache chai@https://registry.npmjs.org/chai/-/chai-6.2.2.tgz 0ms (cache hit)
509 http cache caniuse-lite@https://registry.npmjs.org/caniuse-lite/-/caniuse-lite-1.0.30001799.tgz 0ms (cache hit)
510 http cache call-bound@https://registry.npmjs.org/call-bound/-/call-bound-1.0.4.tgz 0ms (cache hit)
511 http cache call-bind-apply-helpers@https://registry.npmjs.org/call-bind-apply-helpers/-/call-bind-apply-helpers-1.0.2.tgz 0ms (cache hit)
512 http cache cacache@https://registry.npmjs.org/cacache/-/cacache-20.0.4.tgz 0ms (cache hit)
513 http cache bytes@https://registry.npmjs.org/bytes/-/bytes-3.1.2.tgz 0ms (cache hit)
514 http cache buffer-from@https://registry.npmjs.org/buffer-from/-/buffer-from-1.1.2.tgz 0ms (cache hit)
515 http cache browserslist@https://registry.npmjs.org/browserslist/-/browserslist-4.28.4.tgz 1ms (cache hit)
516 http cache brace-expansion@https://registry.npmjs.org/brace-expansion/-/brace-expansion-5.0.6.tgz 0ms (cache hit)
517 http cache boolbase@https://registry.npmjs.org/boolbase/-/boolbase-1.0.0.tgz 0ms (cache hit)
518 http cache body-parser@https://registry.npmjs.org/body-parser/-/body-parser-2.3.0.tgz 0ms (cache hit)
519 http cache bidi-js@https://registry.npmjs.org/bidi-js/-/bidi-js-1.0.3.tgz 0ms (cache hit)
520 http cache beasties@https://registry.npmjs.org/beasties/-/beasties-0.4.2.tgz 0ms (cache hit)
521 http cache baseline-browser-mapping@https://registry.npmjs.org/baseline-browser-mapping/-/baseline-browser-mapping-2.10.40.tgz 0ms (cache hit)
522 http cache balanced-match@https://registry.npmjs.org/balanced-match/-/balanced-match-4.0.4.tgz 0ms (cache hit)
523 http cache assertion-error@https://registry.npmjs.org/assertion-error/-/assertion-error-2.0.1.tgz 0ms (cache hit)
524 http cache ansi-styles@https://registry.npmjs.org/ansi-styles/-/ansi-styles-6.2.3.tgz 0ms (cache hit)
525 http cache ansi-regex@https://registry.npmjs.org/ansi-regex/-/ansi-regex-6.2.2.tgz 0ms (cache hit)
526 http cache ansi-escapes@https://registry.npmjs.org/ansi-escapes/-/ansi-escapes-7.3.0.tgz 0ms (cache hit)
527 http cache algoliasearch@https://registry.npmjs.org/algoliasearch/-/algoliasearch-5.52.0.tgz 0ms (cache hit)
528 http cache ajv-formats@https://registry.npmjs.org/ajv-formats/-/ajv-formats-3.0.1.tgz 0ms (cache hit)
529 http cache ajv@https://registry.npmjs.org/ajv/-/ajv-8.20.0.tgz 0ms (cache hit)
530 http cache agent-base@https://registry.npmjs.org/agent-base/-/agent-base-9.0.0.tgz 0ms (cache hit)
531 http cache accepts@https://registry.npmjs.org/accepts/-/accepts-2.0.0.tgz 0ms (cache hit)
532 http cache abbrev@https://registry.npmjs.org/abbrev/-/abbrev-4.0.0.tgz 0ms (cache hit)
533 http cache @yarnpkg/lockfile@https://registry.npmjs.org/@yarnpkg/lockfile/-/lockfile-1.1.0.tgz 0ms (cache hit)
534 http cache @vitest/utils@https://registry.npmjs.org/@vitest/utils/-/utils-4.1.9.tgz 0ms (cache hit)
535 http cache @vitest/spy@https://registry.npmjs.org/@vitest/spy/-/spy-4.1.9.tgz 0ms (cache hit)
536 http cache @vitest/snapshot@https://registry.npmjs.org/@vitest/snapshot/-/snapshot-4.1.9.tgz 0ms (cache hit)
537 http cache @vitest/runner@https://registry.npmjs.org/@vitest/runner/-/runner-4.1.9.tgz 0ms (cache hit)
538 http cache @vitest/pretty-format@https://registry.npmjs.org/@vitest/pretty-format/-/pretty-format-4.1.9.tgz 0ms (cache hit)
539 http cache @vitest/mocker@https://registry.npmjs.org/@vitest/mocker/-/mocker-4.1.9.tgz 0ms (cache hit)
540 http cache @vitest/expect@https://registry.npmjs.org/@vitest/expect/-/expect-4.1.9.tgz 0ms (cache hit)
541 http cache @vitejs/plugin-basic-ssl@https://registry.npmjs.org/@vitejs/plugin-basic-ssl/-/plugin-basic-ssl-2.3.0.tgz 0ms (cache hit)
542 http cache @types/estree@https://registry.npmjs.org/@types/estree/-/estree-1.0.8.tgz 0ms (cache hit)
543 http cache @types/deep-eql@https://registry.npmjs.org/@types/deep-eql/-/deep-eql-4.0.2.tgz 0ms (cache hit)
544 http cache @types/chai@https://registry.npmjs.org/@types/chai/-/chai-5.2.3.tgz 0ms (cache hit)
545 http cache @tufjs/models@https://registry.npmjs.org/@tufjs/models/-/models-4.1.0.tgz 0ms (cache hit)
546 http cache @tufjs/canonical-json@https://registry.npmjs.org/@tufjs/canonical-json/-/canonical-json-2.0.0.tgz 0ms (cache hit)
547 http cache @standard-schema/spec@https://registry.npmjs.org/@standard-schema/spec/-/spec-1.1.0.tgz 0ms (cache hit)
548 http cache @sigstore/tuf@https://registry.npmjs.org/@sigstore/tuf/-/tuf-4.0.2.tgz 0ms (cache hit)
549 http cache @sigstore/verify@https://registry.npmjs.org/@sigstore/verify/-/verify-3.1.1.tgz 0ms (cache hit)
550 http cache @sigstore/sign@https://registry.npmjs.org/@sigstore/sign/-/sign-4.1.1.tgz 0ms (cache hit)
551 http cache @sigstore/protobuf-specs@https://registry.npmjs.org/@sigstore/protobuf-specs/-/protobuf-specs-0.5.1.tgz 0ms (cache hit)
552 http cache @sigstore/core@https://registry.npmjs.org/@sigstore/core/-/core-3.2.1.tgz 0ms (cache hit)
553 http cache @sigstore/bundle@https://registry.npmjs.org/@sigstore/bundle/-/bundle-4.0.0.tgz 0ms (cache hit)
554 http cache @schematics/angular@https://registry.npmjs.org/@schematics/angular/-/angular-22.0.4.tgz 0ms (cache hit)
555 http cache @rollup/rollup-linux-x64-gnu@https://registry.npmjs.org/@rollup/rollup-linux-x64-gnu/-/rollup-linux-x64-gnu-4.60.2.tgz 0ms (cache hit)
556 http cache @parcel/watcher-linux-x64-glibc@https://registry.npmjs.org/@parcel/watcher-linux-x64-glibc/-/watcher-linux-x64-glibc-2.5.6.tgz 0ms (cache hit)
557 http cache @parcel/watcher@https://registry.npmjs.org/@parcel/watcher/-/watcher-2.5.6.tgz 0ms (cache hit)
558 http cache @npmcli/run-script@https://registry.npmjs.org/@npmcli/run-script/-/run-script-10.0.4.tgz 0ms (cache hit)
559 http cache @npmcli/redact@https://registry.npmjs.org/@npmcli/redact/-/redact-4.0.0.tgz 0ms (cache hit)
560 http cache @npmcli/promise-spawn@https://registry.npmjs.org/@npmcli/promise-spawn/-/promise-spawn-9.0.1.tgz 0ms (cache hit)
561 http cache @npmcli/package-json@https://registry.npmjs.org/@npmcli/package-json/-/package-json-7.0.5.tgz 0ms (cache hit)
562 http cache @npmcli/node-gyp@https://registry.npmjs.org/@npmcli/node-gyp/-/node-gyp-5.0.0.tgz 0ms (cache hit)
563 http cache @npmcli/installed-package-contents@https://registry.npmjs.org/@npmcli/installed-package-contents/-/installed-package-contents-4.0.0.tgz 0ms (cache hit)
564 http cache @npmcli/git@https://registry.npmjs.org/@npmcli/git/-/git-7.0.2.tgz 0ms (cache hit)
565 http cache @npmcli/fs@https://registry.npmjs.org/@npmcli/fs/-/fs-5.0.0.tgz 0ms (cache hit)
566 http cache @npmcli/agent@https://registry.npmjs.org/@npmcli/agent/-/agent-4.0.2.tgz 0ms (cache hit)
567 http cache @napi-rs/nice-linux-x64-gnu@https://registry.npmjs.org/@napi-rs/nice-linux-x64-gnu/-/nice-linux-x64-gnu-1.1.1.tgz 0ms (cache hit)
568 http cache @napi-rs/nice@https://registry.npmjs.org/@napi-rs/nice/-/nice-1.1.1.tgz 0ms (cache hit)
569 http cache @msgpackr-extract/msgpackr-extract-linux-x64@https://registry.npmjs.org/@msgpackr-extract/msgpackr-extract-linux-x64/-/msgpackr-extract-linux-x64-3.0.4.tgz 0ms (cache hit)
570 http cache @modelcontextprotocol/sdk@https://registry.npmjs.org/@modelcontextprotocol/sdk/-/sdk-1.29.0.tgz 0ms (cache hit)
571 http cache @listr2/prompt-adapter-inquirer@https://registry.npmjs.org/@listr2/prompt-adapter-inquirer/-/prompt-adapter-inquirer-4.2.3.tgz 0ms (cache hit)
572 http cache @lmdb/lmdb-linux-x64@https://registry.npmjs.org/@lmdb/lmdb-linux-x64/-/lmdb-linux-x64-3.5.4.tgz 0ms (cache hit)
573 http cache @jridgewell/trace-mapping@https://registry.npmjs.org/@jridgewell/trace-mapping/-/trace-mapping-0.3.31.tgz 0ms (cache hit)
574 http cache @jridgewell/sourcemap-codec@https://registry.npmjs.org/@jridgewell/sourcemap-codec/-/sourcemap-codec-1.5.5.tgz 0ms (cache hit)
575 http cache @jridgewell/resolve-uri@https://registry.npmjs.org/@jridgewell/resolve-uri/-/resolve-uri-3.1.2.tgz 0ms (cache hit)
576 http cache @jridgewell/remapping@https://registry.npmjs.org/@jridgewell/remapping/-/remapping-2.3.5.tgz 0ms (cache hit)
577 http cache @jridgewell/gen-mapping@https://registry.npmjs.org/@jridgewell/gen-mapping/-/gen-mapping-0.3.13.tgz 0ms (cache hit)
578 http cache @isaacs/fs-minipass@https://registry.npmjs.org/@isaacs/fs-minipass/-/fs-minipass-4.0.1.tgz 0ms (cache hit)
579 http cache @inquirer/type@https://registry.npmjs.org/@inquirer/type/-/type-4.0.7.tgz 0ms (cache hit)
580 http cache @inquirer/select@https://registry.npmjs.org/@inquirer/select/-/select-5.2.1.tgz 0ms (cache hit)
581 http cache @inquirer/rawlist@https://registry.npmjs.org/@inquirer/rawlist/-/rawlist-5.3.1.tgz 0ms (cache hit)
582 http cache @inquirer/search@https://registry.npmjs.org/@inquirer/search/-/search-4.2.1.tgz 0ms (cache hit)
583 http cache @inquirer/prompts@https://registry.npmjs.org/@inquirer/prompts/-/prompts-8.4.2.tgz 0ms (cache hit)
584 http cache @inquirer/password@https://registry.npmjs.org/@inquirer/password/-/password-5.1.1.tgz 0ms (cache hit)
585 http cache @inquirer/number@https://registry.npmjs.org/@inquirer/number/-/number-4.1.1.tgz 1ms (cache hit)
586 http cache @inquirer/input@https://registry.npmjs.org/@inquirer/input/-/input-5.1.2.tgz 0ms (cache hit)
587 http cache @inquirer/figures@https://registry.npmjs.org/@inquirer/figures/-/figures-2.0.7.tgz 0ms (cache hit)
588 http cache @inquirer/external-editor@https://registry.npmjs.org/@inquirer/external-editor/-/external-editor-3.0.3.tgz 0ms (cache hit)
589 http cache @inquirer/expand@https://registry.npmjs.org/@inquirer/expand/-/expand-5.1.1.tgz 0ms (cache hit)
590 http cache @inquirer/editor@https://registry.npmjs.org/@inquirer/editor/-/editor-5.2.2.tgz 0ms (cache hit)
591 http cache @inquirer/core@https://registry.npmjs.org/@inquirer/core/-/core-11.2.1.tgz 0ms (cache hit)
592 http cache @inquirer/confirm@https://registry.npmjs.org/@inquirer/confirm/-/confirm-6.0.12.tgz 0ms (cache hit)
593 http cache @inquirer/checkbox@https://registry.npmjs.org/@inquirer/checkbox/-/checkbox-5.2.1.tgz 0ms (cache hit)
594 http cache @inquirer/ansi@https://registry.npmjs.org/@inquirer/ansi/-/ansi-2.0.7.tgz 0ms (cache hit)
595 http cache @hono/node-server@https://registry.npmjs.org/@hono/node-server/-/node-server-1.19.14.tgz 0ms (cache hit)
596 http cache @harperfast/extended-iterable@https://registry.npmjs.org/@harperfast/extended-iterable/-/extended-iterable-1.0.3.tgz 0ms (cache hit)
597 http cache @gar/promise-retry@https://registry.npmjs.org/@gar/promise-retry/-/promise-retry-1.0.3.tgz 0ms (cache hit)
598 http cache @exodus/bytes@https://registry.npmjs.org/@exodus/bytes/-/bytes-1.15.1.tgz 0ms (cache hit)
599 http cache @esbuild/linux-x64@https://registry.npmjs.org/@esbuild/linux-x64/-/linux-x64-0.28.1.tgz 0ms (cache hit)
600 http cache @csstools/css-tokenizer@https://registry.npmjs.org/@csstools/css-tokenizer/-/css-tokenizer-4.0.0.tgz 0ms (cache hit)
601 http cache @csstools/css-syntax-patches-for-csstree@https://registry.npmjs.org/@csstools/css-syntax-patches-for-csstree/-/css-syntax-patches-for-csstree-1.1.5.tgz 0ms (cache hit)
602 http cache @csstools/css-parser-algorithms@https://registry.npmjs.org/@csstools/css-parser-algorithms/-/css-parser-algorithms-4.0.0.tgz 0ms (cache hit)
603 http cache @csstools/css-calc@https://registry.npmjs.org/@csstools/css-calc/-/css-calc-3.2.1.tgz 0ms (cache hit)
604 http cache @csstools/css-color-parser@https://registry.npmjs.org/@csstools/css-color-parser/-/css-color-parser-4.1.9.tgz 0ms (cache hit)
605 http cache @csstools/color-helpers@https://registry.npmjs.org/@csstools/color-helpers/-/color-helpers-6.1.0.tgz 0ms (cache hit)
606 http cache @bramus/specificity@https://registry.npmjs.org/@bramus/specificity/-/specificity-2.4.2.tgz 0ms (cache hit)
607 http cache @babel/types@https://registry.npmjs.org/@babel/types/-/types-7.29.7.tgz 0ms (cache hit)
608 http cache @babel/traverse@https://registry.npmjs.org/@babel/traverse/-/traverse-7.29.7.tgz 0ms (cache hit)
609 http cache @babel/template@https://registry.npmjs.org/@babel/template/-/template-7.29.7.tgz 0ms (cache hit)
610 http cache @babel/parser@https://registry.npmjs.org/@babel/parser/-/parser-7.29.7.tgz 0ms (cache hit)
611 http cache @babel/helpers@https://registry.npmjs.org/@babel/helpers/-/helpers-7.29.7.tgz 0ms (cache hit)
612 http cache @babel/helper-validator-option@https://registry.npmjs.org/@babel/helper-validator-option/-/helper-validator-option-7.29.7.tgz 0ms (cache hit)
613 http cache @babel/helper-validator-identifier@https://registry.npmjs.org/@babel/helper-validator-identifier/-/helper-validator-identifier-7.29.7.tgz 0ms (cache hit)
614 http cache @babel/helper-string-parser@https://registry.npmjs.org/@babel/helper-string-parser/-/helper-string-parser-7.29.7.tgz 0ms (cache hit)
615 http cache @babel/helper-split-export-declaration@https://registry.npmjs.org/@babel/helper-split-export-declaration/-/helper-split-export-declaration-7.24.7.tgz 0ms (cache hit)
616 http cache @babel/helper-module-transforms@https://registry.npmjs.org/@babel/helper-module-transforms/-/helper-module-transforms-7.29.7.tgz 0ms (cache hit)
617 http cache @babel/helper-module-imports@https://registry.npmjs.org/@babel/helper-module-imports/-/helper-module-imports-7.29.7.tgz 0ms (cache hit)
618 http cache @babel/helper-globals@https://registry.npmjs.org/@babel/helper-globals/-/helper-globals-7.29.7.tgz 0ms (cache hit)
619 http cache @babel/helper-compilation-targets@https://registry.npmjs.org/@babel/helper-compilation-targets/-/helper-compilation-targets-7.29.7.tgz 0ms (cache hit)
620 http cache @babel/helper-annotate-as-pure@https://registry.npmjs.org/@babel/helper-annotate-as-pure/-/helper-annotate-as-pure-7.27.3.tgz 0ms (cache hit)
621 http cache @babel/generator@https://registry.npmjs.org/@babel/generator/-/generator-7.29.7.tgz 0ms (cache hit)
622 http cache @babel/core@https://registry.npmjs.org/@babel/core/-/core-7.29.0.tgz 0ms (cache hit)
623 http cache @babel/compat-data@https://registry.npmjs.org/@babel/compat-data/-/compat-data-7.29.7.tgz 0ms (cache hit)
624 http cache @babel/code-frame@https://registry.npmjs.org/@babel/code-frame/-/code-frame-7.29.7.tgz 0ms (cache hit)
625 http cache @asamuzakjp/nwsapi@https://registry.npmjs.org/@asamuzakjp/nwsapi/-/nwsapi-2.3.9.tgz 0ms (cache hit)
626 http cache @asamuzakjp/generational-cache@https://registry.npmjs.org/@asamuzakjp/generational-cache/-/generational-cache-1.0.1.tgz 0ms (cache hit)
627 http cache @asamuzakjp/dom-selector@https://registry.npmjs.org/@asamuzakjp/dom-selector/-/dom-selector-6.8.1.tgz 0ms (cache hit)
628 http cache @asamuzakjp/css-color@https://registry.npmjs.org/@asamuzakjp/css-color/-/css-color-5.1.11.tgz 0ms (cache hit)
629 http cache @angular/router@https://registry.npmjs.org/@angular/router/-/router-22.0.4.tgz 0ms (cache hit)
630 http cache @angular/platform-browser@https://registry.npmjs.org/@angular/platform-browser/-/platform-browser-22.0.4.tgz 0ms (cache hit)
631 http cache @angular/forms@https://registry.npmjs.org/@angular/forms/-/forms-22.0.4.tgz 0ms (cache hit)
632 http cache @angular/core@https://registry.npmjs.org/@angular/core/-/core-22.0.4.tgz 0ms (cache hit)
633 http cache @angular/compiler-cli@https://registry.npmjs.org/@angular/compiler-cli/-/compiler-cli-22.0.4.tgz 0ms (cache hit)
634 http cache @angular/compiler@https://registry.npmjs.org/@angular/compiler/-/compiler-22.0.4.tgz 0ms (cache hit)
635 http cache @angular/common@https://registry.npmjs.org/@angular/common/-/common-22.0.4.tgz 0ms (cache hit)
636 http cache @angular/cli@https://registry.npmjs.org/@angular/cli/-/cli-22.0.4.tgz 0ms (cache hit)
637 http cache @angular/build@https://registry.npmjs.org/@angular/build/-/build-22.0.4.tgz 0ms (cache hit)
638 http cache @angular-devkit/core@https://registry.npmjs.org/@angular-devkit/core/-/core-22.0.4.tgz 0ms (cache hit)
639 http cache @angular-devkit/schematics@https://registry.npmjs.org/@angular-devkit/schematics/-/schematics-22.0.4.tgz 0ms (cache hit)
640 http cache @angular-devkit/architect@https://registry.npmjs.org/@angular-devkit/architect/-/architect-0.2200.4.tgz 0ms (cache hit)
641 http cache @ampproject/remapping@https://registry.npmjs.org/@ampproject/remapping/-/remapping-2.3.0.tgz 0ms (cache hit)
642 http cache @algolia/requester-node-http@https://registry.npmjs.org/@algolia/requester-node-http/-/requester-node-http-5.52.0.tgz 1ms (cache hit)
643 http cache @algolia/requester-fetch@https://registry.npmjs.org/@algolia/requester-fetch/-/requester-fetch-5.52.0.tgz 0ms (cache hit)
644 http cache @algolia/requester-browser-xhr@https://registry.npmjs.org/@algolia/requester-browser-xhr/-/requester-browser-xhr-5.52.0.tgz 0ms (cache hit)
645 http cache @algolia/recommend@https://registry.npmjs.org/@algolia/recommend/-/recommend-5.52.0.tgz 0ms (cache hit)
646 http cache @algolia/monitoring@https://registry.npmjs.org/@algolia/monitoring/-/monitoring-1.52.0.tgz 0ms (cache hit)
647 http cache @algolia/ingestion@https://registry.npmjs.org/@algolia/ingestion/-/ingestion-1.52.0.tgz 0ms (cache hit)
648 http cache @algolia/client-search@https://registry.npmjs.org/@algolia/client-search/-/client-search-5.52.0.tgz 0ms (cache hit)
649 http cache @algolia/client-query-suggestions@https://registry.npmjs.org/@algolia/client-query-suggestions/-/client-query-suggestions-5.52.0.tgz 0ms (cache hit)
650 http cache @algolia/client-personalization@https://registry.npmjs.org/@algolia/client-personalization/-/client-personalization-5.52.0.tgz 0ms (cache hit)
651 http cache @algolia/client-insights@https://registry.npmjs.org/@algolia/client-insights/-/client-insights-5.52.0.tgz 0ms (cache hit)
652 http cache @algolia/client-common@https://registry.npmjs.org/@algolia/client-common/-/client-common-5.52.0.tgz 0ms (cache hit)
653 http cache @algolia/client-analytics@https://registry.npmjs.org/@algolia/client-analytics/-/client-analytics-5.52.0.tgz 0ms (cache hit)
654 http cache @algolia/abtesting@https://registry.npmjs.org/@algolia/abtesting/-/abtesting-1.18.0.tgz 0ms (cache hit)
655 http cache @algolia/client-abtesting@https://registry.npmjs.org/@algolia/client-abtesting/-/client-abtesting-5.52.0.tgz 0ms (cache hit)
656 http cache @acemir/cssom@https://registry.npmjs.org/@acemir/cssom/-/cssom-0.9.31.tgz 0ms (cache hit)
657 http cache string-width@https://registry.npmjs.org/string-width/-/string-width-7.2.0.tgz 0ms (cache hit)
658 http cache content-type@https://registry.npmjs.org/content-type/-/content-type-2.0.0.tgz 0ms (cache hit)
659 http cache esbuild@https://registry.npmjs.org/esbuild/-/esbuild-0.27.7.tgz 0ms (cache hit)
660 http cache yallist@https://registry.npmjs.org/yallist/-/yallist-5.0.0.tgz 0ms (cache hit)
661 http cache source-map@https://registry.npmjs.org/source-map/-/source-map-0.6.1.tgz 0ms (cache hit)
662 http cache @esbuild/linux-x64@https://registry.npmjs.org/@esbuild/linux-x64/-/linux-x64-0.27.7.tgz 0ms (cache hit)
663 http cache readdirp@https://registry.npmjs.org/readdirp/-/readdirp-4.1.2.tgz 0ms (cache hit)
664 http cache chokidar@https://registry.npmjs.org/chokidar/-/chokidar-4.0.3.tgz 0ms (cache hit)
665 http cache lru-cache@https://registry.npmjs.org/lru-cache/-/lru-cache-11.5.1.tgz 0ms (cache hit)
666 http cache entities@https://registry.npmjs.org/entities/-/entities-8.0.0.tgz 0ms (cache hit)
667 http cache entities@https://registry.npmjs.org/entities/-/entities-8.0.0.tgz 0ms (cache hit)
668 http cache which@https://registry.npmjs.org/which/-/which-6.0.1.tgz 0ms (cache hit)
669 http cache undici@https://registry.npmjs.org/undici/-/undici-6.27.0.tgz 0ms (cache hit)
670 http cache isexe@https://registry.npmjs.org/isexe/-/isexe-4.0.0.tgz 0ms (cache hit)
671 http cache yallist@https://registry.npmjs.org/yallist/-/yallist-4.0.0.tgz 0ms (cache hit)
672 http cache minipass@https://registry.npmjs.org/minipass/-/minipass-3.3.6.tgz 0ms (cache hit)
673 http cache yallist@https://registry.npmjs.org/yallist/-/yallist-4.0.0.tgz 0ms (cache hit)
674 http cache minipass@https://registry.npmjs.org/minipass/-/minipass-3.3.6.tgz 0ms (cache hit)
675 http cache string-width@https://registry.npmjs.org/string-width/-/string-width-7.2.0.tgz 0ms (cache hit)
676 http cache wrap-ansi@https://registry.npmjs.org/wrap-ansi/-/wrap-ansi-9.0.2.tgz 0ms (cache hit)
677 http cache slice-ansi@https://registry.npmjs.org/slice-ansi/-/slice-ansi-7.1.2.tgz 0ms (cache hit)
678 http cache https-proxy-agent@https://registry.npmjs.org/https-proxy-agent/-/https-proxy-agent-7.0.6.tgz 0ms (cache hit)
679 http cache agent-base@https://registry.npmjs.org/agent-base/-/agent-base-7.1.4.tgz 0ms (cache hit)
680 http cache agent-base@https://registry.npmjs.org/agent-base/-/agent-base-7.1.4.tgz 0ms (cache hit)
681 http cache entities@https://registry.npmjs.org/entities/-/entities-7.0.1.tgz 0ms (cache hit)
682 http cache lru-cache@https://registry.npmjs.org/lru-cache/-/lru-cache-11.5.1.tgz 0ms (cache hit)
683 http cache wrap-ansi@https://registry.npmjs.org/wrap-ansi/-/wrap-ansi-9.0.2.tgz 0ms (cache hit)
684 http cache string-width@https://registry.npmjs.org/string-width/-/string-width-7.2.0.tgz 0ms (cache hit)
685 http cache lru-cache@https://registry.npmjs.org/lru-cache/-/lru-cache-11.5.1.tgz 1ms (cache hit)
686 http cache content-type@https://registry.npmjs.org/content-type/-/content-type-2.0.0.tgz 0ms (cache hit)
687 http cache convert-source-map@https://registry.npmjs.org/convert-source-map/-/convert-source-map-2.0.0.tgz 0ms (cache hit)
688 http cache node-addon-api@https://registry.npmjs.org/node-addon-api/-/node-addon-api-7.1.1.tgz 0ms (cache hit)
689 http cache which@https://registry.npmjs.org/which/-/which-6.0.1.tgz 0ms (cache hit)
690 http cache isexe@https://registry.npmjs.org/isexe/-/isexe-4.0.0.tgz 0ms (cache hit)
691 http cache which@https://registry.npmjs.org/which/-/which-6.0.1.tgz 0ms (cache hit)
692 http cache lru-cache@https://registry.npmjs.org/lru-cache/-/lru-cache-11.5.1.tgz 0ms (cache hit)
693 http cache isexe@https://registry.npmjs.org/isexe/-/isexe-4.0.0.tgz 0ms (cache hit)
694 http cache lru-cache@https://registry.npmjs.org/lru-cache/-/lru-cache-11.5.1.tgz 0ms (cache hit)
695 http cache lru-cache@https://registry.npmjs.org/lru-cache/-/lru-cache-11.5.1.tgz 0ms (cache hit)
696 http cache https-proxy-agent@https://registry.npmjs.org/https-proxy-agent/-/https-proxy-agent-7.0.6.tgz 0ms (cache hit)
697 http cache agent-base@https://registry.npmjs.org/agent-base/-/agent-base-7.1.4.tgz 0ms (cache hit)
698 http cache semver@https://registry.npmjs.org/semver/-/semver-6.3.1.tgz 0ms (cache hit)
699 http cache semver@https://registry.npmjs.org/semver/-/semver-6.3.1.tgz 0ms (cache hit)
700 http cache convert-source-map@https://registry.npmjs.org/convert-source-map/-/convert-source-map-2.0.0.tgz 0ms (cache hit)
701 http cache lru-cache@https://registry.npmjs.org/lru-cache/-/lru-cache-11.5.1.tgz 0ms (cache hit)
702 http cache @babel/core@https://registry.npmjs.org/@babel/core/-/core-7.29.7.tgz 0ms (cache hit)
703 http cache semver@https://registry.npmjs.org/semver/-/semver-6.3.1.tgz 0ms (cache hit)
704 http cache convert-source-map@https://registry.npmjs.org/convert-source-map/-/convert-source-map-2.0.0.tgz 0ms (cache hit)
705 http cache agent-base@https://registry.npmjs.org/agent-base/-/agent-base-7.1.4.tgz 0ms (cache hit)
706 http fetch POST 200 https://registry.npmjs.org/-/npm/v1/security/advisories/bulk 2629ms
707 silly audit report {
707 silly audit report   '@angular/common': [
707 silly audit report     {
707 silly audit report       id: 1204773,
707 silly audit report       url: 'https://github.com/advisories/GHSA-p297-fm68-3q8c',
707 silly audit report       title: 'Angular: Information Leak via `HttpTransferCache` Bypass When Using `withRequestsMadeViaParent`',
707 silly audit report       severity: 'moderate',
707 silly audit report       vulnerable_versions: '>=22.0.0 <22.1.1',
707 silly audit report       cwe: [Array],
707 silly audit report       cvss: [Object]
707 silly audit report     }
707 silly audit report   ],
707 silly audit report   '@angular/compiler': [
707 silly audit report     {
707 silly audit report       id: 1204780,
707 silly audit report       url: 'https://github.com/advisories/GHSA-hh8m-fm6v-7cvg',
707 silly audit report       title: 'Angular: Sanitization bypass via directive host bindings on concrete host elements in @angular/core and @angular/compiler',
707 silly audit report       severity: 'moderate',
707 silly audit report       vulnerable_versions: '>=22.0.0 <22.1.0',
707 silly audit report       cwe: [Array],
707 silly audit report       cvss: [Object]
707 silly audit report     }
707 silly audit report   ],
707 silly audit report   '@babel/core': [
707 silly audit report     {
707 silly audit report       id: 1123528,
707 silly audit report       url: 'https://github.com/advisories/GHSA-4x5r-pxfx-6jf8',
707 silly audit report       title: '@babel/core: Arbitrary File Read via sourceMappingURL Comment',
707 silly audit report       severity: 'low',
707 silly audit report       vulnerable_versions: '<=7.29.0',
707 silly audit report       cwe: [Array],
707 silly audit report       cvss: [Object]
707 silly audit report     }
707 silly audit report   ],
707 silly audit report   '@angular/core': [
707 silly audit report     {
707 silly audit report       id: 1204781,
707 silly audit report       url: 'https://github.com/advisories/GHSA-hh8m-fm6v-7cvg',
707 silly audit report       title: 'Angular: Sanitization bypass via directive host bindings on concrete host elements in @angular/core and @angular/compiler',
707 silly audit report       severity: 'moderate',
707 silly audit report       vulnerable_versions: '>=22.0.0 <22.1.0',
707 silly audit report       cwe: [Array],
707 silly audit report       cvss: [Object]
707 silly audit report     }
707 silly audit report   ],
707 silly audit report   '@hono/node-server': [
707 silly audit report     {
707 silly audit report       id: 1139322,
707 silly audit report       url: 'https://github.com/advisories/GHSA-frvp-7c67-39w9',
707 silly audit report       title: 'Node.js Adapter for Hono: Path traversal in `serve-static` on Windows via encoded backslash (`%5C`)',
707 silly audit report       severity: 'moderate',
707 silly audit report       vulnerable_versions: '<1.19.15',
707 silly audit report       cwe: [Array],
707 silly audit report       cvss: [Object]
707 silly audit report     }
707 silly audit report   ],
707 silly audit report   '@vitest/mocker': [
707 silly audit report     {
707 silly audit report       id: 1193684,
707 silly audit report       url: 'https://github.com/advisories/GHSA-82fw-gwwq-j7x9',
707 silly audit report       title: 'Vitest: Path Traversal / Arbitrary File Read via @vitest/mocker Redirect Mock',
707 silly audit report       severity: 'moderate',
707 silly audit report       vulnerable_versions: '>=2.1.0 <4.1.11',
707 silly audit report       cwe: [Array],
707 silly audit report       cvss: [Object]
707 silly audit report     }
707 silly audit report   ],
707 silly audit report   'baseline-browser-mapping': [
707 silly audit report     {
707 silly audit report       id: 1193686,
707 silly audit report       url: 'https://github.com/advisories/GHSA-w5vr-8v7q-w6rv',
707 silly audit report       title: 'baseline-browser-mapping process termination on invalid input causes denial of service',
707 silly audit report       severity: 'moderate',
707 silly audit report       vulnerable_versions: '>=2.0.0 <2.11.0',
707 silly audit report       cwe: [Array],
707 silly audit report       cvss: [Object]
707 silly audit report     }
707 silly audit report   ],
707 silly audit report   'brace-expansion': [
707 silly audit report     {
707 silly audit report       id: 1130591,
707 silly audit report       url: 'https://github.com/advisories/GHSA-mh99-v99m-4gvg',
707 silly audit report       title: 'brace-expansion: DoS via unbounded expansion length causing an out-of-memory process crash',
707 silly audit report       severity: 'high',
707 silly audit report       vulnerable_versions: '>=4.0.0 <5.0.8',
707 silly audit report       cwe: [Array],
707 silly audit report       cvss: [Object]
707 silly audit report     },
707 silly audit report     {
707 silly audit report       id: 1130734,
707 silly audit report       url: 'https://github.com/advisories/GHSA-rgw5-rvv9-x895',
707 silly audit report       title: 'brace-expansion: DoS via unbounded intermediate arrays, bypassing the CVE-2026-14257 mitigation',
707 silly audit report       severity: 'high',
707 silly audit report       vulnerable_versions: '>=4.0.0 <5.0.9',
707 silly audit report       cwe: [Array],
707 silly audit report       cvss: [Object]
707 silly audit report     },
707 silly audit report     {
707 silly audit report       id: 1123898,
707 silly audit report       url: 'https://github.com/advisories/GHSA-3jxr-9vmj-r5cp',
707 silly audit report       title: 'brace-expansion: DoS via exponential-time expansion of consecutive non-expanding {} groups',
707 silly audit report       severity: 'high',
707 silly audit report       vulnerable_versions: '>=3.0.0 <5.0.7',
707 silly audit report       cwe: [Array],
707 silly audit report       cvss: [Object]
707 silly audit report     }
707 silly audit report   ],
707 silly audit report   browserslist: [
707 silly audit report     {
707 silly audit report       id: 1153171,
707 silly audit report       url: 'https://github.com/advisories/GHSA-c83g-rgw3-j3cx',
707 silly audit report       title: 'Browserslist: Unbounded memory growth (no cache eviction) via distinct query results, leading to eventual OOM',
707 silly audit report       severity: 'high',
707 silly audit report       vulnerable_versions: '<=4.28.6',
707 silly audit report       cwe: [Array],
707 silly audit report       cvss: [Object]
707 silly audit report     },
707 silly audit report     {
707 silly audit report       id: 1153172,
707 silly audit report       url: 'https://github.com/advisories/GHSA-73wf-gq98-2v4g',
707 silly audit report       title: 'Browserslist: Uncaught crash / prototype write via untrusted browserslist-stats.json custom stats (normalizeStats)',
707 silly audit report       severity: 'high',
707 silly audit report       vulnerable_versions: '<=4.28.6',
707 silly audit report       cwe: [Array],
707 silly audit report       cvss: [Object]
707 silly audit report     }
707 silly audit report   ],
707 silly audit report   esbuild: [
707 silly audit report     {
707 silly audit report       id: 1120680,
707 silly audit report       url: 'https://github.com/advisories/GHSA-g7r4-m6w7-qqqr',
707 silly audit report       title: 'esbuild allows arbitrary file read when running the development server on Windows',
707 silly audit report       severity: 'low',
707 silly audit report       vulnerable_versions: '>=0.27.3 <0.28.1',
707 silly audit report       cwe: [Array],
707 silly audit report       cvss: [Object]
707 silly audit report     }
707 silly audit report   ],
707 silly audit report   'fast-uri': [
707 silly audit report     {
707 silly audit report       id: 1158524,
707 silly audit report       url: 'https://github.com/advisories/GHSA-f65p-4m7j-42xc',
707 silly audit report       title: 'fast-uri vulnerable to server-side request forgery via malformed IPv6 normalization',
707 silly audit report       severity: 'high',
707 silly audit report       vulnerable_versions: '>=3.0.0 <3.1.6',
707 silly audit report       cwe: [Array],
707 silly audit report       cvss: [Object]
707 silly audit report     },
707 silly audit report     {
707 silly audit report       id: 1158527,
707 silly audit report       url: 'https://github.com/advisories/GHSA-fph4-wmhf-6fwf',
707 silly audit report       title: 'fast-uri vulnerable to server-side request forgery via repeated hostname percent-decoding',
707 silly audit report       severity: 'high',
707 silly audit report       vulnerable_versions: '>=3.1.2 <3.1.6',
707 silly audit report       cwe: [Array],
707 silly audit report       cvss: [Object]
707 silly audit report     },
707 silly audit report     {
707 silly audit report       id: 1158530,
707 silly audit report       url: 'https://github.com/advisories/GHSA-jqff-g426-hqxp',
707 silly audit report       title: 'fast-uri vulnerable to host confusion via percent-encoded scheme normalization',
707 silly audit report       severity: 'high',
707 silly audit report       vulnerable_versions: '>=3.0.0 <3.1.6',
707 silly audit report       cwe: [Array],
707 silly audit report       cvss: [Object]
707 silly audit report     },
707 silly audit report     {
707 silly audit report       id: 1130720,
707 silly audit report       url: 'https://github.com/advisories/GHSA-7p8r-x3mc-p8w7',
707 silly audit report       title: 'fast-uri vulnerable to host confusion via backslash authority introducer',
707 silly audit report       severity: 'high',
707 silly audit report       vulnerable_versions: '>=3.0.0 <3.1.5',
707 silly audit report       cwe: [Array],
707 silly audit report       cvss: [Object]
707 silly audit report     },
707 silly audit report     {
707 silly audit report       id: 1124064,
707 silly audit report       url: 'https://github.com/advisories/GHSA-v2hh-gcrm-f6hx',
707 silly audit report       title: 'fast-uri vulnerable to host confusion via literal backslash authority delimiter',
707 silly audit report       severity: 'high',
707 silly audit report       vulnerable_versions: '>=3.0.0 <=3.1.3',
707 silly audit report       cwe: [Array],
707 silly audit report       cvss: [Object]
707 silly audit report     },
707 silly audit report     {
707 silly audit report       id: 1204921,
707 silly audit report       url: 'https://github.com/advisories/GHSA-4c8g-83qw-93j6',
707 silly audit report       title: 'fast-uri vulnerable to host confusion via failed IDN canonicalization',
707 silly audit report       severity: 'high',
707 silly audit report       vulnerable_versions: '>=3.0.0 <3.1.3',
707 silly audit report       cwe: [Array],
707 silly audit report       cvss: [Object]
707 silly audit report     }
707 silly audit report   ],
707 silly audit report   hono: [
707 silly audit report     {
707 silly audit report       id: 1130733,
707 silly audit report       url: 'https://github.com/advisories/GHSA-8j4g-w8fx-2239',
707 silly audit report       title: 'Hono: ReDoS in CORS middleware via Access-Control-Request-Headers',
707 silly audit report       severity: 'moderate',
707 silly audit report       vulnerable_versions: '<4.12.34',
707 silly audit report       cwe: [Array],
707 silly audit report       cvss: [Object]
707 silly audit report     },
707 silly audit report     {
707 silly audit report       id: 1138771,
707 silly audit report       url: 'https://github.com/advisories/GHSA-f23p-vx2j-j53r',
707 silly audit report       title: 'Hono: `memo()` retains SSR output across requests, leading to cross-user data disclosure',
707 silly audit report       severity: 'moderate',
707 silly audit report       vulnerable_versions: '>=3.8.0 <4.12.34',
707 silly audit report       cwe: [Array],
707 silly audit report       cvss: [Object]
707 silly audit report     },
707 silly audit report     {
707 silly audit report       id: 1138772,
707 silly audit report       url: 'https://github.com/advisories/GHSA-79qm-7rj5-m7r9',
707 silly audit report       title: 'Hono: Proxy Helper does not remove response headers listed in the `Connection` header',
707 silly audit report       severity: 'low',
707 silly audit report       vulnerable_versions: '>=4.7.0 <4.12.34',
707 silly audit report       cwe: [Array],
707 silly audit report       cvss: [Object]
707 silly audit report     },
707 silly audit report     {
707 silly audit report       id: 1138773,
707 silly audit report       url: 'https://github.com/advisories/GHSA-54fx-42gc-7vw4',
707 silly audit report       title: 'Hono: Algorithmic Complexity DoS in Language Middleware',
707 silly audit report       severity: 'moderate',
707 silly audit report       vulnerable_versions: '>=4.12.0 <4.12.34',
707 silly audit report       cwe: [Array],
707 silly audit report       cvss: [Object]
707 silly audit report     },
707 silly audit report     {
707 silly audit report       id: 1193729,
707 silly audit report       url: 'https://github.com/advisories/GHSA-gqvv-2mrq-wpjv',
707 silly audit report       title: 'Hono: Incomplete fix for CVE-2026-39408: `toSSG()` still writes files outside the output directory',
707 silly audit report       severity: 'moderate',
707 silly audit report       vulnerable_versions: '<4.13.5',
707 silly audit report       cwe: [Array],
707 silly audit report       cvss: [Object]
707 silly audit report     },
707 silly audit report     {
707 silly audit report       id: 1193730,
707 silly audit report       url: 'https://github.com/advisories/GHSA-g6gw-c38x-mqfc',
707 silly audit report       title: 'Hono: Unbounded dot-notation nesting in `parseBody()` can cause memory exhaustion',
707 silly audit report       severity: 'moderate',
707 silly audit report       vulnerable_versions: '<4.13.5',
707 silly audit report       cwe: [Array],
707 silly audit report       cvss: [Object]
707 silly audit report     },
707 silly audit report     {
707 silly audit report       id: 1193731,
707 silly audit report       url: 'https://github.com/advisories/GHSA-crvj-82cr-hjcx',
707 silly audit report       title: 'Hono: Query parser reads parameters after the URL fragment, causing cache-key and proxy interpretation differentials',
707 silly audit report       severity: 'moderate',
707 silly audit report       vulnerable_versions: '<4.13.5',
707 silly audit report       cwe: [Array],
707 silly audit report       cvss: [Object]
707 silly audit report     }
707 silly audit report   ],
707 silly audit report   'ip-address': [
707 silly audit report     {
707 silly audit report       id: 1130722,
707 silly audit report       url: 'https://github.com/advisories/GHSA-mwp4-54f8-5fhr',
707 silly audit report       title: 'ip-address: Address4 decodes leading-zero octets as decimal while resolvers decode them as octal, allowing SSRF and trust-boundary bypass',
707 silly audit report       severity: 'high',
707 silly audit report       vulnerable_versions: '<=10.3.0',
707 silly audit report       cwe: [Array],
707 silly audit report       cvss: [Object]
707 silly audit report     },
707 silly audit report     {
707 silly audit report       id: 1130723,
707 silly audit report       url: 'https://github.com/advisories/GHSA-4xrf-jv44-h6hh',
707 silly audit report       title: 'ip-address: a CIDR suffix on the parsed address suppresses special-use classification and can bypass SSRF and trust-boundary checks',
707 silly audit report       severity: 'moderate',
707 silly audit report       vulnerable_versions: '>=10.1.1 <=10.2.1',
707 silly audit report       cwe: [Array],
707 silly audit report       cvss: [Object]
707 silly audit report     },
707 silly audit report     {
707 silly audit report       id: 1130724,
707 silly audit report       url: 'https://github.com/advisories/GHSA-22jq-vg5j-6vgg',
707 silly audit report       title: 'ip-address: misclassification of IPv4-mapped/NAT64 IPv6 addresses can bypass SSRF and trust-boundary checks',
707 silly audit report       severity: 'moderate',
707 silly audit report       vulnerable_versions: '>=10.1.1 <=10.2.0',
707 silly audit report       cwe: [Array],
707 silly audit report       cvss: [Object]
707 silly audit report     }
707 silly audit report   ],
707 silly audit report   nanoid: [
707 silly audit report     {
707 silly audit report       id: 1138811,
707 silly audit report       url: 'https://github.com/advisories/GHSA-28wg-ghj8-5hjv',
707 silly audit report       title: 'nanoid: non-secure generators can loop indefinitely with negative size',
707 silly audit report       severity: 'high',
707 silly audit report       vulnerable_versions: '<3.3.16',
707 silly audit report       cwe: [Array],
707 silly audit report       cvss: [Object]
707 silly audit report     },
707 silly audit report     {
707 silly audit report       id: 1139427,
707 silly audit report       url: 'https://github.com/advisories/GHSA-2v37-7h3g-55p8',
707 silly audit report       title: 'nanoid: custom generators can loop indefinitely when size is zero',
707 silly audit report       severity: 'high',
707 silly audit report       vulnerable_versions: '<3.3.18',
707 silly audit report       cwe: [Array],
707 silly audit report       cvss: [Object]
707 silly audit report     }
707 silly audit report   ],
707 silly audit report   undici: [
707 silly audit report     {
707 silly audit report       id: 1130715,
707 silly audit report       url: 'https://github.com/advisories/GHSA-8xcm-r25x-g524',
707 silly audit report       title: 'undici vulnerable to downstream response desynchronization via retry interceptor',
707 silly audit report       severity: 'moderate',
707 silly audit report       vulnerable_versions: '>=7.0.0 <7.29.0',
707 silly audit report       cwe: [Array],
707 silly audit report       cvss: [Object]
707 silly audit report     },
707 silly audit report     {
707 silly audit report       id: 1130716,
707 silly audit report       url: 'https://github.com/advisories/GHSA-8xcm-r25x-g524',
707 silly audit report       title: 'undici vulnerable to downstream response desynchronization via retry interceptor',
707 silly audit report       severity: 'moderate',
707 silly audit report       vulnerable_versions: '<6.28.0',
707 silly audit report       cwe: [Array],
707 silly audit report       cvss: [Object]
707 silly audit report     },
707 silly audit report     {
707 silly audit report       id: 1130718,
707 silly audit report       url: 'https://github.com/advisories/GHSA-4cwx-7wf7-3272',
707 silly audit report       title: 'undici vulnerable to cross-user information disclosure and parse-time crash via degenerate private cache directives',
707 silly audit report       severity: 'high',
707 silly audit report       vulnerable_versions: '>=7.0.0 <7.29.0',
707 silly audit report       cwe: [Array],
707 silly audit report       cvss: [Object]
707 silly audit report     },
707 silly audit report     {
707 silly audit report       id: 1130726,
707 silly audit report       url: 'https://github.com/advisories/GHSA-m8rv-5g2x-5cg5',
707 silly audit report       title: "undici vulnerable to CRLF Injection via blob-like body 'type' property",
707 silly audit report       severity: 'moderate',
707 silly audit report       vulnerable_versions: '>=7.0.0 <7.29.0',
707 silly audit report       cwe: [Array],
707 silly audit report       cvss: [Object]
707 silly audit report     },
707 silly audit report     {
707 silly audit report       id: 1130727,
707 silly audit report       url: 'https://github.com/advisories/GHSA-m8rv-5g2x-5cg5',
707 silly audit report       title: "undici vulnerable to CRLF Injection via blob-like body 'type' property",
707 silly audit report       severity: 'moderate',
707 silly audit report       vulnerable_versions: '<6.28.0',
707 silly audit report       cwe: [Array],
707 silly audit report       cvss: [Object]
707 silly audit report     },
707 silly audit report     {
707 silly audit report       id: 1130729,
707 silly audit report       url: 'https://github.com/advisories/GHSA-jr45-8vmc-qm54',
707 silly audit report       title: 'undici vulnerable to cross-user information disclosure via whitespace around equals in Cache-Control directives',
707 silly audit report       severity: 'moderate',
707 silly audit report       vulnerable_versions: '>=7.0.0 <7.29.0',
707 silly audit report       cwe: [Array],
707 silly audit report       cvss: [Object]
707 silly audit report     },
707 silly audit report     {
707 silly audit report       id: 1130731,
707 silly audit report       url: 'https://github.com/advisories/GHSA-v3r7-h72x-cjcm',
707 silly audit report       title: 'undici vulnerable to cookie attribute injection via unsanitized domain and unparsed setCookie fields',
707 silly audit report       severity: 'moderate',
707 silly audit report       vulnerable_versions: '>=7.0.0 <7.29.0',
707 silly audit report       cwe: [Array],
707 silly audit report       cvss: [Object]
707 silly audit report     },
707 silly audit report     {
707 silly audit report       id: 1130732,
707 silly audit report       url: 'https://github.com/advisories/GHSA-v3r7-h72x-cjcm',
707 silly audit report       title: 'undici vulnerable to cookie attribute injection via unsanitized domain and unparsed setCookie fields',
707 silly audit report       severity: 'moderate',
707 silly audit report       vulnerable_versions: '<6.28.0',
707 silly audit report       cwe: [Array],
707 silly audit report       cvss: [Object]
707 silly audit report     }
707 silly audit report   ],
707 silly audit report   postcss: [
707 silly audit report     {
707 silly audit report       id: 1130709,
707 silly audit report       url: 'https://github.com/advisories/GHSA-fxqj-rqcc-2cmp',
707 silly audit report       title: 'PostCSS: incomplete fix of GHSA-6g55-p6wh-862q — attacker-controlled sourceMappingURL reads arbitrary .map files when `from` is unset',
707 silly audit report       severity: 'moderate',
707 silly audit report       vulnerable_versions: '<=8.5.22',
707 silly audit report       cwe: [Array],
707 silly audit report       cvss: [Object]
707 silly audit report     },
707 silly audit report     {
707 silly audit report       id: 1139510,
707 silly audit report       url: 'https://github.com/advisories/GHSA-r28c-9q8g-f849',
707 silly audit report       title: 'PostCSS: Path Traversal in Previous Source Map Auto-Loading (sourceMappingURL) leads to Arbitrary .map File Disclosure',
707 silly audit report       severity: 'high',
707 silly audit report       vulnerable_versions: '<=8.5.17',
707 silly audit report       cwe: [Array],
707 silly audit report       cvss: [Object]
707 silly audit report     }
707 silly audit report   ],
707 silly audit report   qs: [
707 silly audit report     {
707 silly audit report       id: 1158506,
707 silly audit report       url: 'https://github.com/advisories/GHSA-x5fp-wj9c-mxmx',
707 silly audit report       title: 'qs array-limit bypass via bracket-key comma parsing',
707 silly audit report       severity: 'moderate',
707 silly audit report       vulnerable_versions: '>=6.14.2 <=6.15.3',
707 silly audit report       cwe: [Array],
707 silly audit report       cvss: [Object]
707 silly audit report     },
707 silly audit report     {
707 silly audit report       id: 1158507,
707 silly audit report       url: 'https://github.com/advisories/GHSA-4mjr-xmp4-gh2g',
707 silly audit report       title: 'qs: Denial of Service via Attacker Controlled isBuffer',
707 silly audit report       severity: 'moderate',
707 silly audit report       vulnerable_versions: '>=2.2.5 <6.16.0',
707 silly audit report       cwe: [Array],
707 silly audit report       cvss: [Object]
707 silly audit report     }
707 silly audit report   ],
707 silly audit report   tar: [
707 silly audit report     {
707 silly audit report       id: 1123939,
707 silly audit report       url: 'https://github.com/advisories/GHSA-w8wr-v893-vjvp',
707 silly audit report       title: 'node-tar: Process crash via PAX numeric path type confusion',
707 silly audit report       severity: 'moderate',
707 silly audit report       vulnerable_versions: '<=7.5.17',
707 silly audit report       cwe: [Array],
707 silly audit report       cvss: [Object]
707 silly audit report     },
707 silly audit report     {
707 silly audit report       id: 1123940,
707 silly audit report       url: 'https://github.com/advisories/GHSA-23hp-3jrh-7fpw',
707 silly audit report       title: 'node-tar: Decompression/parse DoS via unlimited input',
707 silly audit report       severity: 'critical',
707 silly audit report       vulnerable_versions: '<=7.5.18',
707 silly audit report       cwe: [Array],
707 silly audit report       cvss: [Object]
707 silly audit report     },
707 silly audit report     {
707 silly audit report       id: 1123941,
707 silly audit report       url: 'https://github.com/advisories/GHSA-8x88-c5mf-7j5w',
707 silly audit report       title: 'node-tar: Negative tar entry size causes infinite loop in archive replace',
707 silly audit report       severity: 'high',
707 silly audit report       vulnerable_versions: '<=7.5.17',
707 silly audit report       cwe: [Array],
707 silly audit report       cvss: [Object]
707 silly audit report     },
707 silly audit report     {
707 silly audit report       id: 1145647,
707 silly audit report       url: 'https://github.com/advisories/GHSA-r292-9mhp-454m',
707 silly audit report       title: 'node-tar: Uncontrolled recursion in mapHas/filesFilter allows uncatchable stack-overflow DoS via crafted long-path tar with member selection',
707 silly audit report       severity: 'high',
707 silly audit report       vulnerable_versions: '<=7.5.20',
707 silly audit report       cwe: [Array],
707 silly audit report       cvss: [Object]
707 silly audit report     }
707 silly audit report   ],
707 silly audit report   vitest: [
707 silly audit report     {
707 silly audit report       id: 1193683,
707 silly audit report       url: 'https://github.com/advisories/GHSA-82fw-gwwq-j7x9',
707 silly audit report       title: 'Vitest: Path Traversal / Arbitrary File Read via @vitest/mocker Redirect Mock',
707 silly audit report       severity: 'moderate',
707 silly audit report       vulnerable_versions: '>=2.1.0 <4.1.11',
707 silly audit report       cwe: [Array],
707 silly audit report       cvss: [Object]
707 silly audit report     }
707 silly audit report   ]
707 silly audit report }
708 silly packumentCache corgi:https://registry.npmjs.org/@angular%2fcommon cache-miss
709 silly packumentCache corgi:https://registry.npmjs.org/@angular%2fcompiler cache-miss
710 silly packumentCache corgi:https://registry.npmjs.org/@babel%2fcore cache-miss
711 silly packumentCache corgi:https://registry.npmjs.org/@angular%2fcore cache-miss
712 silly packumentCache corgi:https://registry.npmjs.org/@hono%2fnode-server cache-miss
713 silly packumentCache corgi:https://registry.npmjs.org/@vitest%2fmocker cache-miss
714 silly packumentCache corgi:https://registry.npmjs.org/baseline-browser-mapping cache-miss
715 silly packumentCache corgi:https://registry.npmjs.org/brace-expansion cache-miss
716 silly packumentCache corgi:https://registry.npmjs.org/browserslist cache-miss
717 silly packumentCache corgi:https://registry.npmjs.org/esbuild cache-miss
718 silly packumentCache corgi:https://registry.npmjs.org/fast-uri cache-miss
719 silly packumentCache corgi:https://registry.npmjs.org/hono cache-miss
720 silly packumentCache corgi:https://registry.npmjs.org/ip-address cache-miss
721 silly packumentCache corgi:https://registry.npmjs.org/nanoid cache-miss
722 silly packumentCache corgi:https://registry.npmjs.org/undici cache-miss
723 silly packumentCache corgi:https://registry.npmjs.org/postcss cache-miss
724 silly packumentCache corgi:https://registry.npmjs.org/qs cache-miss
725 silly packumentCache corgi:https://registry.npmjs.org/tar cache-miss
726 silly packumentCache corgi:https://registry.npmjs.org/vitest cache-miss
727 http fetch GET 200 https://registry.npmjs.org/@hono%2fnode-server 514ms (cache revalidated)
728 silly packumentCache corgi:https://registry.npmjs.org/@hono%2fnode-server set size:102613 disposed:false
729 http fetch GET 200 https://registry.npmjs.org/qs 543ms (cache revalidated)
730 silly packumentCache corgi:https://registry.npmjs.org/qs set size:149425 disposed:false
731 http fetch GET 200 https://registry.npmjs.org/ip-address 561ms (cache revalidated)
732 silly packumentCache corgi:https://registry.npmjs.org/ip-address set size:83310 disposed:false
733 http fetch GET 200 https://registry.npmjs.org/browserslist 566ms (cache revalidated)
734 silly packumentCache corgi:https://registry.npmjs.org/browserslist set size:278387 disposed:false
735 http fetch GET 200 https://registry.npmjs.org/@vitest%2fmocker 572ms (cache revalidated)
736 silly packumentCache corgi:https://registry.npmjs.org/@vitest%2fmocker set size:130362 disposed:false
737 http fetch GET 200 https://registry.npmjs.org/baseline-browser-mapping 575ms (cache revalidated)
738 silly packumentCache corgi:https://registry.npmjs.org/baseline-browser-mapping set size:193794 disposed:false
739 http fetch GET 200 https://registry.npmjs.org/hono 579ms (cache revalidated)
740 silly packumentCache corgi:https://registry.npmjs.org/hono set size:722726 disposed:false
741 http fetch GET 200 https://registry.npmjs.org/esbuild 632ms (cache revalidated)
742 silly packumentCache corgi:https://registry.npmjs.org/esbuild set size:889133 disposed:false
743 http fetch GET 200 https://registry.npmjs.org/@angular%2fcompiler 647ms (cache revalidated)
744 silly packumentCache corgi:https://registry.npmjs.org/@angular%2fcompiler set size:1164625 disposed:false
745 http fetch GET 200 https://registry.npmjs.org/tar 659ms (cache revalidated)
746 silly packumentCache corgi:https://registry.npmjs.org/tar set size:208035 disposed:false
747 http fetch GET 200 https://registry.npmjs.org/@angular%2fcore 672ms (cache revalidated)
748 silly packumentCache corgi:https://registry.npmjs.org/@angular%2fcore set size:1209738 disposed:false
749 http fetch GET 200 https://registry.npmjs.org/@babel%2fcore 687ms (cache revalidated)
750 silly packumentCache corgi:https://registry.npmjs.org/@babel%2fcore set size:424334 disposed:false
751 http fetch GET 200 https://registry.npmjs.org/postcss 691ms (cache revalidated)
752 silly packumentCache corgi:https://registry.npmjs.org/postcss set size:357674 disposed:false
753 http fetch GET 200 https://registry.npmjs.org/fast-uri 703ms (cache revalidated)
754 silly packumentCache corgi:https://registry.npmjs.org/fast-uri set size:36115 disposed:false
755 http fetch GET 200 https://registry.npmjs.org/undici 703ms (cache revalidated)
756 silly packumentCache corgi:https://registry.npmjs.org/undici set size:460929 disposed:false
757 http fetch GET 200 https://registry.npmjs.org/brace-expansion 721ms (cache revalidated)
758 silly packumentCache corgi:https://registry.npmjs.org/brace-expansion set size:34964 disposed:false
759 http fetch GET 200 https://registry.npmjs.org/vitest 719ms (cache revalidated)
760 silly packumentCache corgi:https://registry.npmjs.org/vitest set size:1281194 disposed:false
761 http fetch GET 200 https://registry.npmjs.org/nanoid 741ms (cache revalidated)
762 silly packumentCache corgi:https://registry.npmjs.org/nanoid set size:159237 disposed:false
763 http fetch GET 200 https://registry.npmjs.org/@angular%2fcommon 758ms (cache revalidated)
764 silly packumentCache corgi:https://registry.npmjs.org/@angular%2fcommon set size:1195311 disposed:false
765 silly packumentCache corgi:https://registry.npmjs.org/@angular%2fforms cache-miss
766 silly packumentCache corgi:https://registry.npmjs.org/@angular%2fplatform-browser cache-miss
767 silly packumentCache corgi:https://registry.npmjs.org/@angular%2frouter cache-miss
768 http fetch GET 200 https://registry.npmjs.org/@angular%2fplatform-browser 167ms (cache revalidated)
769 silly packumentCache corgi:https://registry.npmjs.org/@angular%2fplatform-browser set size:1314018 disposed:false
770 http fetch GET 200 https://registry.npmjs.org/@angular%2frouter 181ms (cache revalidated)
771 silly packumentCache corgi:https://registry.npmjs.org/@angular%2frouter set size:1294782 disposed:false
772 http fetch GET 200 https://registry.npmjs.org/@angular%2fforms 205ms (cache revalidated)
773 silly packumentCache corgi:https://registry.npmjs.org/@angular%2fforms set size:1266531 disposed:false
774 silly packumentCache corgi:https://registry.npmjs.org/@angular%2fbuild cache-miss
775 silly packumentCache corgi:https://registry.npmjs.org/@angular%2fcompiler-cli cache-miss
776 http fetch GET 200 https://registry.npmjs.org/@angular%2fbuild 148ms (cache revalidated)
777 silly packumentCache corgi:https://registry.npmjs.org/@angular%2fbuild set size:703108 disposed:false
778 http fetch GET 200 https://registry.npmjs.org/@angular%2fcompiler-cli 184ms (cache revalidated)
779 silly packumentCache corgi:https://registry.npmjs.org/@angular%2fcompiler-cli set size:1573583 disposed:false
780 silly packumentCache corgi:https://registry.npmjs.org/@babel%2fhelper-module-transforms cache-miss
781 http fetch GET 200 https://registry.npmjs.org/@babel%2fhelper-module-transforms 126ms (cache revalidated)
782 silly packumentCache corgi:https://registry.npmjs.org/@babel%2fhelper-module-transforms set size:188912 disposed:false
783 silly packumentCache corgi:https://registry.npmjs.org/@modelcontextprotocol%2fsdk cache-miss
784 http fetch GET 200 https://registry.npmjs.org/@modelcontextprotocol%2fsdk 104ms (cache revalidated)
785 silly packumentCache corgi:https://registry.npmjs.org/@modelcontextprotocol%2fsdk set size:118002 disposed:false
786 silly packumentCache corgi:https://registry.npmjs.org/minimatch cache-miss
787 http fetch GET 200 https://registry.npmjs.org/minimatch 101ms (cache revalidated)
788 silly packumentCache corgi:https://registry.npmjs.org/minimatch set size:169442 disposed:false
789 silly packumentCache corgi:https://registry.npmjs.org/@babel%2fhelper-compilation-targets cache-miss
790 silly packumentCache corgi:https://registry.npmjs.org/update-browserslist-db cache-miss
791 http fetch GET 200 https://registry.npmjs.org/update-browserslist-db 61ms (cache revalidated)
792 silly packumentCache corgi:https://registry.npmjs.org/update-browserslist-db set size:39188 disposed:false
793 http fetch GET 200 https://registry.npmjs.org/@babel%2fhelper-compilation-targets 71ms (cache revalidated)
794 silly packumentCache corgi:https://registry.npmjs.org/@babel%2fhelper-compilation-targets set size:129258 disposed:false
795 silly packumentCache corgi:https://registry.npmjs.org/vite cache-miss
796 http fetch GET 200 https://registry.npmjs.org/vite 67ms (cache revalidated)
797 silly packumentCache corgi:https://registry.npmjs.org/vite set size:2307868 disposed:false
798 silly packumentCache corgi:https://registry.npmjs.org/ajv cache-miss
799 http fetch GET 200 https://registry.npmjs.org/ajv 69ms (cache revalidated)
800 silly packumentCache corgi:https://registry.npmjs.org/ajv set size:467559 disposed:false
801 silly packumentCache corgi:https://registry.npmjs.org/express-rate-limit cache-miss
802 silly packumentCache corgi:https://registry.npmjs.org/socks cache-miss
803 http fetch GET 200 https://registry.npmjs.org/socks 72ms (cache revalidated)
804 silly packumentCache corgi:https://registry.npmjs.org/socks set size:67907 disposed:false
805 http fetch GET 200 https://registry.npmjs.org/express-rate-limit 83ms (cache revalidated)
806 silly packumentCache corgi:https://registry.npmjs.org/express-rate-limit set size:184416 disposed:false
807 silly packumentCache corgi:https://registry.npmjs.org/jsdom cache-miss
808 http fetch GET 200 https://registry.npmjs.org/jsdom 66ms (cache revalidated)
809 silly packumentCache corgi:https://registry.npmjs.org/jsdom set size:387645 disposed:false
810 silly packumentCache corgi:https://registry.npmjs.org/node-gyp cache-miss
811 http fetch GET 200 https://registry.npmjs.org/node-gyp 73ms (cache revalidated)
812 silly packumentCache corgi:https://registry.npmjs.org/node-gyp set size:163419 disposed:false
813 silly packumentCache corgi:https://registry.npmjs.org/beasties cache-miss
814 silly packumentCache corgi:https://registry.npmjs.org/postcss-safe-parser cache-miss
815 http fetch GET 200 https://registry.npmjs.org/beasties 89ms (cache revalidated)
816 silly packumentCache corgi:https://registry.npmjs.org/beasties set size:17499 disposed:false
817 http fetch GET 200 https://registry.npmjs.org/postcss-safe-parser 90ms (cache revalidated)
818 silly packumentCache corgi:https://registry.npmjs.org/postcss-safe-parser set size:27183 disposed:false
819 silly packumentCache corgi:https://registry.npmjs.org/body-parser cache-miss
820 silly packumentCache corgi:https://registry.npmjs.org/express cache-miss
821 http fetch GET 200 https://registry.npmjs.org/express 60ms (cache revalidated)
822 silly packumentCache corgi:https://registry.npmjs.org/express set size:341170 disposed:false
823 http fetch GET 200 https://registry.npmjs.org/body-parser 76ms (cache revalidated)
824 silly packumentCache corgi:https://registry.npmjs.org/body-parser set size:82509 disposed:false
825 silly packumentCache corgi:https://registry.npmjs.org/pacote cache-miss
826 http fetch GET 200 https://registry.npmjs.org/pacote 52ms (cache revalidated)
827 silly packumentCache corgi:https://registry.npmjs.org/pacote set size:403023 disposed:false
828 info run @parcel/watcher@2.5.6 install node_modules/@parcel/watcher node scripts/build-from-source.js
829 info run lmdb@3.5.4 install node_modules/lmdb node-gyp-build-optional-packages
830 info run msgpackr-extract@3.0.4 install node_modules/msgpackr-extract node-gyp-build-optional-packages
831 info run @parcel/watcher@2.5.6 install { code: 0, signal: null }
832 info run lmdb@3.5.4 install { code: 0, signal: null }
833 info run msgpackr-extract@3.0.4 install { code: 0, signal: null }
834 info run esbuild@0.28.1 postinstall node_modules/esbuild node install.js
835 info run esbuild@0.27.7 postinstall node_modules/vite/node_modules/esbuild node install.js
836 info run esbuild@0.28.1 postinstall { code: 0, signal: null }
837 info run esbuild@0.27.7 postinstall { code: 0, signal: null }
838 silly ADD node_modules/zone.js
839 silly ADD node_modules/zod-to-json-schema
840 silly ADD node_modules/zod
841 silly ADD node_modules/yoctocolors
842 silly ADD node_modules/yargs-parser
843 silly ADD node_modules/yargs
844 silly ADD node_modules/yargs/node_modules/string-width
845 silly ADD node_modules/yallist
846 silly ADD node_modules/y18n
847 silly ADD node_modules/xmlchars
848 silly ADD node_modules/xml-name-validator
849 silly ADD node_modules/wrappy
850 silly ADD node_modules/wrap-ansi
851 silly ADD node_modules/why-is-node-running
852 silly ADD node_modules/which
853 silly ADD node_modules/whatwg-url
854 silly ADD node_modules/whatwg-mimetype
855 silly ADD node_modules/webidl-conversions
856 silly ADD node_modules/weak-lru-cache
857 silly ADD node_modules/watchpack
858 silly ADD node_modules/w3c-xmlserializer
859 silly ADD node_modules/vitest
860 silly ADD node_modules/vite
861 silly ADD node_modules/vite/node_modules/esbuild
862 silly ADD
863 silly ADD
864 silly ADD
865 silly ADD
866 silly ADD
867 silly ADD
868 silly ADD
869 silly ADD
870 silly ADD
871 silly ADD node_modules/vite/node_modules/@esbuild/linux-x64
872 silly ADD
873 silly ADD
874 silly ADD
875 silly ADD
876 silly ADD
877 silly ADD
878 silly ADD
879 silly ADD
880 silly ADD
881 silly ADD
882 silly ADD
883 silly ADD
884 silly ADD
885 silly ADD
886 silly ADD
887 silly ADD
888 silly ADD node_modules/vary
889 silly ADD node_modules/validate-npm-package-name
890 silly ADD node_modules/update-browserslist-db
891 silly ADD node_modules/unpipe
892 silly ADD node_modules/undici
893 silly ADD node_modules/typescript
894 silly ADD node_modules/type-is
895 silly ADD node_modules/type-is/node_modules/content-type
896 silly ADD node_modules/tuf-js
897 silly ADD node_modules/tslib
898 silly ADD node_modules/tr46
899 silly ADD node_modules/tough-cookie
900 silly ADD node_modules/toidentifier
901 silly ADD node_modules/tldts-core
902 silly ADD node_modules/tldts
903 silly ADD node_modules/tinyrainbow
904 silly ADD node_modules/tinyglobby
905 silly ADD node_modules/tinyexec
906 silly ADD node_modules/tinybench
907 silly ADD node_modules/tar
908 silly ADD node_modules/tar/node_modules/yallist
909 silly ADD node_modules/symbol-tree
910 silly ADD node_modules/strip-ansi
911 silly ADD node_modules/string-width
912 silly ADD node_modules/stdin-discarder
913 silly ADD node_modules/std-env
914 silly ADD node_modules/statuses
915 silly ADD node_modules/stackback
916 silly ADD node_modules/ssri
917 silly ADD node_modules/spdx-license-ids
918 silly ADD node_modules/spdx-expression-parse
919 silly ADD node_modules/spdx-exceptions
920 silly ADD node_modules/source-map-support
921 silly ADD node_modules/source-map-support/node_modules/source-map
922 silly ADD node_modules/source-map-js
923 silly ADD node_modules/source-map
924 silly ADD node_modules/socks-proxy-agent
925 silly ADD node_modules/socks-proxy-agent/node_modules/agent-base
926 silly ADD node_modules/socks
927 silly ADD node_modules/smart-buffer
928 silly ADD node_modules/slice-ansi
929 silly ADD node_modules/sigstore
930 silly ADD node_modules/signal-exit
931 silly ADD node_modules/siginfo
932 silly ADD node_modules/side-channel-weakmap
933 silly ADD node_modules/side-channel-map
934 silly ADD node_modules/side-channel-list
935 silly ADD node_modules/side-channel
936 silly ADD node_modules/shebang-regex
937 silly ADD node_modules/shebang-command
938 silly ADD node_modules/setprototypeof
939 silly ADD node_modules/serve-static
940 silly ADD node_modules/send
941 silly ADD node_modules/semver
942 silly ADD node_modules/saxes
943 silly ADD node_modules/sass
944 silly ADD node_modules/sass/node_modules/readdirp
945 silly ADD node_modules/sass/node_modules/chokidar
946 silly ADD node_modules/safer-buffer
947 silly ADD node_modules/rxjs
948 silly ADD node_modules/router
949 silly ADD node_modules/rollup
950 silly ADD node_modules/rfdc
951 silly ADD node_modules/restore-cursor
952 silly ADD node_modules/require-from-string
953 silly ADD node_modules/reflect-metadata
954 silly ADD node_modules/readdirp
955 silly ADD node_modules/raw-body
956 silly ADD node_modules/range-parser
957 silly ADD node_modules/qs
958 silly ADD node_modules/punycode
959 silly ADD node_modules/proxy-addr
960 silly ADD node_modules/proc-log
961 silly ADD node_modules/prettier
962 silly ADD node_modules/postcss-safe-parser
963 silly ADD node_modules/postcss-media-query-parser
964 silly ADD node_modules/postcss
965 silly ADD node_modules/pkce-challenge
966 silly ADD node_modules/piscina
967 silly ADD node_modules/picomatch
968 silly ADD node_modules/picocolors
969 silly ADD node_modules/pathe
970 silly ADD node_modules/path-to-regexp
971 silly ADD node_modules/path-scurry
972 silly ADD node_modules/path-scurry/node_modules/lru-cache
973 silly ADD node_modules/path-key
974 silly ADD node_modules/parseurl
975 silly ADD node_modules/parse5-sax-parser
976 silly ADD node_modules/parse5-html-rewriting-stream
977 silly ADD node_modules/parse5-html-rewriting-stream/node_modules/entities
978 silly ADD node_modules/parse5
979 silly ADD node_modules/parse5/node_modules/entities
980 silly ADD node_modules/pacote
981 silly ADD node_modules/p-map
982 silly ADD node_modules/ordered-binary
983 silly ADD node_modules/ora
984 silly ADD node_modules/onetime
985 silly ADD node_modules/once
986 silly ADD node_modules/on-finished
987 silly ADD node_modules/obug
988 silly ADD node_modules/object-inspect
989 silly ADD node_modules/object-assign
990 silly ADD node_modules/nth-check
991 silly ADD node_modules/npm-registry-fetch
992 silly ADD node_modules/npm-pick-manifest
993 silly ADD node_modules/npm-packlist
994 silly ADD node_modules/npm-package-arg
995 silly ADD node_modules/npm-normalize-package-bin
996 silly ADD node_modules/npm-install-checks
997 silly ADD node_modules/npm-bundled
998 silly ADD node_modules/nopt
999 silly ADD node_modules/node-releases
1000 silly ADD node_modules/node-gyp-build-optional-packages
1001 silly ADD node_modules/node-gyp
1002 silly ADD node_modules/node-gyp/node_modules/which
1003 silly ADD node_modules/node-gyp/node_modules/undici
1004 silly ADD node_modules/node-gyp/node_modules/isexe
1005 silly ADD node_modules/node-addon-api
1006 silly ADD node_modules/negotiator
1007 silly ADD node_modules/nanoid
1008 silly ADD node_modules/mute-stream
1009 silly ADD node_modules/msgpackr-extract
1010 silly ADD node_modules/msgpackr
1011 silly ADD node_modules/ms
1012 silly ADD node_modules/mrmime
1013 silly ADD node_modules/minizlib
1014 silly ADD node_modules/minipass-sized
1015 silly ADD node_modules/minipass-pipeline
1016 silly ADD node_modules/minipass-pipeline/node_modules/yallist
1017 silly ADD node_modules/minipass-pipeline/node_modules/minipass
1018 silly ADD node_modules/minipass-flush
1019 silly ADD node_modules/minipass-flush/node_modules/yallist
1020 silly ADD node_modules/minipass-flush/node_modules/minipass
1021 silly ADD node_modules/minipass-fetch
1022 silly ADD node_modules/minipass-collect
1023 silly ADD node_modules/minipass
1024 silly ADD node_modules/minimatch
1025 silly ADD node_modules/mimic-function
1026 silly ADD node_modules/mime-types
1027 silly ADD node_modules/mime-db
1028 silly ADD node_modules/merge-descriptors
1029 silly ADD node_modules/media-typer
1030 silly ADD node_modules/mdn-data
1031 silly ADD node_modules/math-intrinsics
1032 silly ADD node_modules/make-fetch-happen
1033 silly ADD node_modules/magic-string
1034 silly ADD node_modules/lru-cache
1035 silly ADD node_modules/log-update
1036 silly ADD node_modules/log-update/node_modules/wrap-ansi
1037 silly ADD node_modules/log-update/node_modules/string-width
1038 silly ADD node_modules/log-update/node_modules/slice-ansi
1039 silly ADD node_modules/log-symbols
1040 silly ADD node_modules/lmdb
1041 silly ADD node_modules/listr2
1042 silly ADD node_modules/jsonparse
1043 silly ADD node_modules/jsonc-parser
1044 silly ADD node_modules/json5
1045 silly ADD node_modules/json-schema-typed
1046 silly ADD node_modules/json-schema-traverse
1047 silly ADD node_modules/json-parse-even-better-errors
1048 silly ADD node_modules/jsesc
1049 silly ADD node_modules/jsdom
1050 silly ADD node_modules/jsdom/node_modules/https-proxy-agent
1051 silly ADD node_modules/jsdom/node_modules/agent-base
1052 silly ADD node_modules/js-tokens
1053 silly ADD node_modules/jose
1054 silly ADD node_modules/isexe
1055 silly ADD node_modules/is-unicode-supported
1056 silly ADD node_modules/is-promise
1057 silly ADD node_modules/is-potential-custom-element-name
1058 silly ADD node_modules/is-interactive
1059 silly ADD node_modules/is-glob
1060 silly ADD node_modules/is-fullwidth-code-point
1061 silly ADD node_modules/is-extglob
1062 silly ADD node_modules/ipaddr.js
1063 silly ADD node_modules/ip-address
1064 silly ADD node_modules/ini
1065 silly ADD node_modules/inherits
1066 silly ADD node_modules/immutable
1067 silly ADD node_modules/ignore-walk
1068 silly ADD node_modules/iconv-lite
1069 silly ADD node_modules/https-proxy-agent
1070 silly ADD node_modules/http-proxy-agent
1071 silly ADD node_modules/http-proxy-agent/node_modules/agent-base
1072 silly ADD node_modules/http-errors
1073 silly ADD node_modules/http-cache-semantics
1074 silly ADD node_modules/htmlparser2
1075 silly ADD node_modules/htmlparser2/node_modules/entities
1076 silly ADD node_modules/html-encoding-sniffer
1077 silly ADD node_modules/hosted-git-info
1078 silly ADD node_modules/hosted-git-info/node_modules/lru-cache
1079 silly ADD node_modules/hono
1080 silly ADD node_modules/hasown
1081 silly ADD node_modules/has-symbols
1082 silly ADD node_modules/graceful-fs
1083 silly ADD node_modules/gopd
1084 silly ADD node_modules/glob-to-regexp
1085 silly ADD node_modules/glob
1086 silly ADD node_modules/get-proto
1087 silly ADD node_modules/get-intrinsic
1088 silly ADD node_modules/get-east-asian-width
1089 silly ADD node_modules/get-caller-file
1090 silly ADD node_modules/gensync
1091 silly ADD node_modules/function-bind
1092 silly ADD
1093 silly ADD node_modules/fs-minipass
1094 silly ADD node_modules/fresh
1095 silly ADD node_modules/forwarded
1096 silly ADD node_modules/finalhandler
1097 silly ADD node_modules/fdir
1098 silly ADD node_modules/fast-wrap-ansi
1099 silly ADD node_modules/fast-uri
1100 silly ADD node_modules/fast-string-width
1101 silly ADD node_modules/fast-string-truncated-width
1102 silly ADD node_modules/fast-deep-equal
1103 silly ADD node_modules/express-rate-limit
1104 silly ADD node_modules/express
1105 silly ADD node_modules/exponential-backoff
1106 silly ADD node_modules/expect-type
1107 silly ADD node_modules/eventsource-parser
1108 silly ADD node_modules/eventsource
1109 silly ADD node_modules/eventemitter3
1110 silly ADD node_modules/etag
1111 silly ADD node_modules/estree-walker
1112 silly ADD node_modules/escape-html
1113 silly ADD node_modules/escalade
1114 silly ADD node_modules/esbuild
1115 silly ADD node_modules/es-object-atoms
1116 silly ADD node_modules/es-module-lexer
1117 silly ADD node_modules/es-errors
1118 silly ADD node_modules/es-define-property
1119 silly ADD node_modules/environment
1120 silly ADD node_modules/env-paths
1121 silly ADD node_modules/entities
1122 silly ADD node_modules/encodeurl
1123 silly ADD node_modules/emoji-regex
1124 silly ADD node_modules/electron-to-chromium
1125 silly ADD node_modules/ee-first
1126 silly ADD node_modules/dunder-proto
1127 silly ADD node_modules/domutils
1128 silly ADD node_modules/domhandler
1129 silly ADD node_modules/domelementtype
1130 silly ADD node_modules/dom-serializer
1131 silly ADD node_modules/detect-libc
1132 silly ADD node_modules/depd
1133 silly ADD node_modules/decimal.js
1134 silly ADD node_modules/debug
1135 silly ADD node_modules/data-urls
1136 silly ADD node_modules/cssstyle
1137 silly ADD node_modules/cssstyle/node_modules/lru-cache
1138 silly ADD node_modules/css-what
1139 silly ADD node_modules/css-tree
1140 silly ADD node_modules/css-select
1141 silly ADD node_modules/cross-spawn
1142 silly ADD node_modules/cors
1143 silly ADD node_modules/cookie-signature
1144 silly ADD node_modules/cookie
1145 silly ADD node_modules/convert-source-map
1146 silly ADD node_modules/content-type
1147 silly ADD node_modules/content-disposition
1148 silly ADD node_modules/cliui
1149 silly ADD node_modules/cliui/node_modules/wrap-ansi
1150 silly ADD node_modules/cliui/node_modules/string-width
1151 silly ADD node_modules/cli-width
1152 silly ADD node_modules/cli-truncate
1153 silly ADD node_modules/cli-spinners
1154 silly ADD node_modules/cli-cursor
1155 silly ADD node_modules/chownr
1156 silly ADD node_modules/chokidar
1157 silly ADD node_modules/chardet
1158 silly ADD node_modules/chalk
1159 silly ADD node_modules/chai
1160 silly ADD node_modules/caniuse-lite
1161 silly ADD node_modules/call-bound
1162 silly ADD node_modules/call-bind-apply-helpers
1163 silly ADD node_modules/cacache
1164 silly ADD node_modules/cacache/node_modules/lru-cache
1165 silly ADD node_modules/bytes
1166 silly ADD node_modules/buffer-from
1167 silly ADD node_modules/browserslist
1168 silly ADD node_modules/brace-expansion
1169 silly ADD node_modules/boolbase
1170 silly ADD node_modules/body-parser
1171 silly ADD node_modules/body-parser/node_modules/content-type
1172 silly ADD node_modules/bidi-js
1173 silly ADD node_modules/beasties
1174 silly ADD node_modules/baseline-browser-mapping
1175 silly ADD node_modules/balanced-match
1176 silly ADD node_modules/assertion-error
1177 silly ADD node_modules/ansi-styles
1178 silly ADD node_modules/ansi-regex
1179 silly ADD node_modules/ansi-escapes
1180 silly ADD node_modules/algoliasearch
1181 silly ADD node_modules/ajv-formats
1182 silly ADD node_modules/ajv
1183 silly ADD node_modules/agent-base
1184 silly ADD node_modules/accepts
1185 silly ADD node_modules/abbrev
1186 silly ADD node_modules/@yarnpkg/lockfile
1187 silly ADD node_modules/@vitest/utils
1188 silly ADD node_modules/@vitest/utils/node_modules/convert-source-map
1189 silly ADD node_modules/@vitest/spy
1190 silly ADD node_modules/@vitest/snapshot
1191 silly ADD node_modules/@vitest/runner
1192 silly ADD node_modules/@vitest/pretty-format
1193 silly ADD node_modules/@vitest/mocker
1194 silly ADD node_modules/@vitest/expect
1195 silly ADD node_modules/@vitejs/plugin-basic-ssl
1196 silly ADD node_modules/@types/estree
1197 silly ADD node_modules/@types/deep-eql
1198 silly ADD node_modules/@types/chai
1199 silly ADD node_modules/@tufjs/models
1200 silly ADD node_modules/@tufjs/canonical-json
1201 silly ADD node_modules/@standard-schema/spec
1202 silly ADD node_modules/@sigstore/verify
1203 silly ADD node_modules/@sigstore/tuf
1204 silly ADD node_modules/@sigstore/sign
1205 silly ADD node_modules/@sigstore/protobuf-specs
1206 silly ADD node_modules/@sigstore/core
1207 silly ADD node_modules/@sigstore/bundle
1208 silly ADD node_modules/@schematics/angular
1209 silly ADD
1210 silly ADD
1211 silly ADD
1212 silly ADD
1213 silly ADD
1214 silly ADD
1215 silly ADD
1216 silly ADD node_modules/@rollup/rollup-linux-x64-gnu
1217 silly ADD
1218 silly ADD
1219 silly ADD
1220 silly ADD
1221 silly ADD
1222 silly ADD
1223 silly ADD
1224 silly ADD
1225 silly ADD
1226 silly ADD
1227 silly ADD
1228 silly ADD
1229 silly ADD
1230 silly ADD
1231 silly ADD
1232 silly ADD
1233 silly ADD
1234 silly ADD
1235 silly ADD
1236 silly ADD
1237 silly ADD
1238 silly ADD node_modules/@parcel/watcher-linux-x64-glibc
1239 silly ADD
1240 silly ADD
1241 silly ADD
1242 silly ADD
1243 silly ADD
1244 silly ADD
1245 silly ADD
1246 silly ADD
1247 silly ADD node_modules/@parcel/watcher
1248 silly ADD node_modules/@parcel/watcher/node_modules/node-addon-api
1249 silly ADD node_modules/@npmcli/run-script
1250 silly ADD node_modules/@npmcli/redact
1251 silly ADD node_modules/@npmcli/promise-spawn
1252 silly ADD node_modules/@npmcli/promise-spawn/node_modules/which
1253 silly ADD node_modules/@npmcli/promise-spawn/node_modules/isexe
1254 silly ADD node_modules/@npmcli/package-json
1255 silly ADD node_modules/@npmcli/node-gyp
1256 silly ADD node_modules/@npmcli/installed-package-contents
1257 silly ADD node_modules/@npmcli/git
1258 silly ADD node_modules/@npmcli/git/node_modules/which
1259 silly ADD node_modules/@npmcli/git/node_modules/lru-cache
1260 silly ADD node_modules/@npmcli/git/node_modules/isexe
1261 silly ADD node_modules/@npmcli/fs
1262 silly ADD node_modules/@npmcli/agent
1263 silly ADD node_modules/@npmcli/agent/node_modules/lru-cache
1264 silly ADD node_modules/@npmcli/agent/node_modules/https-proxy-agent
1265 silly ADD node_modules/@npmcli/agent/node_modules/agent-base
1266 silly ADD
1267 silly ADD
1268 silly ADD
1269 silly ADD
1270 silly ADD
1271 silly ADD node_modules/@napi-rs/nice-linux-x64-gnu
1272 silly ADD
1273 silly ADD
1274 silly ADD
1275 silly ADD
1276 silly ADD
1277 silly ADD
1278 silly ADD
1279 silly ADD
1280 silly ADD
1281 silly ADD
1282 silly ADD
1283 silly ADD node_modules/@napi-rs/nice
1284 silly ADD
1285 silly ADD node_modules/@msgpackr-extract/msgpackr-extract-linux-x64
1286 silly ADD
1287 silly ADD
1288 silly ADD
1289 silly ADD
1290 silly ADD node_modules/@modelcontextprotocol/sdk
1291 silly ADD
1292 silly ADD
1293 silly ADD node_modules/@lmdb/lmdb-linux-x64
1294 silly ADD
1295 silly ADD
1296 silly ADD
1297 silly ADD
1298 silly ADD node_modules/@listr2/prompt-adapter-inquirer
1299 silly ADD node_modules/@jridgewell/trace-mapping
1300 silly ADD node_modules/@jridgewell/sourcemap-codec
1301 silly ADD node_modules/@jridgewell/resolve-uri
1302 silly ADD node_modules/@jridgewell/remapping
1303 silly ADD node_modules/@jridgewell/gen-mapping
1304 silly ADD node_modules/@isaacs/fs-minipass
1305 silly ADD node_modules/@inquirer/type
1306 silly ADD node_modules/@inquirer/select
1307 silly ADD node_modules/@inquirer/search
1308 silly ADD node_modules/@inquirer/rawlist
1309 silly ADD node_modules/@inquirer/prompts
1310 silly ADD node_modules/@inquirer/password
1311 silly ADD node_modules/@inquirer/number
1312 silly ADD node_modules/@inquirer/input
1313 silly ADD node_modules/@inquirer/figures
1314 silly ADD node_modules/@inquirer/external-editor
1315 silly ADD node_modules/@inquirer/expand
1316 silly ADD node_modules/@inquirer/editor
1317 silly ADD node_modules/@inquirer/core
1318 silly ADD node_modules/@inquirer/confirm
1319 silly ADD node_modules/@inquirer/checkbox
1320 silly ADD node_modules/@inquirer/ansi
1321 silly ADD node_modules/@hono/node-server
1322 silly ADD node_modules/@harperfast/extended-iterable
1323 silly ADD node_modules/@gar/promise-retry
1324 silly ADD node_modules/@exodus/bytes
1325 silly ADD
1326 silly ADD
1327 silly ADD
1328 silly ADD
1329 silly ADD
1330 silly ADD
1331 silly ADD
1332 silly ADD
1333 silly ADD
1334 silly ADD node_modules/@esbuild/linux-x64
1335 silly ADD
1336 silly ADD
1337 silly ADD
1338 silly ADD
1339 silly ADD
1340 silly ADD
1341 silly ADD
1342 silly ADD
1343 silly ADD
1344 silly ADD
1345 silly ADD
1346 silly ADD
1347 silly ADD
1348 silly ADD
1349 silly ADD
1350 silly ADD
1351 silly ADD node_modules/@csstools/css-tokenizer
1352 silly ADD node_modules/@csstools/css-syntax-patches-for-csstree
1353 silly ADD node_modules/@csstools/css-parser-algorithms
1354 silly ADD node_modules/@csstools/css-color-parser
1355 silly ADD node_modules/@csstools/css-calc
1356 silly ADD node_modules/@csstools/color-helpers
1357 silly ADD node_modules/@bramus/specificity
1358 silly ADD node_modules/@babel/types
1359 silly ADD node_modules/@babel/traverse
1360 silly ADD node_modules/@babel/template
1361 silly ADD node_modules/@babel/parser
1362 silly ADD node_modules/@babel/helpers
1363 silly ADD node_modules/@babel/helper-validator-option
1364 silly ADD node_modules/@babel/helper-validator-identifier
1365 silly ADD node_modules/@babel/helper-string-parser
1366 silly ADD node_modules/@babel/helper-split-export-declaration
1367 silly ADD node_modules/@babel/helper-module-transforms
1368 silly ADD node_modules/@babel/helper-module-imports
1369 silly ADD node_modules/@babel/helper-globals
1370 silly ADD node_modules/@babel/helper-compilation-targets
1371 silly ADD node_modules/@babel/helper-compilation-targets/node_modules/semver
1372 silly ADD node_modules/@babel/helper-annotate-as-pure
1373 silly ADD node_modules/@babel/generator
1374 silly ADD node_modules/@babel/core
1375 silly ADD node_modules/@babel/core/node_modules/semver
1376 silly ADD node_modules/@babel/core/node_modules/convert-source-map
1377 silly ADD node_modules/@babel/compat-data
1378 silly ADD node_modules/@babel/code-frame
1379 silly ADD node_modules/@asamuzakjp/nwsapi
1380 silly ADD node_modules/@asamuzakjp/generational-cache
1381 silly ADD node_modules/@asamuzakjp/dom-selector
1382 silly ADD node_modules/@asamuzakjp/dom-selector/node_modules/lru-cache
1383 silly ADD node_modules/@asamuzakjp/css-color
1384 silly ADD node_modules/@angular/router
1385 silly ADD node_modules/@angular/platform-browser
1386 silly ADD node_modules/@angular/forms
1387 silly ADD node_modules/@angular/core
1388 silly ADD node_modules/@angular/compiler-cli
1389 silly ADD node_modules/@angular/compiler-cli/node_modules/@babel/core
1390 silly ADD node_modules/@angular/compiler-cli/node_modules/@babel/core/node_modules/semver
1391 silly ADD node_modules/@angular/compiler-cli/node_modules/@babel/core/node_modules/convert-source-map
1392 silly ADD node_modules/@angular/compiler
1393 silly ADD node_modules/@angular/common
1394 silly ADD node_modules/@angular/cli
1395 silly ADD node_modules/@angular/build
1396 silly ADD node_modules/@angular-devkit/schematics
1397 silly ADD node_modules/@angular-devkit/core
1398 silly ADD node_modules/@angular-devkit/architect
1399 silly ADD node_modules/@ampproject/remapping
1400 silly ADD node_modules/@algolia/requester-node-http
1401 silly ADD node_modules/@algolia/requester-fetch
1402 silly ADD node_modules/@algolia/requester-browser-xhr
1403 silly ADD node_modules/@algolia/recommend
1404 silly ADD node_modules/@algolia/monitoring
1405 silly ADD node_modules/@algolia/ingestion
1406 silly ADD node_modules/@algolia/client-search
1407 silly ADD node_modules/@algolia/client-query-suggestions
1408 silly ADD node_modules/@algolia/client-personalization
1409 silly ADD node_modules/@algolia/client-insights
1410 silly ADD node_modules/@algolia/client-common
1411 silly ADD node_modules/@algolia/client-analytics
1412 silly ADD node_modules/@algolia/client-abtesting
1413 silly ADD node_modules/@algolia/abtesting
1414 silly ADD node_modules/@acemir/cssom
1415 verbose cwd /opt/app-root/src
1416 verbose os Linux 6.12.0-266.el10.x86_64
1417 verbose node v22.23.2
1418 verbose npm  v10.9.8
1419 verbose exit 0
1420 info ok
