0 verbose cli /usr/bin/node-22 /usr/bin/npm
1 info using npm@10.9.8
2 info using node@v22.23.2
3 silly config load:file:/usr/lib/node_modules/npm/npmrc
4 silly config load:file:/opt/app-root/src/.npmrc
5 silly config load:file:/etc/npmrc
6 verbose title npm ci
7 verbose argv "ci"
8 verbose logfile logs-max:10 dir:/opt/app-root/src/.npm/_logs/2026-09-12T22_45_17_668Z-
9 verbose logfile /opt/app-root/src/.npm/_logs/2026-09-12T22_45_17_668Z-debug-0.log
10 silly logfile done cleaning log files
11 silly packumentCache heap:4345298944 maxSize:1086324736 maxEntrySize:543162368
12 silly idealTree buildDeps
13 silly reify moves {}
14 silly audit bulk request {
14 silly audit   '@acemir/cssom': [ '0.9.31' ],
14 silly audit   '@algolia/abtesting': [ '1.18.0' ],
14 silly audit   '@algolia/client-abtesting': [ '5.52.0' ],
14 silly audit   '@algolia/client-analytics': [ '5.52.0' ],
14 silly audit   '@algolia/client-common': [ '5.52.0' ],
14 silly audit   '@algolia/client-insights': [ '5.52.0' ],
14 silly audit   '@algolia/client-personalization': [ '5.52.0' ],
14 silly audit   '@algolia/client-query-suggestions': [ '5.52.0' ],
14 silly audit   '@algolia/client-search': [ '5.52.0' ],
14 silly audit   '@algolia/ingestion': [ '1.52.0' ],
14 silly audit   '@algolia/monitoring': [ '1.52.0' ],
14 silly audit   '@algolia/recommend': [ '5.52.0' ],
14 silly audit   '@algolia/requester-browser-xhr': [ '5.52.0' ],
14 silly audit   '@algolia/requester-fetch': [ '5.52.0' ],
14 silly audit   '@algolia/requester-node-http': [ '5.52.0' ],
14 silly audit   '@ampproject/remapping': [ '2.3.0' ],
14 silly audit   '@angular-devkit/architect': [ '0.2200.4' ],
14 silly audit   '@angular-devkit/core': [ '22.0.4' ],
14 silly audit   '@angular-devkit/schematics': [ '22.0.4' ],
14 silly audit   '@angular/build': [ '22.0.4' ],
14 silly audit   '@angular/cli': [ '22.0.4' ],
14 silly audit   '@angular/common': [ '22.0.4' ],
14 silly audit   '@angular/compiler': [ '22.0.4' ],
14 silly audit   '@angular/compiler-cli': [ '22.0.4' ],
14 silly audit   '@babel/core': [ '7.29.7', '7.29.0' ],
14 silly audit   'convert-source-map': [ '2.0.0', '1.9.0' ],
14 silly audit   semver: [ '6.3.1', '7.7.4' ],
14 silly audit   '@angular/core': [ '22.0.4' ],
14 silly audit   '@angular/forms': [ '22.0.4' ],
14 silly audit   '@angular/platform-browser': [ '22.0.4' ],
14 silly audit   '@angular/router': [ '22.0.4' ],
14 silly audit   '@asamuzakjp/css-color': [ '5.1.11' ],
14 silly audit   '@asamuzakjp/dom-selector': [ '6.8.1' ],
14 silly audit   'lru-cache': [ '11.5.1', '5.1.1' ],
14 silly audit   '@asamuzakjp/generational-cache': [ '1.0.1' ],
14 silly audit   '@asamuzakjp/nwsapi': [ '2.3.9' ],
14 silly audit   '@babel/code-frame': [ '7.29.7' ],
14 silly audit   '@babel/compat-data': [ '7.29.7' ],
14 silly audit   '@babel/generator': [ '7.29.7' ],
14 silly audit   '@babel/helper-annotate-as-pure': [ '7.27.3' ],
14 silly audit   '@babel/helper-compilation-targets': [ '7.29.7' ],
14 silly audit   '@babel/helper-globals': [ '7.29.7' ],
14 silly audit   '@babel/helper-module-imports': [ '7.29.7' ],
14 silly audit   '@babel/helper-module-transforms': [ '7.29.7' ],
14 silly audit   '@babel/helper-split-export-declaration': [ '7.24.7' ],
14 silly audit   '@babel/helper-string-parser': [ '7.29.7' ],
14 silly audit   '@babel/helper-validator-identifier': [ '7.29.7' ],
14 silly audit   '@babel/helper-validator-option': [ '7.29.7' ],
14 silly audit   '@babel/helpers': [ '7.29.7' ],
14 silly audit   '@babel/parser': [ '7.29.7' ],
14 silly audit   '@babel/template': [ '7.29.7' ],
14 silly audit   '@babel/traverse': [ '7.29.7' ],
14 silly audit   '@babel/types': [ '7.29.7' ],
14 silly audit   '@bramus/specificity': [ '2.4.2' ],
14 silly audit   '@csstools/color-helpers': [ '6.1.0' ],
14 silly audit   '@csstools/css-calc': [ '3.2.1' ],
14 silly audit   '@csstools/css-color-parser': [ '4.1.9' ],
14 silly audit   '@csstools/css-parser-algorithms': [ '4.0.0' ],
14 silly audit   '@csstools/css-syntax-patches-for-csstree': [ '1.1.5' ],
14 silly audit   '@csstools/css-tokenizer': [ '4.0.0' ],
14 silly audit   '@esbuild/aix-ppc64': [ '0.28.1', '0.27.7' ],
14 silly audit   '@esbuild/android-arm': [ '0.28.1', '0.27.7' ],
14 silly audit   '@esbuild/android-arm64': [ '0.28.1', '0.27.7' ],
14 silly audit   '@esbuild/android-x64': [ '0.28.1', '0.27.7' ],
14 silly audit   '@esbuild/darwin-arm64': [ '0.28.1', '0.27.7' ],
14 silly audit   '@esbuild/darwin-x64': [ '0.28.1', '0.27.7' ],
14 silly audit   '@esbuild/freebsd-arm64': [ '0.28.1', '0.27.7' ],
14 silly audit   '@esbuild/freebsd-x64': [ '0.28.1', '0.27.7' ],
14 silly audit   '@esbuild/linux-arm': [ '0.28.1', '0.27.7' ],
14 silly audit   '@esbuild/linux-arm64': [ '0.28.1', '0.27.7' ],
14 silly audit   '@esbuild/linux-ia32': [ '0.28.1', '0.27.7' ],
14 silly audit   '@esbuild/linux-loong64': [ '0.28.1', '0.27.7' ],
14 silly audit   '@esbuild/linux-mips64el': [ '0.28.1', '0.27.7' ],
14 silly audit   '@esbuild/linux-ppc64': [ '0.28.1', '0.27.7' ],
14 silly audit   '@esbuild/linux-riscv64': [ '0.28.1', '0.27.7' ],
14 silly audit   '@esbuild/linux-s390x': [ '0.28.1', '0.27.7' ],
14 silly audit   '@esbuild/linux-x64': [ '0.28.1', '0.27.7' ],
14 silly audit   '@esbuild/netbsd-arm64': [ '0.28.1', '0.27.7' ],
14 silly audit   '@esbuild/netbsd-x64': [ '0.28.1', '0.27.7' ],
14 silly audit   '@esbuild/openbsd-arm64': [ '0.28.1', '0.27.7' ],
14 silly audit   '@esbuild/openbsd-x64': [ '0.28.1', '0.27.7' ],
14 silly audit   '@esbuild/openharmony-arm64': [ '0.28.1', '0.27.7' ],
14 silly audit   '@esbuild/sunos-x64': [ '0.28.1', '0.27.7' ],
14 silly audit   '@esbuild/win32-arm64': [ '0.28.1', '0.27.7' ],
14 silly audit   '@esbuild/win32-ia32': [ '0.28.1', '0.27.7' ],
14 silly audit   '@esbuild/win32-x64': [ '0.28.1', '0.27.7' ],
14 silly audit   '@exodus/bytes': [ '1.15.1' ],
14 silly audit   '@gar/promise-retry': [ '1.0.3' ],
14 silly audit   '@harperfast/extended-iterable': [ '1.0.3' ],
14 silly audit   '@hono/node-server': [ '1.19.14' ],
14 silly audit   '@inquirer/ansi': [ '2.0.7' ],
14 silly audit   '@inquirer/checkbox': [ '5.2.1' ],
14 silly audit   '@inquirer/confirm': [ '6.0.12' ],
14 silly audit   '@inquirer/core': [ '11.2.1' ],
14 silly audit   '@inquirer/editor': [ '5.2.2' ],
14 silly audit   '@inquirer/expand': [ '5.1.1' ],
14 silly audit   '@inquirer/external-editor': [ '3.0.3' ],
14 silly audit   '@inquirer/figures': [ '2.0.7' ],
14 silly audit   '@inquirer/input': [ '5.1.2' ],
14 silly audit   '@inquirer/number': [ '4.1.1' ],
14 silly audit   '@inquirer/password': [ '5.1.1' ],
14 silly audit   '@inquirer/prompts': [ '8.4.2' ],
14 silly audit   '@inquirer/rawlist': [ '5.3.1' ],
14 silly audit   '@inquirer/search': [ '4.2.1' ],
14 silly audit   '@inquirer/select': [ '5.2.1' ],
14 silly audit   '@inquirer/type': [ '4.0.7' ],
14 silly audit   '@isaacs/fs-minipass': [ '4.0.1' ],
14 silly audit   '@jridgewell/gen-mapping': [ '0.3.13' ],
14 silly audit   '@jridgewell/remapping': [ '2.3.5' ],
14 silly audit   '@jridgewell/resolve-uri': [ '3.1.2' ],
14 silly audit   '@jridgewell/sourcemap-codec': [ '1.5.5' ],
14 silly audit   '@jridgewell/trace-mapping': [ '0.3.31' ],
14 silly audit   '@listr2/prompt-adapter-inquirer': [ '4.2.3' ],
14 silly audit   '@lmdb/lmdb-darwin-arm64': [ '3.5.4' ],
14 silly audit   '@lmdb/lmdb-darwin-x64': [ '3.5.4' ],
14 silly audit   '@lmdb/lmdb-linux-arm': [ '3.5.4' ],
14 silly audit   '@lmdb/lmdb-linux-arm64': [ '3.5.4' ],
14 silly audit   '@lmdb/lmdb-linux-x64': [ '3.5.4' ],
14 silly audit   '@lmdb/lmdb-win32-arm64': [ '3.5.4' ],
14 silly audit   '@lmdb/lmdb-win32-x64': [ '3.5.4' ],
14 silly audit   '@modelcontextprotocol/sdk': [ '1.29.0' ],
14 silly audit   '@msgpackr-extract/msgpackr-extract-darwin-arm64': [ '3.0.4' ],
14 silly audit   '@msgpackr-extract/msgpackr-extract-darwin-x64': [ '3.0.4' ],
14 silly audit   '@msgpackr-extract/msgpackr-extract-linux-arm': [ '3.0.4' ],
14 silly audit   '@msgpackr-extract/msgpackr-extract-linux-arm64': [ '3.0.4' ],
14 silly audit   '@msgpackr-extract/msgpackr-extract-linux-x64': [ '3.0.4' ],
14 silly audit   '@msgpackr-extract/msgpackr-extract-win32-x64': [ '3.0.4' ],
14 silly audit   '@napi-rs/nice': [ '1.1.1' ],
14 silly audit   '@napi-rs/nice-android-arm-eabi': [ '1.1.1' ],
14 silly audit   '@napi-rs/nice-android-arm64': [ '1.1.1' ],
14 silly audit   '@napi-rs/nice-darwin-arm64': [ '1.1.1' ],
14 silly audit   '@napi-rs/nice-darwin-x64': [ '1.1.1' ],
14 silly audit   '@napi-rs/nice-freebsd-x64': [ '1.1.1' ],
14 silly audit   '@napi-rs/nice-linux-arm-gnueabihf': [ '1.1.1' ],
14 silly audit   '@napi-rs/nice-linux-arm64-gnu': [ '1.1.1' ],
14 silly audit   '@napi-rs/nice-linux-arm64-musl': [ '1.1.1' ],
14 silly audit   '@napi-rs/nice-linux-ppc64-gnu': [ '1.1.1' ],
14 silly audit   '@napi-rs/nice-linux-riscv64-gnu': [ '1.1.1' ],
14 silly audit   '@napi-rs/nice-linux-s390x-gnu': [ '1.1.1' ],
14 silly audit   '@napi-rs/nice-linux-x64-gnu': [ '1.1.1' ],
14 silly audit   '@napi-rs/nice-linux-x64-musl': [ '1.1.1' ],
14 silly audit   '@napi-rs/nice-openharmony-arm64': [ '1.1.1' ],
14 silly audit   '@napi-rs/nice-win32-arm64-msvc': [ '1.1.1' ],
14 silly audit   '@napi-rs/nice-win32-ia32-msvc': [ '1.1.1' ],
14 silly audit   '@napi-rs/nice-win32-x64-msvc': [ '1.1.1' ],
14 silly audit   '@npmcli/agent': [ '4.0.2' ],
14 silly audit   'agent-base': [ '7.1.4', '9.0.0' ],
14 silly audit   'https-proxy-agent': [ '7.0.6', '9.0.0' ],
14 silly audit   '@npmcli/fs': [ '5.0.0' ],
14 silly audit   '@npmcli/git': [ '7.0.2' ],
14 silly audit   isexe: [ '4.0.0', '2.0.0' ],
14 silly audit   which: [ '6.0.1', '2.0.2' ],
14 silly audit   '@npmcli/installed-package-contents': [ '4.0.0' ],
14 silly audit   '@npmcli/node-gyp': [ '5.0.0' ],
14 silly audit   '@npmcli/package-json': [ '7.0.5' ],
14 silly audit   '@npmcli/promise-spawn': [ '9.0.1' ],
14 silly audit   '@npmcli/redact': [ '4.0.0' ],
14 silly audit   '@npmcli/run-script': [ '10.0.4' ],
14 silly audit   '@parcel/watcher': [ '2.5.6' ],
14 silly audit   '@parcel/watcher-android-arm64': [ '2.5.6' ],
14 silly audit   '@parcel/watcher-darwin-arm64': [ '2.5.6' ],
14 silly audit   '@parcel/watcher-darwin-x64': [ '2.5.6' ],
14 silly audit   '@parcel/watcher-freebsd-x64': [ '2.5.6' ],
14 silly audit   '@parcel/watcher-linux-arm-glibc': [ '2.5.6' ],
14 silly audit   '@parcel/watcher-linux-arm-musl': [ '2.5.6' ],
14 silly audit   '@parcel/watcher-linux-arm64-glibc': [ '2.5.6' ],
14 silly audit   '@parcel/watcher-linux-arm64-musl': [ '2.5.6' ],
14 silly audit   '@parcel/watcher-linux-x64-glibc': [ '2.5.6' ],
14 silly audit   '@parcel/watcher-linux-x64-musl': [ '2.5.6' ],
14 silly audit   '@parcel/watcher-win32-arm64': [ '2.5.6' ],
14 silly audit   '@parcel/watcher-win32-ia32': [ '2.5.6' ],
14 silly audit   '@parcel/watcher-win32-x64': [ '2.5.6' ],
14 silly audit   'node-addon-api': [ '7.1.1', '6.1.0' ],
14 silly audit   '@rollup/rollup-android-arm-eabi': [ '4.60.2' ],
14 silly audit   '@rollup/rollup-android-arm64': [ '4.60.2' ],
14 silly audit   '@rollup/rollup-darwin-arm64': [ '4.60.2' ],
14 silly audit   '@rollup/rollup-darwin-x64': [ '4.60.2' ],
14 silly audit   '@rollup/rollup-freebsd-arm64': [ '4.60.2' ],
14 silly audit   '@rollup/rollup-freebsd-x64': [ '4.60.2' ],
14 silly audit   '@rollup/rollup-linux-arm-gnueabihf': [ '4.60.2' ],
14 silly audit   '@rollup/rollup-linux-arm-musleabihf': [ '4.60.2' ],
14 silly audit   '@rollup/rollup-linux-arm64-gnu': [ '4.60.2' ],
14 silly audit   '@rollup/rollup-linux-arm64-musl': [ '4.60.2' ],
14 silly audit   '@rollup/rollup-linux-loong64-gnu': [ '4.60.2' ],
14 silly audit   '@rollup/rollup-linux-loong64-musl': [ '4.60.2' ],
14 silly audit   '@rollup/rollup-linux-ppc64-gnu': [ '4.60.2' ],
14 silly audit   '@rollup/rollup-linux-ppc64-musl': [ '4.60.2' ],
14 silly audit   '@rollup/rollup-linux-riscv64-gnu': [ '4.60.2' ],
14 silly audit   '@rollup/rollup-linux-riscv64-musl': [ '4.60.2' ],
14 silly audit   '@rollup/rollup-linux-s390x-gnu': [ '4.60.2' ],
14 silly audit   '@rollup/rollup-linux-x64-gnu': [ '4.60.2' ],
14 silly audit   '@rollup/rollup-linux-x64-musl': [ '4.60.2' ],
14 silly audit   '@rollup/rollup-openbsd-x64': [ '4.60.2' ],
14 silly audit   '@rollup/rollup-openharmony-arm64': [ '4.60.2' ],
14 silly audit   '@rollup/rollup-win32-arm64-msvc': [ '4.60.2' ],
14 silly audit   '@rollup/rollup-win32-ia32-msvc': [ '4.60.2' ],
14 silly audit   '@rollup/rollup-win32-x64-gnu': [ '4.60.2' ],
14 silly audit   '@rollup/rollup-win32-x64-msvc': [ '4.60.2' ],
14 silly audit   '@schematics/angular': [ '22.0.4' ],
14 silly audit   '@sigstore/bundle': [ '4.0.0' ],
14 silly audit   '@sigstore/core': [ '3.2.1' ],
14 silly audit   '@sigstore/protobuf-specs': [ '0.5.1' ],
14 silly audit   '@sigstore/sign': [ '4.1.1' ],
14 silly audit   '@sigstore/tuf': [ '4.0.2' ],
14 silly audit   '@sigstore/verify': [ '3.1.1' ],
14 silly audit   '@standard-schema/spec': [ '1.1.0' ],
14 silly audit   '@tufjs/canonical-json': [ '2.0.0' ],
14 silly audit   '@tufjs/models': [ '4.1.0' ],
14 silly audit   '@types/chai': [ '5.2.3' ],
14 silly audit   '@types/deep-eql': [ '4.0.2' ],
14 silly audit   '@types/estree': [ '1.0.8' ],
14 silly audit   '@vitejs/plugin-basic-ssl': [ '2.3.0' ],
14 silly audit   '@vitest/expect': [ '4.1.9' ],
14 silly audit   '@vitest/mocker': [ '4.1.9' ],
14 silly audit   '@vitest/pretty-format': [ '4.1.9' ],
14 silly audit   '@vitest/runner': [ '4.1.9' ],
14 silly audit   '@vitest/snapshot': [ '4.1.9' ],
14 silly audit   '@vitest/spy': [ '4.1.9' ],
14 silly audit   '@vitest/utils': [ '4.1.9' ],
14 silly audit   '@yarnpkg/lockfile': [ '1.1.0' ],
14 silly audit   abbrev: [ '4.0.0' ],
14 silly audit   accepts: [ '2.0.0' ],
14 silly audit   ajv: [ '8.20.0' ],
14 silly audit   'ajv-formats': [ '3.0.1' ],
14 silly audit   algoliasearch: [ '5.52.0' ],
14 silly audit   'ansi-escapes': [ '7.3.0' ],
14 silly audit   'ansi-regex': [ '6.2.2' ],
14 silly audit   'ansi-styles': [ '6.2.3' ],
14 silly audit   'assertion-error': [ '2.0.1' ],
14 silly audit   'balanced-match': [ '4.0.4' ],
14 silly audit   'baseline-browser-mapping': [ '2.10.40' ],
14 silly audit   beasties: [ '0.4.2' ],
14 silly audit   'bidi-js': [ '1.0.3' ],
14 silly audit   'body-parser': [ '2.3.0' ],
14 silly audit   'content-type': [ '2.0.0', '1.0.5' ],
14 silly audit   boolbase: [ '1.0.0' ],
14 silly audit   'brace-expansion': [ '5.0.6' ],
14 silly audit   browserslist: [ '4.28.4' ],
14 silly audit   'buffer-from': [ '1.1.2' ],
14 silly audit   bytes: [ '3.1.2' ],
14 silly audit   cacache: [ '20.0.4' ],
14 silly audit   'call-bind-apply-helpers': [ '1.0.2' ],
14 silly audit   'call-bound': [ '1.0.4' ],
14 silly audit   'caniuse-lite': [ '1.0.30001799' ],
14 silly audit   chai: [ '6.2.2' ],
14 silly audit   chalk: [ '5.6.2' ],
14 silly audit   chardet: [ '2.2.0' ],
14 silly audit   chokidar: [ '5.0.0', '4.0.3' ],
14 silly audit   chownr: [ '3.0.0' ],
14 silly audit   'cli-cursor': [ '5.0.0' ],
14 silly audit   'cli-spinners': [ '3.4.0' ],
14 silly audit   'cli-truncate': [ '5.2.0' ],
14 silly audit   'cli-width': [ '4.1.0' ],
14 silly audit   cliui: [ '9.0.1' ],
14 silly audit   'string-width': [ '7.2.0', '8.2.1' ],
14 silly audit   'wrap-ansi': [ '9.0.2', '10.0.0' ],
14 silly audit   'content-disposition': [ '1.1.0' ],
14 silly audit   cookie: [ '0.7.2' ],
14 silly audit   'cookie-signature': [ '1.2.2' ],
14 silly audit   cors: [ '2.8.6' ],
14 silly audit   'cross-spawn': [ '7.0.6' ],
14 silly audit   'css-select': [ '6.0.0' ],
14 silly audit   'css-tree': [ '3.2.1' ],
14 silly audit   'css-what': [ '7.0.0' ],
14 silly audit   cssstyle: [ '6.2.0' ],
14 silly audit   'data-urls': [ '7.0.0' ],
14 silly audit   debug: [ '4.4.3' ],
14 silly audit   'decimal.js': [ '10.6.0' ],
14 silly audit   depd: [ '2.0.0' ],
14 silly audit   'detect-libc': [ '2.1.2' ],
14 silly audit   'dom-serializer': [ '2.0.0' ],
14 silly audit   domelementtype: [ '2.3.0' ],
14 silly audit   domhandler: [ '5.0.3' ],
14 silly audit   domutils: [ '3.2.2' ],
14 silly audit   'dunder-proto': [ '1.0.1' ],
14 silly audit   'ee-first': [ '1.1.1' ],
14 silly audit   'electron-to-chromium': [ '1.5.380' ],
14 silly audit   'emoji-regex': [ '10.6.0' ],
14 silly audit   encodeurl: [ '2.0.0' ],
14 silly audit   entities: [ '4.5.0', '7.0.1', '8.0.0' ],
14 silly audit   'env-paths': [ '2.2.1' ],
14 silly audit   environment: [ '1.1.0' ],
14 silly audit   'es-define-property': [ '1.0.1' ],
14 silly audit   'es-errors': [ '1.3.0' ],
14 silly audit   'es-module-lexer': [ '2.1.0' ],
14 silly audit   'es-object-atoms': [ '1.1.2' ],
14 silly audit   esbuild: [ '0.28.1', '0.27.7' ],
14 silly audit   escalade: [ '3.2.0' ],
14 silly audit   'escape-html': [ '1.0.3' ],
14 silly audit   'estree-walker': [ '3.0.3' ],
14 silly audit   etag: [ '1.8.1' ],
14 silly audit   eventemitter3: [ '5.0.4' ],
14 silly audit   eventsource: [ '3.0.7' ],
14 silly audit   'eventsource-parser': [ '3.1.0' ],
14 silly audit   'expect-type': [ '1.4.0' ],
14 silly audit   'exponential-backoff': [ '3.1.3' ],
14 silly audit   express: [ '5.2.1' ],
14 silly audit   'express-rate-limit': [ '8.5.2' ],
14 silly audit   'fast-deep-equal': [ '3.1.3' ],
14 silly audit   'fast-string-truncated-width': [ '3.0.3' ],
14 silly audit   'fast-string-width': [ '3.0.2' ],
14 silly audit   'fast-uri': [ '3.1.2' ],
14 silly audit   'fast-wrap-ansi': [ '0.2.2' ],
14 silly audit   fdir: [ '6.5.0' ],
14 silly audit   finalhandler: [ '2.1.1' ],
14 silly audit   forwarded: [ '0.2.0' ],
14 silly audit   fresh: [ '2.0.0' ],
14 silly audit   'fs-minipass': [ '3.0.3' ],
14 silly audit   fsevents: [ '2.3.3' ],
14 silly audit   'function-bind': [ '1.1.2' ],
14 silly audit   gensync: [ '1.0.0-beta.2' ],
14 silly audit   'get-caller-file': [ '2.0.5' ],
14 silly audit   'get-east-asian-width': [ '1.6.0' ],
14 silly audit   'get-intrinsic': [ '1.3.0' ],
14 silly audit   'get-proto': [ '1.0.1' ],
14 silly audit   glob: [ '13.0.6' ],
14 silly audit   'glob-to-regexp': [ '0.4.1' ],
14 silly audit   gopd: [ '1.2.0' ],
14 silly audit   'graceful-fs': [ '4.2.11' ],
14 silly audit   'has-symbols': [ '1.1.0' ],
14 silly audit   hasown: [ '2.0.4' ],
14 silly audit   hono: [ '4.12.27' ],
14 silly audit   'hosted-git-info': [ '9.0.3' ],
14 silly audit   'html-encoding-sniffer': [ '6.0.0' ],
14 silly audit   htmlparser2: [ '10.1.0' ],
14 silly audit   'http-cache-semantics': [ '4.2.0' ],
14 silly audit   'http-errors': [ '2.0.1' ],
14 silly audit   'http-proxy-agent': [ '7.0.2' ],
14 silly audit   'iconv-lite': [ '0.7.2' ],
14 silly audit   'ignore-walk': [ '8.0.0' ],
14 silly audit   immutable: [ '5.1.8' ],
14 silly audit   inherits: [ '2.0.4' ],
14 silly audit   ini: [ '6.0.0' ],
14 silly audit   'ip-address': [ '10.2.0' ],
14 silly audit   'ipaddr.js': [ '1.9.1' ],
14 silly audit   'is-extglob': [ '2.1.1' ],
14 silly audit   'is-fullwidth-code-point': [ '5.1.0' ],
14 silly audit   'is-glob': [ '4.0.3' ],
14 silly audit   'is-interactive': [ '2.0.0' ],
14 silly audit   'is-potential-custom-element-name': [ '1.0.1' ],
14 silly audit   'is-promise': [ '4.0.0' ],
14 silly audit   'is-unicode-supported': [ '2.1.0' ],
14 silly audit   jose: [ '6.2.3' ],
14 silly audit   'js-tokens': [ '4.0.0' ],
14 silly audit   jsdom: [ '28.1.0' ],
14 silly audit   jsesc: [ '3.1.0' ],
14 silly audit   'json-parse-even-better-errors': [ '5.0.0' ],
14 silly audit   'json-schema-traverse': [ '1.0.0' ],
14 silly audit   'json-schema-typed': [ '8.0.2' ],
14 silly audit   json5: [ '2.2.3' ],
14 silly audit   'jsonc-parser': [ '3.3.1' ],
14 silly audit   jsonparse: [ '1.3.1' ],
14 silly audit   listr2: [ '10.2.1' ],
14 silly audit   lmdb: [ '3.5.4' ],
14 silly audit   'log-symbols': [ '7.0.1' ],
14 silly audit   'log-update': [ '6.1.0' ],
14 silly audit   'slice-ansi': [ '7.1.2', '8.0.0' ],
14 silly audit   'magic-string': [ '0.30.21' ],
14 silly audit   'make-fetch-happen': [ '15.0.6' ],
14 silly audit   'math-intrinsics': [ '1.1.0' ],
14 silly audit   'mdn-data': [ '2.27.1' ],
14 silly audit   'media-typer': [ '1.1.0' ],
14 silly audit   'merge-descriptors': [ '2.0.0' ],
14 silly audit   'mime-db': [ '1.54.0' ],
14 silly audit   'mime-types': [ '3.0.2' ],
14 silly audit   'mimic-function': [ '5.0.1' ],
14 silly audit   minimatch: [ '10.2.5' ],
14 silly audit   minipass: [ '7.1.3', '3.3.6' ],
14 silly audit   'minipass-collect': [ '2.0.1' ],
14 silly audit   'minipass-fetch': [ '5.0.2' ],
14 silly audit   'minipass-flush': [ '1.0.7' ],
14 silly audit   yallist: [ '4.0.0', '5.0.0', '3.1.1' ],
14 silly audit   'minipass-pipeline': [ '1.2.4' ],
14 silly audit   'minipass-sized': [ '2.0.0' ],
14 silly audit   minizlib: [ '3.1.0' ],
14 silly audit   mrmime: [ '2.0.1' ],
14 silly audit   ms: [ '2.1.3' ],
14 silly audit   msgpackr: [ '1.12.1' ],
14 silly audit   'msgpackr-extract': [ '3.0.4' ],
14 silly audit   'mute-stream': [ '3.0.0' ],
14 silly audit   nanoid: [ '3.3.15' ],
14 silly audit   negotiator: [ '1.0.0' ],
14 silly audit   'node-gyp': [ '12.4.0' ],
14 silly audit   'node-gyp-build-optional-packages': [ '5.2.2' ],
14 silly audit   undici: [ '6.27.0', '7.28.0' ],
14 silly audit   'node-releases': [ '2.0.50' ],
14 silly audit   nopt: [ '9.0.0' ],
14 silly audit   'npm-bundled': [ '5.0.0' ],
14 silly audit   'npm-install-checks': [ '8.0.0' ],
14 silly audit   'npm-normalize-package-bin': [ '5.0.0' ],
14 silly audit   'npm-package-arg': [ '13.0.2' ],
14 silly audit   'npm-packlist': [ '10.0.4' ],
14 silly audit   'npm-pick-manifest': [ '11.0.3' ],
14 silly audit   'npm-registry-fetch': [ '19.1.1' ],
14 silly audit   'nth-check': [ '2.1.1' ],
14 silly audit   'object-assign': [ '4.1.1' ],
14 silly audit   'object-inspect': [ '1.13.4' ],
14 silly audit   obug: [ '2.1.3' ],
14 silly audit   'on-finished': [ '2.4.1' ],
14 silly audit   once: [ '1.4.0' ],
14 silly audit   onetime: [ '7.0.0' ],
14 silly audit   ora: [ '9.4.0' ],
14 silly audit   'ordered-binary': [ '1.6.1' ],
14 silly audit   'p-map': [ '7.0.4' ],
14 silly audit   pacote: [ '21.5.1' ],
14 silly audit   parse5: [ '8.0.1' ],
14 silly audit   'parse5-html-rewriting-stream': [ '8.0.1' ],
14 silly audit   'parse5-sax-parser': [ '8.0.0' ],
14 silly audit   parseurl: [ '1.3.3' ],
14 silly audit   'path-key': [ '3.1.1' ],
14 silly audit   'path-scurry': [ '2.0.2' ],
14 silly audit   'path-to-regexp': [ '8.4.2' ],
14 silly audit   pathe: [ '2.0.3' ],
14 silly audit   picocolors: [ '1.1.1' ],
14 silly audit   picomatch: [ '4.0.4' ],
14 silly audit   piscina: [ '5.2.0' ],
14 silly audit   'pkce-challenge': [ '5.0.1' ],
14 silly audit   postcss: [ '8.5.15' ],
14 silly audit   'postcss-media-query-parser': [ '0.2.3' ],
14 silly audit   'postcss-safe-parser': [ '7.0.1' ],
14 silly audit   prettier: [ '3.9.0' ],
14 silly audit   'proc-log': [ '6.1.0' ],
14 silly audit   'proxy-addr': [ '2.0.7' ],
14 silly audit   punycode: [ '2.3.1' ],
14 silly audit   qs: [ '6.15.3' ],
14 silly audit   'range-parser': [ '1.3.0' ],
14 silly audit   'raw-body': [ '3.0.2' ],
14 silly audit   readdirp: [ '5.0.0', '4.1.2' ],
14 silly audit   'reflect-metadata': [ '0.2.2' ],
14 silly audit   'require-from-string': [ '2.0.2' ],
14 silly audit   'restore-cursor': [ '5.1.0' ],
14 silly audit   rfdc: [ '1.4.1' ],
14 silly audit   rollup: [ '4.60.2' ],
14 silly audit   router: [ '2.2.0' ],
14 silly audit   rxjs: [ '7.8.2' ],
14 silly audit   'safer-buffer': [ '2.1.2' ],
14 silly audit   sass: [ '1.99.0' ],
14 silly audit   saxes: [ '6.0.0' ],
14 silly audit   send: [ '1.2.1' ],
14 silly audit   'serve-static': [ '2.2.1' ],
14 silly audit   setprototypeof: [ '1.2.0' ],
14 silly audit   'shebang-command': [ '2.0.0' ],
14 silly audit   'shebang-regex': [ '3.0.0' ],
14 silly audit   'side-channel': [ '1.1.1' ],
14 silly audit   'side-channel-list': [ '1.0.1' ],
14 silly audit   'side-channel-map': [ '1.0.1' ],
14 silly audit   'side-channel-weakmap': [ '1.0.2' ],
14 silly audit   siginfo: [ '2.0.0' ],
14 silly audit   'signal-exit': [ '4.1.0' ],
14 silly audit   sigstore: [ '4.1.1' ],
14 silly audit   'smart-buffer': [ '4.2.0' ],
14 silly audit   socks: [ '2.8.9' ],
14 silly audit   'socks-proxy-agent': [ '8.0.5' ],
14 silly audit   'source-map': [ '0.7.6', '0.6.1' ],
14 silly audit   'source-map-js': [ '1.2.1' ],
14 silly audit   'source-map-support': [ '0.5.21' ],
14 silly audit   'spdx-exceptions': [ '2.5.0' ],
14 silly audit   'spdx-expression-parse': [ '4.0.0' ],
14 silly audit   'spdx-license-ids': [ '3.0.23' ],
14 silly audit   ssri: [ '13.0.1' ],
14 silly audit   stackback: [ '0.0.2' ],
14 silly audit   statuses: [ '2.0.2' ],
14 silly audit   'std-env': [ '4.1.0' ],
14 silly audit   'stdin-discarder': [ '0.3.2' ],
14 silly audit   'strip-ansi': [ '7.2.0' ],
14 silly audit   'symbol-tree': [ '3.2.4' ],
14 silly audit   tar: [ '7.5.17' ],
14 silly audit   tinybench: [ '2.9.0' ],
14 silly audit   tinyexec: [ '1.2.4' ],
14 silly audit   tinyglobby: [ '0.2.16' ],
14 silly audit   tinyrainbow: [ '3.1.0' ],
14 silly audit   tldts: [ '7.4.4' ],
14 silly audit   'tldts-core': [ '7.4.4' ],
14 silly audit   toidentifier: [ '1.0.1' ],
14 silly audit   'tough-cookie': [ '6.0.1' ],
14 silly audit   tr46: [ '6.0.0' ],
14 silly audit   tslib: [ '2.8.1' ],
14 silly audit   'tuf-js': [ '4.1.0' ],
14 silly audit   'type-is': [ '2.1.0' ],
14 silly audit   typescript: [ '6.0.3' ],
14 silly audit   unpipe: [ '1.0.0' ],
14 silly audit   'update-browserslist-db': [ '1.2.3' ],
14 silly audit   'validate-npm-package-name': [ '7.0.2' ],
14 silly audit   vary: [ '1.1.2' ],
14 silly audit   vite: [ '7.3.5' ],
14 silly audit   vitest: [ '4.1.9' ],
14 silly audit   'w3c-xmlserializer': [ '5.0.0' ],
14 silly audit   watchpack: [ '2.5.1' ],
14 silly audit   'weak-lru-cache': [ '1.2.2' ],
14 silly audit   'webidl-conversions': [ '8.0.1' ],
14 silly audit   'whatwg-mimetype': [ '5.0.0' ],
14 silly audit   'whatwg-url': [ '16.0.1' ],
14 silly audit   'why-is-node-running': [ '2.3.0' ],
14 silly audit   wrappy: [ '1.0.2' ],
14 silly audit   'xml-name-validator': [ '5.0.0' ],
14 silly audit   xmlchars: [ '2.2.0' ],
14 silly audit   y18n: [ '5.0.8' ],
14 silly audit   yargs: [ '18.0.0' ],
14 silly audit   'yargs-parser': [ '22.0.0' ],
14 silly audit   yoctocolors: [ '2.1.2' ],
14 silly audit   zod: [ '4.4.2' ],
14 silly audit   'zod-to-json-schema': [ '3.25.2' ],
14 silly audit   'zone.js': [ '0.16.2' ]
14 silly audit }
15 verbose reify failed optional dependency /opt/app-root/src/node_modules/vite/node_modules/@esbuild/win32-x64
16 silly reify mark deleted [
16 silly reify   '/opt/app-root/src/node_modules/vite/node_modules/@esbuild/win32-x64'
16 silly reify ]
17 verbose reify failed optional dependency /opt/app-root/src/node_modules/vite/node_modules/@esbuild/win32-ia32
18 silly reify mark deleted [
18 silly reify   '/opt/app-root/src/node_modules/vite/node_modules/@esbuild/win32-ia32'
18 silly reify ]
19 verbose reify failed optional dependency /opt/app-root/src/node_modules/vite/node_modules/@esbuild/win32-arm64
20 silly reify mark deleted [
20 silly reify   '/opt/app-root/src/node_modules/vite/node_modules/@esbuild/win32-arm64'
20 silly reify ]
21 verbose reify failed optional dependency /opt/app-root/src/node_modules/vite/node_modules/@esbuild/sunos-x64
22 silly reify mark deleted [
22 silly reify   '/opt/app-root/src/node_modules/vite/node_modules/@esbuild/sunos-x64'
22 silly reify ]
23 verbose reify failed optional dependency /opt/app-root/src/node_modules/vite/node_modules/@esbuild/openharmony-arm64
24 silly reify mark deleted [
24 silly reify   '/opt/app-root/src/node_modules/vite/node_modules/@esbuild/openharmony-arm64'
24 silly reify ]
25 verbose reify failed optional dependency /opt/app-root/src/node_modules/vite/node_modules/@esbuild/openbsd-x64
26 silly reify mark deleted [
26 silly reify   '/opt/app-root/src/node_modules/vite/node_modules/@esbuild/openbsd-x64'
26 silly reify ]
27 verbose reify failed optional dependency /opt/app-root/src/node_modules/vite/node_modules/@esbuild/openbsd-arm64
28 silly reify mark deleted [
28 silly reify   '/opt/app-root/src/node_modules/vite/node_modules/@esbuild/openbsd-arm64'
28 silly reify ]
29 verbose reify failed optional dependency /opt/app-root/src/node_modules/vite/node_modules/@esbuild/netbsd-x64
30 silly reify mark deleted [
30 silly reify   '/opt/app-root/src/node_modules/vite/node_modules/@esbuild/netbsd-x64'
30 silly reify ]
31 verbose reify failed optional dependency /opt/app-root/src/node_modules/vite/node_modules/@esbuild/netbsd-arm64
32 silly reify mark deleted [
32 silly reify   '/opt/app-root/src/node_modules/vite/node_modules/@esbuild/netbsd-arm64'
32 silly reify ]
33 verbose reify failed optional dependency /opt/app-root/src/node_modules/vite/node_modules/@esbuild/linux-s390x
34 silly reify mark deleted [
34 silly reify   '/opt/app-root/src/node_modules/vite/node_modules/@esbuild/linux-s390x'
34 silly reify ]
35 verbose reify failed optional dependency /opt/app-root/src/node_modules/vite/node_modules/@esbuild/linux-riscv64
36 silly reify mark deleted [
36 silly reify   '/opt/app-root/src/node_modules/vite/node_modules/@esbuild/linux-riscv64'
36 silly reify ]
37 verbose reify failed optional dependency /opt/app-root/src/node_modules/vite/node_modules/@esbuild/linux-ppc64
38 silly reify mark deleted [
38 silly reify   '/opt/app-root/src/node_modules/vite/node_modules/@esbuild/linux-ppc64'
38 silly reify ]
39 verbose reify failed optional dependency /opt/app-root/src/node_modules/vite/node_modules/@esbuild/linux-mips64el
40 silly reify mark deleted [
40 silly reify   '/opt/app-root/src/node_modules/vite/node_modules/@esbuild/linux-mips64el'
40 silly reify ]
41 verbose reify failed optional dependency /opt/app-root/src/node_modules/vite/node_modules/@esbuild/linux-loong64
42 silly reify mark deleted [
42 silly reify   '/opt/app-root/src/node_modules/vite/node_modules/@esbuild/linux-loong64'
42 silly reify ]
43 verbose reify failed optional dependency /opt/app-root/src/node_modules/vite/node_modules/@esbuild/linux-ia32
44 silly reify mark deleted [
44 silly reify   '/opt/app-root/src/node_modules/vite/node_modules/@esbuild/linux-ia32'
44 silly reify ]
45 verbose reify failed optional dependency /opt/app-root/src/node_modules/vite/node_modules/@esbuild/linux-arm64
46 silly reify mark deleted [
46 silly reify   '/opt/app-root/src/node_modules/vite/node_modules/@esbuild/linux-arm64'
46 silly reify ]
47 verbose reify failed optional dependency /opt/app-root/src/node_modules/vite/node_modules/@esbuild/linux-arm
48 silly reify mark deleted [
48 silly reify   '/opt/app-root/src/node_modules/vite/node_modules/@esbuild/linux-arm'
48 silly reify ]
49 verbose reify failed optional dependency /opt/app-root/src/node_modules/vite/node_modules/@esbuild/freebsd-x64
50 silly reify mark deleted [
50 silly reify   '/opt/app-root/src/node_modules/vite/node_modules/@esbuild/freebsd-x64'
50 silly reify ]
51 verbose reify failed optional dependency /opt/app-root/src/node_modules/vite/node_modules/@esbuild/freebsd-arm64
52 silly reify mark deleted [
52 silly reify   '/opt/app-root/src/node_modules/vite/node_modules/@esbuild/freebsd-arm64'
52 silly reify ]
53 verbose reify failed optional dependency /opt/app-root/src/node_modules/vite/node_modules/@esbuild/darwin-x64
54 silly reify mark deleted [
54 silly reify   '/opt/app-root/src/node_modules/vite/node_modules/@esbuild/darwin-x64'
54 silly reify ]
55 verbose reify failed optional dependency /opt/app-root/src/node_modules/vite/node_modules/@esbuild/darwin-arm64
56 silly reify mark deleted [
56 silly reify   '/opt/app-root/src/node_modules/vite/node_modules/@esbuild/darwin-arm64'
56 silly reify ]
57 verbose reify failed optional dependency /opt/app-root/src/node_modules/vite/node_modules/@esbuild/android-x64
58 silly reify mark deleted [
58 silly reify   '/opt/app-root/src/node_modules/vite/node_modules/@esbuild/android-x64'
58 silly reify ]
59 verbose reify failed optional dependency /opt/app-root/src/node_modules/vite/node_modules/@esbuild/android-arm64
60 silly reify mark deleted [
60 silly reify   '/opt/app-root/src/node_modules/vite/node_modules/@esbuild/android-arm64'
60 silly reify ]
61 verbose reify failed optional dependency /opt/app-root/src/node_modules/vite/node_modules/@esbuild/android-arm
62 silly reify mark deleted [
62 silly reify   '/opt/app-root/src/node_modules/vite/node_modules/@esbuild/android-arm'
62 silly reify ]
63 verbose reify failed optional dependency /opt/app-root/src/node_modules/vite/node_modules/@esbuild/aix-ppc64
64 silly reify mark deleted [
64 silly reify   '/opt/app-root/src/node_modules/vite/node_modules/@esbuild/aix-ppc64'
64 silly reify ]
65 verbose reify failed optional dependency /opt/app-root/src/node_modules/fsevents
66 silly reify mark deleted [ '/opt/app-root/src/node_modules/fsevents' ]
67 verbose reify failed optional dependency /opt/app-root/src/node_modules/@rollup/rollup-win32-x64-msvc
68 silly reify mark deleted [ '/opt/app-root/src/node_modules/@rollup/rollup-win32-x64-msvc' ]
69 verbose reify failed optional dependency /opt/app-root/src/node_modules/@rollup/rollup-win32-x64-gnu
70 silly reify mark deleted [ '/opt/app-root/src/node_modules/@rollup/rollup-win32-x64-gnu' ]
71 verbose reify failed optional dependency /opt/app-root/src/node_modules/@rollup/rollup-win32-ia32-msvc
72 silly reify mark deleted [ '/opt/app-root/src/node_modules/@rollup/rollup-win32-ia32-msvc' ]
73 verbose reify failed optional dependency /opt/app-root/src/node_modules/@rollup/rollup-win32-arm64-msvc
74 silly reify mark deleted [ '/opt/app-root/src/node_modules/@rollup/rollup-win32-arm64-msvc' ]
75 verbose reify failed optional dependency /opt/app-root/src/node_modules/@rollup/rollup-openharmony-arm64
76 silly reify mark deleted [ '/opt/app-root/src/node_modules/@rollup/rollup-openharmony-arm64' ]
77 verbose reify failed optional dependency /opt/app-root/src/node_modules/@rollup/rollup-openbsd-x64
78 silly reify mark deleted [ '/opt/app-root/src/node_modules/@rollup/rollup-openbsd-x64' ]
79 verbose reify failed optional dependency /opt/app-root/src/node_modules/@rollup/rollup-linux-x64-musl
80 silly reify mark deleted [ '/opt/app-root/src/node_modules/@rollup/rollup-linux-x64-musl' ]
81 verbose reify failed optional dependency /opt/app-root/src/node_modules/@rollup/rollup-linux-s390x-gnu
82 silly reify mark deleted [ '/opt/app-root/src/node_modules/@rollup/rollup-linux-s390x-gnu' ]
83 verbose reify failed optional dependency /opt/app-root/src/node_modules/@rollup/rollup-linux-riscv64-musl
84 silly reify mark deleted [ '/opt/app-root/src/node_modules/@rollup/rollup-linux-riscv64-musl' ]
85 verbose reify failed optional dependency /opt/app-root/src/node_modules/@rollup/rollup-linux-riscv64-gnu
86 silly reify mark deleted [ '/opt/app-root/src/node_modules/@rollup/rollup-linux-riscv64-gnu' ]
87 verbose reify failed optional dependency /opt/app-root/src/node_modules/@rollup/rollup-linux-ppc64-musl
88 silly reify mark deleted [ '/opt/app-root/src/node_modules/@rollup/rollup-linux-ppc64-musl' ]
89 verbose reify failed optional dependency /opt/app-root/src/node_modules/@rollup/rollup-linux-ppc64-gnu
90 silly reify mark deleted [ '/opt/app-root/src/node_modules/@rollup/rollup-linux-ppc64-gnu' ]
91 verbose reify failed optional dependency /opt/app-root/src/node_modules/@rollup/rollup-linux-loong64-musl
92 silly reify mark deleted [ '/opt/app-root/src/node_modules/@rollup/rollup-linux-loong64-musl' ]
93 verbose reify failed optional dependency /opt/app-root/src/node_modules/@rollup/rollup-linux-loong64-gnu
94 silly reify mark deleted [ '/opt/app-root/src/node_modules/@rollup/rollup-linux-loong64-gnu' ]
95 verbose reify failed optional dependency /opt/app-root/src/node_modules/@rollup/rollup-linux-arm64-musl
96 silly reify mark deleted [ '/opt/app-root/src/node_modules/@rollup/rollup-linux-arm64-musl' ]
97 verbose reify failed optional dependency /opt/app-root/src/node_modules/@rollup/rollup-linux-arm64-gnu
98 silly reify mark deleted [ '/opt/app-root/src/node_modules/@rollup/rollup-linux-arm64-gnu' ]
99 verbose reify failed optional dependency /opt/app-root/src/node_modules/@rollup/rollup-linux-arm-musleabihf
100 silly reify mark deleted [
100 silly reify   '/opt/app-root/src/node_modules/@rollup/rollup-linux-arm-musleabihf'
100 silly reify ]
101 verbose reify failed optional dependency /opt/app-root/src/node_modules/@rollup/rollup-linux-arm-gnueabihf
102 silly reify mark deleted [ '/opt/app-root/src/node_modules/@rollup/rollup-linux-arm-gnueabihf' ]
103 verbose reify failed optional dependency /opt/app-root/src/node_modules/@rollup/rollup-freebsd-x64
104 silly reify mark deleted [ '/opt/app-root/src/node_modules/@rollup/rollup-freebsd-x64' ]
105 verbose reify failed optional dependency /opt/app-root/src/node_modules/@rollup/rollup-freebsd-arm64
106 silly reify mark deleted [ '/opt/app-root/src/node_modules/@rollup/rollup-freebsd-arm64' ]
107 verbose reify failed optional dependency /opt/app-root/src/node_modules/@rollup/rollup-darwin-x64
108 silly reify mark deleted [ '/opt/app-root/src/node_modules/@rollup/rollup-darwin-x64' ]
109 verbose reify failed optional dependency /opt/app-root/src/node_modules/@rollup/rollup-darwin-arm64
110 silly reify mark deleted [ '/opt/app-root/src/node_modules/@rollup/rollup-darwin-arm64' ]
111 verbose reify failed optional dependency /opt/app-root/src/node_modules/@rollup/rollup-android-arm64
112 silly reify mark deleted [ '/opt/app-root/src/node_modules/@rollup/rollup-android-arm64' ]
113 verbose reify failed optional dependency /opt/app-root/src/node_modules/@rollup/rollup-android-arm-eabi
114 silly reify mark deleted [ '/opt/app-root/src/node_modules/@rollup/rollup-android-arm-eabi' ]
115 verbose reify failed optional dependency /opt/app-root/src/node_modules/@parcel/watcher-win32-x64
116 silly reify mark deleted [ '/opt/app-root/src/node_modules/@parcel/watcher-win32-x64' ]
117 verbose reify failed optional dependency /opt/app-root/src/node_modules/@parcel/watcher-win32-ia32
118 silly reify mark deleted [ '/opt/app-root/src/node_modules/@parcel/watcher-win32-ia32' ]
119 verbose reify failed optional dependency /opt/app-root/src/node_modules/@parcel/watcher-win32-arm64
120 silly reify mark deleted [ '/opt/app-root/src/node_modules/@parcel/watcher-win32-arm64' ]
121 verbose reify failed optional dependency /opt/app-root/src/node_modules/@parcel/watcher-linux-x64-musl
122 silly reify mark deleted [ '/opt/app-root/src/node_modules/@parcel/watcher-linux-x64-musl' ]
123 verbose reify failed optional dependency /opt/app-root/src/node_modules/@parcel/watcher-linux-arm64-musl
124 silly reify mark deleted [ '/opt/app-root/src/node_modules/@parcel/watcher-linux-arm64-musl' ]
125 verbose reify failed optional dependency /opt/app-root/src/node_modules/@parcel/watcher-linux-arm64-glibc
126 silly reify mark deleted [ '/opt/app-root/src/node_modules/@parcel/watcher-linux-arm64-glibc' ]
127 verbose reify failed optional dependency /opt/app-root/src/node_modules/@parcel/watcher-linux-arm-musl
128 silly reify mark deleted [ '/opt/app-root/src/node_modules/@parcel/watcher-linux-arm-musl' ]
129 verbose reify failed optional dependency /opt/app-root/src/node_modules/@parcel/watcher-linux-arm-glibc
130 silly reify mark deleted [ '/opt/app-root/src/node_modules/@parcel/watcher-linux-arm-glibc' ]
131 verbose reify failed optional dependency /opt/app-root/src/node_modules/@parcel/watcher-freebsd-x64
132 silly reify mark deleted [ '/opt/app-root/src/node_modules/@parcel/watcher-freebsd-x64' ]
133 verbose reify failed optional dependency /opt/app-root/src/node_modules/@parcel/watcher-darwin-x64
134 silly reify mark deleted [ '/opt/app-root/src/node_modules/@parcel/watcher-darwin-x64' ]
135 verbose reify failed optional dependency /opt/app-root/src/node_modules/@parcel/watcher-darwin-arm64
136 silly reify mark deleted [ '/opt/app-root/src/node_modules/@parcel/watcher-darwin-arm64' ]
137 verbose reify failed optional dependency /opt/app-root/src/node_modules/@parcel/watcher-android-arm64
138 silly reify mark deleted [ '/opt/app-root/src/node_modules/@parcel/watcher-android-arm64' ]
139 verbose reify failed optional dependency /opt/app-root/src/node_modules/@napi-rs/nice-win32-x64-msvc
140 silly reify mark deleted [ '/opt/app-root/src/node_modules/@napi-rs/nice-win32-x64-msvc' ]
141 verbose reify failed optional dependency /opt/app-root/src/node_modules/@napi-rs/nice-win32-ia32-msvc
142 silly reify mark deleted [ '/opt/app-root/src/node_modules/@napi-rs/nice-win32-ia32-msvc' ]
143 verbose reify failed optional dependency /opt/app-root/src/node_modules/@napi-rs/nice-win32-arm64-msvc
144 silly reify mark deleted [ '/opt/app-root/src/node_modules/@napi-rs/nice-win32-arm64-msvc' ]
145 verbose reify failed optional dependency /opt/app-root/src/node_modules/@napi-rs/nice-openharmony-arm64
146 silly reify mark deleted [ '/opt/app-root/src/node_modules/@napi-rs/nice-openharmony-arm64' ]
147 verbose reify failed optional dependency /opt/app-root/src/node_modules/@napi-rs/nice-linux-x64-musl
148 silly reify mark deleted [ '/opt/app-root/src/node_modules/@napi-rs/nice-linux-x64-musl' ]
149 verbose reify failed optional dependency /opt/app-root/src/node_modules/@napi-rs/nice-linux-s390x-gnu
150 silly reify mark deleted [ '/opt/app-root/src/node_modules/@napi-rs/nice-linux-s390x-gnu' ]
151 verbose reify failed optional dependency /opt/app-root/src/node_modules/@napi-rs/nice-linux-riscv64-gnu
152 silly reify mark deleted [ '/opt/app-root/src/node_modules/@napi-rs/nice-linux-riscv64-gnu' ]
153 verbose reify failed optional dependency /opt/app-root/src/node_modules/@napi-rs/nice-linux-ppc64-gnu
154 silly reify mark deleted [ '/opt/app-root/src/node_modules/@napi-rs/nice-linux-ppc64-gnu' ]
155 verbose reify failed optional dependency /opt/app-root/src/node_modules/@napi-rs/nice-linux-arm64-musl
156 silly reify mark deleted [ '/opt/app-root/src/node_modules/@napi-rs/nice-linux-arm64-musl' ]
157 verbose reify failed optional dependency /opt/app-root/src/node_modules/@napi-rs/nice-linux-arm64-gnu
158 silly reify mark deleted [ '/opt/app-root/src/node_modules/@napi-rs/nice-linux-arm64-gnu' ]
159 verbose reify failed optional dependency /opt/app-root/src/node_modules/@napi-rs/nice-linux-arm-gnueabihf
160 silly reify mark deleted [ '/opt/app-root/src/node_modules/@napi-rs/nice-linux-arm-gnueabihf' ]
161 verbose reify failed optional dependency /opt/app-root/src/node_modules/@napi-rs/nice-freebsd-x64
162 silly reify mark deleted [ '/opt/app-root/src/node_modules/@napi-rs/nice-freebsd-x64' ]
163 verbose reify failed optional dependency /opt/app-root/src/node_modules/@napi-rs/nice-darwin-x64
164 silly reify mark deleted [ '/opt/app-root/src/node_modules/@napi-rs/nice-darwin-x64' ]
165 verbose reify failed optional dependency /opt/app-root/src/node_modules/@napi-rs/nice-darwin-arm64
166 silly reify mark deleted [ '/opt/app-root/src/node_modules/@napi-rs/nice-darwin-arm64' ]
167 verbose reify failed optional dependency /opt/app-root/src/node_modules/@napi-rs/nice-android-arm64
168 silly reify mark deleted [ '/opt/app-root/src/node_modules/@napi-rs/nice-android-arm64' ]
169 verbose reify failed optional dependency /opt/app-root/src/node_modules/@napi-rs/nice-android-arm-eabi
170 silly reify mark deleted [ '/opt/app-root/src/node_modules/@napi-rs/nice-android-arm-eabi' ]
171 verbose reify failed optional dependency /opt/app-root/src/node_modules/@msgpackr-extract/msgpackr-extract-win32-x64
172 silly reify mark deleted [
172 silly reify   '/opt/app-root/src/node_modules/@msgpackr-extract/msgpackr-extract-win32-x64'
172 silly reify ]
173 verbose reify failed optional dependency /opt/app-root/src/node_modules/@msgpackr-extract/msgpackr-extract-linux-arm64
174 silly reify mark deleted [
174 silly reify   '/opt/app-root/src/node_modules/@msgpackr-extract/msgpackr-extract-linux-arm64'
174 silly reify ]
175 verbose reify failed optional dependency /opt/app-root/src/node_modules/@msgpackr-extract/msgpackr-extract-linux-arm
176 silly reify mark deleted [
176 silly reify   '/opt/app-root/src/node_modules/@msgpackr-extract/msgpackr-extract-linux-arm'
176 silly reify ]
177 verbose reify failed optional dependency /opt/app-root/src/node_modules/@msgpackr-extract/msgpackr-extract-darwin-x64
178 silly reify mark deleted [
178 silly reify   '/opt/app-root/src/node_modules/@msgpackr-extract/msgpackr-extract-darwin-x64'
178 silly reify ]
179 verbose reify failed optional dependency /opt/app-root/src/node_modules/@msgpackr-extract/msgpackr-extract-darwin-arm64
180 silly reify mark deleted [
180 silly reify   '/opt/app-root/src/node_modules/@msgpackr-extract/msgpackr-extract-darwin-arm64'
180 silly reify ]
181 verbose reify failed optional dependency /opt/app-root/src/node_modules/@lmdb/lmdb-win32-x64
182 silly reify mark deleted [ '/opt/app-root/src/node_modules/@lmdb/lmdb-win32-x64' ]
183 verbose reify failed optional dependency /opt/app-root/src/node_modules/@lmdb/lmdb-win32-arm64
184 silly reify mark deleted [ '/opt/app-root/src/node_modules/@lmdb/lmdb-win32-arm64' ]
185 verbose reify failed optional dependency /opt/app-root/src/node_modules/@lmdb/lmdb-linux-arm64
186 silly reify mark deleted [ '/opt/app-root/src/node_modules/@lmdb/lmdb-linux-arm64' ]
187 verbose reify failed optional dependency /opt/app-root/src/node_modules/@lmdb/lmdb-linux-arm
188 silly reify mark deleted [ '/opt/app-root/src/node_modules/@lmdb/lmdb-linux-arm' ]
189 verbose reify failed optional dependency /opt/app-root/src/node_modules/@lmdb/lmdb-darwin-x64
190 silly reify mark deleted [ '/opt/app-root/src/node_modules/@lmdb/lmdb-darwin-x64' ]
191 verbose reify failed optional dependency /opt/app-root/src/node_modules/@lmdb/lmdb-darwin-arm64
192 silly reify mark deleted [ '/opt/app-root/src/node_modules/@lmdb/lmdb-darwin-arm64' ]
193 verbose reify failed optional dependency /opt/app-root/src/node_modules/@esbuild/win32-x64
194 silly reify mark deleted [ '/opt/app-root/src/node_modules/@esbuild/win32-x64' ]
195 verbose reify failed optional dependency /opt/app-root/src/node_modules/@esbuild/win32-ia32
196 silly reify mark deleted [ '/opt/app-root/src/node_modules/@esbuild/win32-ia32' ]
197 verbose reify failed optional dependency /opt/app-root/src/node_modules/@esbuild/win32-arm64
198 silly reify mark deleted [ '/opt/app-root/src/node_modules/@esbuild/win32-arm64' ]
199 verbose reify failed optional dependency /opt/app-root/src/node_modules/@esbuild/sunos-x64
200 silly reify mark deleted [ '/opt/app-root/src/node_modules/@esbuild/sunos-x64' ]
201 verbose reify failed optional dependency /opt/app-root/src/node_modules/@esbuild/openharmony-arm64
202 silly reify mark deleted [ '/opt/app-root/src/node_modules/@esbuild/openharmony-arm64' ]
203 verbose reify failed optional dependency /opt/app-root/src/node_modules/@esbuild/openbsd-x64
204 silly reify mark deleted [ '/opt/app-root/src/node_modules/@esbuild/openbsd-x64' ]
205 verbose reify failed optional dependency /opt/app-root/src/node_modules/@esbuild/openbsd-arm64
206 silly reify mark deleted [ '/opt/app-root/src/node_modules/@esbuild/openbsd-arm64' ]
207 verbose reify failed optional dependency /opt/app-root/src/node_modules/@esbuild/netbsd-x64
208 silly reify mark deleted [ '/opt/app-root/src/node_modules/@esbuild/netbsd-x64' ]
209 verbose reify failed optional dependency /opt/app-root/src/node_modules/@esbuild/netbsd-arm64
210 silly reify mark deleted [ '/opt/app-root/src/node_modules/@esbuild/netbsd-arm64' ]
211 verbose reify failed optional dependency /opt/app-root/src/node_modules/@esbuild/linux-s390x
212 silly reify mark deleted [ '/opt/app-root/src/node_modules/@esbuild/linux-s390x' ]
213 verbose reify failed optional dependency /opt/app-root/src/node_modules/@esbuild/linux-riscv64
214 silly reify mark deleted [ '/opt/app-root/src/node_modules/@esbuild/linux-riscv64' ]
215 verbose reify failed optional dependency /opt/app-root/src/node_modules/@esbuild/linux-ppc64
216 silly reify mark deleted [ '/opt/app-root/src/node_modules/@esbuild/linux-ppc64' ]
217 verbose reify failed optional dependency /opt/app-root/src/node_modules/@esbuild/linux-mips64el
218 silly reify mark deleted [ '/opt/app-root/src/node_modules/@esbuild/linux-mips64el' ]
219 verbose reify failed optional dependency /opt/app-root/src/node_modules/@esbuild/linux-loong64
220 silly reify mark deleted [ '/opt/app-root/src/node_modules/@esbuild/linux-loong64' ]
221 verbose reify failed optional dependency /opt/app-root/src/node_modules/@esbuild/linux-ia32
222 silly reify mark deleted [ '/opt/app-root/src/node_modules/@esbuild/linux-ia32' ]
223 verbose reify failed optional dependency /opt/app-root/src/node_modules/@esbuild/linux-arm64
224 silly reify mark deleted [ '/opt/app-root/src/node_modules/@esbuild/linux-arm64' ]
225 verbose reify failed optional dependency /opt/app-root/src/node_modules/@esbuild/linux-arm
226 silly reify mark deleted [ '/opt/app-root/src/node_modules/@esbuild/linux-arm' ]
227 verbose reify failed optional dependency /opt/app-root/src/node_modules/@esbuild/freebsd-x64
228 silly reify mark deleted [ '/opt/app-root/src/node_modules/@esbuild/freebsd-x64' ]
229 verbose reify failed optional dependency /opt/app-root/src/node_modules/@esbuild/freebsd-arm64
230 silly reify mark deleted [ '/opt/app-root/src/node_modules/@esbuild/freebsd-arm64' ]
231 verbose reify failed optional dependency /opt/app-root/src/node_modules/@esbuild/darwin-x64
232 silly reify mark deleted [ '/opt/app-root/src/node_modules/@esbuild/darwin-x64' ]
233 verbose reify failed optional dependency /opt/app-root/src/node_modules/@esbuild/darwin-arm64
234 silly reify mark deleted [ '/opt/app-root/src/node_modules/@esbuild/darwin-arm64' ]
235 verbose reify failed optional dependency /opt/app-root/src/node_modules/@esbuild/android-x64
236 silly reify mark deleted [ '/opt/app-root/src/node_modules/@esbuild/android-x64' ]
237 verbose reify failed optional dependency /opt/app-root/src/node_modules/@esbuild/android-arm64
238 silly reify mark deleted [ '/opt/app-root/src/node_modules/@esbuild/android-arm64' ]
239 verbose reify failed optional dependency /opt/app-root/src/node_modules/@esbuild/android-arm
240 silly reify mark deleted [ '/opt/app-root/src/node_modules/@esbuild/android-arm' ]
241 verbose reify failed optional dependency /opt/app-root/src/node_modules/@esbuild/aix-ppc64
242 silly reify mark deleted [ '/opt/app-root/src/node_modules/@esbuild/aix-ppc64' ]
243 http cache zod-to-json-schema@https://registry.npmjs.org/zod-to-json-schema/-/zod-to-json-schema-3.25.2.tgz 1ms (cache hit)
244 http cache zod@https://registry.npmjs.org/zod/-/zod-4.4.2.tgz 0ms (cache hit)
245 http cache yoctocolors@https://registry.npmjs.org/yoctocolors/-/yoctocolors-2.1.2.tgz 0ms (cache hit)
246 http cache yargs-parser@https://registry.npmjs.org/yargs-parser/-/yargs-parser-22.0.0.tgz 0ms (cache hit)
247 http cache yargs@https://registry.npmjs.org/yargs/-/yargs-18.0.0.tgz 1ms (cache hit)
248 http cache yallist@https://registry.npmjs.org/yallist/-/yallist-3.1.1.tgz 0ms (cache hit)
249 http cache y18n@https://registry.npmjs.org/y18n/-/y18n-5.0.8.tgz 0ms (cache hit)
250 http cache xmlchars@https://registry.npmjs.org/xmlchars/-/xmlchars-2.2.0.tgz 0ms (cache hit)
251 http cache xml-name-validator@https://registry.npmjs.org/xml-name-validator/-/xml-name-validator-5.0.0.tgz 0ms (cache hit)
252 http cache wrappy@https://registry.npmjs.org/wrappy/-/wrappy-1.0.2.tgz 0ms (cache hit)
253 http cache wrap-ansi@https://registry.npmjs.org/wrap-ansi/-/wrap-ansi-10.0.0.tgz 0ms (cache hit)
254 http cache why-is-node-running@https://registry.npmjs.org/why-is-node-running/-/why-is-node-running-2.3.0.tgz 0ms (cache hit)
255 http cache which@https://registry.npmjs.org/which/-/which-2.0.2.tgz 0ms (cache hit)
256 http cache whatwg-url@https://registry.npmjs.org/whatwg-url/-/whatwg-url-16.0.1.tgz 0ms (cache hit)
257 http cache whatwg-mimetype@https://registry.npmjs.org/whatwg-mimetype/-/whatwg-mimetype-5.0.0.tgz 0ms (cache hit)
258 http cache weak-lru-cache@https://registry.npmjs.org/weak-lru-cache/-/weak-lru-cache-1.2.2.tgz 0ms (cache hit)
259 http cache watchpack@https://registry.npmjs.org/watchpack/-/watchpack-2.5.1.tgz 0ms (cache hit)
260 http cache webidl-conversions@https://registry.npmjs.org/webidl-conversions/-/webidl-conversions-8.0.1.tgz 0ms (cache hit)
261 http cache w3c-xmlserializer@https://registry.npmjs.org/w3c-xmlserializer/-/w3c-xmlserializer-5.0.0.tgz 0ms (cache hit)
262 http cache vitest@https://registry.npmjs.org/vitest/-/vitest-4.1.9.tgz 0ms (cache hit)
263 http cache vite@https://registry.npmjs.org/vite/-/vite-7.3.5.tgz 0ms (cache hit)
264 http cache vary@https://registry.npmjs.org/vary/-/vary-1.1.2.tgz 0ms (cache hit)
265 http cache validate-npm-package-name@https://registry.npmjs.org/validate-npm-package-name/-/validate-npm-package-name-7.0.2.tgz 0ms (cache hit)
266 http cache update-browserslist-db@https://registry.npmjs.org/update-browserslist-db/-/update-browserslist-db-1.2.3.tgz 0ms (cache hit)
267 http cache unpipe@https://registry.npmjs.org/unpipe/-/unpipe-1.0.0.tgz 0ms (cache hit)
268 http cache undici@https://registry.npmjs.org/undici/-/undici-7.28.0.tgz 0ms (cache hit)
269 http cache typescript@https://registry.npmjs.org/typescript/-/typescript-6.0.3.tgz 0ms (cache hit)
270 http cache type-is@https://registry.npmjs.org/type-is/-/type-is-2.1.0.tgz 0ms (cache hit)
271 http cache tuf-js@https://registry.npmjs.org/tuf-js/-/tuf-js-4.1.0.tgz 0ms (cache hit)
272 http cache tslib@https://registry.npmjs.org/tslib/-/tslib-2.8.1.tgz 0ms (cache hit)
273 http cache tr46@https://registry.npmjs.org/tr46/-/tr46-6.0.0.tgz 0ms (cache hit)
274 http cache tough-cookie@https://registry.npmjs.org/tough-cookie/-/tough-cookie-6.0.1.tgz 0ms (cache hit)
275 http cache toidentifier@https://registry.npmjs.org/toidentifier/-/toidentifier-1.0.1.tgz 0ms (cache hit)
276 http cache tldts-core@https://registry.npmjs.org/tldts-core/-/tldts-core-7.4.4.tgz 0ms (cache hit)
277 http cache tldts@https://registry.npmjs.org/tldts/-/tldts-7.4.4.tgz 0ms (cache hit)
278 http cache tinyrainbow@https://registry.npmjs.org/tinyrainbow/-/tinyrainbow-3.1.0.tgz 0ms (cache hit)
279 http cache tinyglobby@https://registry.npmjs.org/tinyglobby/-/tinyglobby-0.2.16.tgz 0ms (cache hit)
280 http cache tinyexec@https://registry.npmjs.org/tinyexec/-/tinyexec-1.2.4.tgz 0ms (cache hit)
281 http cache tinybench@https://registry.npmjs.org/tinybench/-/tinybench-2.9.0.tgz 0ms (cache hit)
282 http cache tar@https://registry.npmjs.org/tar/-/tar-7.5.17.tgz 0ms (cache hit)
283 http cache symbol-tree@https://registry.npmjs.org/symbol-tree/-/symbol-tree-3.2.4.tgz 0ms (cache hit)
284 http cache strip-ansi@https://registry.npmjs.org/strip-ansi/-/strip-ansi-7.2.0.tgz 0ms (cache hit)
285 http cache string-width@https://registry.npmjs.org/string-width/-/string-width-8.2.1.tgz 0ms (cache hit)
286 http cache stdin-discarder@https://registry.npmjs.org/stdin-discarder/-/stdin-discarder-0.3.2.tgz 0ms (cache hit)
287 http cache std-env@https://registry.npmjs.org/std-env/-/std-env-4.1.0.tgz 0ms (cache hit)
288 http cache statuses@https://registry.npmjs.org/statuses/-/statuses-2.0.2.tgz 0ms (cache hit)
289 http cache stackback@https://registry.npmjs.org/stackback/-/stackback-0.0.2.tgz 0ms (cache hit)
290 http cache ssri@https://registry.npmjs.org/ssri/-/ssri-13.0.1.tgz 0ms (cache hit)
291 http cache spdx-license-ids@https://registry.npmjs.org/spdx-license-ids/-/spdx-license-ids-3.0.23.tgz 0ms (cache hit)
292 http cache spdx-expression-parse@https://registry.npmjs.org/spdx-expression-parse/-/spdx-expression-parse-4.0.0.tgz 0ms (cache hit)
293 http cache spdx-exceptions@https://registry.npmjs.org/spdx-exceptions/-/spdx-exceptions-2.5.0.tgz 0ms (cache hit)
294 http cache source-map-support@https://registry.npmjs.org/source-map-support/-/source-map-support-0.5.21.tgz 0ms (cache hit)
295 http cache source-map-js@https://registry.npmjs.org/source-map-js/-/source-map-js-1.2.1.tgz 0ms (cache hit)
296 http cache source-map@https://registry.npmjs.org/source-map/-/source-map-0.7.6.tgz 0ms (cache hit)
297 http cache socks-proxy-agent@https://registry.npmjs.org/socks-proxy-agent/-/socks-proxy-agent-8.0.5.tgz 0ms (cache hit)
298 http cache socks@https://registry.npmjs.org/socks/-/socks-2.8.9.tgz 0ms (cache hit)
299 http cache smart-buffer@https://registry.npmjs.org/smart-buffer/-/smart-buffer-4.2.0.tgz 0ms (cache hit)
300 http cache slice-ansi@https://registry.npmjs.org/slice-ansi/-/slice-ansi-8.0.0.tgz 0ms (cache hit)
301 http cache sigstore@https://registry.npmjs.org/sigstore/-/sigstore-4.1.1.tgz 0ms (cache hit)
302 http cache signal-exit@https://registry.npmjs.org/signal-exit/-/signal-exit-4.1.0.tgz 0ms (cache hit)
303 http cache siginfo@https://registry.npmjs.org/siginfo/-/siginfo-2.0.0.tgz 0ms (cache hit)
304 http cache side-channel-weakmap@https://registry.npmjs.org/side-channel-weakmap/-/side-channel-weakmap-1.0.2.tgz 0ms (cache hit)
305 http cache side-channel-map@https://registry.npmjs.org/side-channel-map/-/side-channel-map-1.0.1.tgz 0ms (cache hit)
306 http cache side-channel-list@https://registry.npmjs.org/side-channel-list/-/side-channel-list-1.0.1.tgz 0ms (cache hit)
307 http cache side-channel@https://registry.npmjs.org/side-channel/-/side-channel-1.1.1.tgz 0ms (cache hit)
308 http cache shebang-regex@https://registry.npmjs.org/shebang-regex/-/shebang-regex-3.0.0.tgz 0ms (cache hit)
309 http cache shebang-command@https://registry.npmjs.org/shebang-command/-/shebang-command-2.0.0.tgz 0ms (cache hit)
310 http cache setprototypeof@https://registry.npmjs.org/setprototypeof/-/setprototypeof-1.2.0.tgz 0ms (cache hit)
311 http cache serve-static@https://registry.npmjs.org/serve-static/-/serve-static-2.2.1.tgz 1ms (cache hit)
312 http cache send@https://registry.npmjs.org/send/-/send-1.2.1.tgz 0ms (cache hit)
313 http cache semver@https://registry.npmjs.org/semver/-/semver-7.7.4.tgz 0ms (cache hit)
314 http cache saxes@https://registry.npmjs.org/saxes/-/saxes-6.0.0.tgz 0ms (cache hit)
315 http cache sass@https://registry.npmjs.org/sass/-/sass-1.99.0.tgz 0ms (cache hit)
316 http cache safer-buffer@https://registry.npmjs.org/safer-buffer/-/safer-buffer-2.1.2.tgz 0ms (cache hit)
317 http cache rxjs@https://registry.npmjs.org/rxjs/-/rxjs-7.8.2.tgz 0ms (cache hit)
318 http cache router@https://registry.npmjs.org/router/-/router-2.2.0.tgz 0ms (cache hit)
319 http cache rollup@https://registry.npmjs.org/rollup/-/rollup-4.60.2.tgz 0ms (cache hit)
320 http cache rfdc@https://registry.npmjs.org/rfdc/-/rfdc-1.4.1.tgz 0ms (cache hit)
321 http cache restore-cursor@https://registry.npmjs.org/restore-cursor/-/restore-cursor-5.1.0.tgz 0ms (cache hit)
322 http cache require-from-string@https://registry.npmjs.org/require-from-string/-/require-from-string-2.0.2.tgz 0ms (cache hit)
323 http cache reflect-metadata@https://registry.npmjs.org/reflect-metadata/-/reflect-metadata-0.2.2.tgz 0ms (cache hit)
324 http cache readdirp@https://registry.npmjs.org/readdirp/-/readdirp-5.0.0.tgz 0ms (cache hit)
325 http cache raw-body@https://registry.npmjs.org/raw-body/-/raw-body-3.0.2.tgz 0ms (cache hit)
326 http cache range-parser@https://registry.npmjs.org/range-parser/-/range-parser-1.3.0.tgz 0ms (cache hit)
327 http cache qs@https://registry.npmjs.org/qs/-/qs-6.15.3.tgz 0ms (cache hit)
328 http cache punycode@https://registry.npmjs.org/punycode/-/punycode-2.3.1.tgz 0ms (cache hit)
329 http cache proxy-addr@https://registry.npmjs.org/proxy-addr/-/proxy-addr-2.0.7.tgz 0ms (cache hit)
330 http cache proc-log@https://registry.npmjs.org/proc-log/-/proc-log-6.1.0.tgz 0ms (cache hit)
331 http cache prettier@https://registry.npmjs.org/prettier/-/prettier-3.9.0.tgz 0ms (cache hit)
332 http cache postcss-safe-parser@https://registry.npmjs.org/postcss-safe-parser/-/postcss-safe-parser-7.0.1.tgz 0ms (cache hit)
333 http cache postcss-media-query-parser@https://registry.npmjs.org/postcss-media-query-parser/-/postcss-media-query-parser-0.2.3.tgz 0ms (cache hit)
334 http cache postcss@https://registry.npmjs.org/postcss/-/postcss-8.5.15.tgz 0ms (cache hit)
335 http cache pkce-challenge@https://registry.npmjs.org/pkce-challenge/-/pkce-challenge-5.0.1.tgz 0ms (cache hit)
336 http cache piscina@https://registry.npmjs.org/piscina/-/piscina-5.2.0.tgz 0ms (cache hit)
337 http cache picomatch@https://registry.npmjs.org/picomatch/-/picomatch-4.0.4.tgz 0ms (cache hit)
338 http cache picocolors@https://registry.npmjs.org/picocolors/-/picocolors-1.1.1.tgz 0ms (cache hit)
339 http cache pathe@https://registry.npmjs.org/pathe/-/pathe-2.0.3.tgz 0ms (cache hit)
340 http cache path-to-regexp@https://registry.npmjs.org/path-to-regexp/-/path-to-regexp-8.4.2.tgz 0ms (cache hit)
341 http cache path-scurry@https://registry.npmjs.org/path-scurry/-/path-scurry-2.0.2.tgz 0ms (cache hit)
342 http cache path-key@https://registry.npmjs.org/path-key/-/path-key-3.1.1.tgz 0ms (cache hit)
343 http cache parseurl@https://registry.npmjs.org/parseurl/-/parseurl-1.3.3.tgz 0ms (cache hit)
344 http cache parse5-sax-parser@https://registry.npmjs.org/parse5-sax-parser/-/parse5-sax-parser-8.0.0.tgz 0ms (cache hit)
345 http cache parse5-html-rewriting-stream@https://registry.npmjs.org/parse5-html-rewriting-stream/-/parse5-html-rewriting-stream-8.0.1.tgz 0ms (cache hit)
346 http cache parse5@https://registry.npmjs.org/parse5/-/parse5-8.0.1.tgz 0ms (cache hit)
347 http cache pacote@https://registry.npmjs.org/pacote/-/pacote-21.5.1.tgz 0ms (cache hit)
348 http cache p-map@https://registry.npmjs.org/p-map/-/p-map-7.0.4.tgz 0ms (cache hit)
349 http cache ordered-binary@https://registry.npmjs.org/ordered-binary/-/ordered-binary-1.6.1.tgz 0ms (cache hit)
350 http cache ora@https://registry.npmjs.org/ora/-/ora-9.4.0.tgz 0ms (cache hit)
351 http cache onetime@https://registry.npmjs.org/onetime/-/onetime-7.0.0.tgz 0ms (cache hit)
352 http cache once@https://registry.npmjs.org/once/-/once-1.4.0.tgz 0ms (cache hit)
353 http cache on-finished@https://registry.npmjs.org/on-finished/-/on-finished-2.4.1.tgz 0ms (cache hit)
354 http cache obug@https://registry.npmjs.org/obug/-/obug-2.1.3.tgz 0ms (cache hit)
355 http cache object-inspect@https://registry.npmjs.org/object-inspect/-/object-inspect-1.13.4.tgz 0ms (cache hit)
356 http cache object-assign@https://registry.npmjs.org/object-assign/-/object-assign-4.1.1.tgz 0ms (cache hit)
357 http cache nth-check@https://registry.npmjs.org/nth-check/-/nth-check-2.1.1.tgz 0ms (cache hit)
358 http cache npm-registry-fetch@https://registry.npmjs.org/npm-registry-fetch/-/npm-registry-fetch-19.1.1.tgz 0ms (cache hit)
359 http cache npm-pick-manifest@https://registry.npmjs.org/npm-pick-manifest/-/npm-pick-manifest-11.0.3.tgz 0ms (cache hit)
360 http cache npm-packlist@https://registry.npmjs.org/npm-packlist/-/npm-packlist-10.0.4.tgz 0ms (cache hit)
361 http cache npm-package-arg@https://registry.npmjs.org/npm-package-arg/-/npm-package-arg-13.0.2.tgz 0ms (cache hit)
362 http cache npm-normalize-package-bin@https://registry.npmjs.org/npm-normalize-package-bin/-/npm-normalize-package-bin-5.0.0.tgz 0ms (cache hit)
363 http cache npm-install-checks@https://registry.npmjs.org/npm-install-checks/-/npm-install-checks-8.0.0.tgz 0ms (cache hit)
364 http cache npm-bundled@https://registry.npmjs.org/npm-bundled/-/npm-bundled-5.0.0.tgz 0ms (cache hit)
365 http cache nopt@https://registry.npmjs.org/nopt/-/nopt-9.0.0.tgz 0ms (cache hit)
366 http cache node-releases@https://registry.npmjs.org/node-releases/-/node-releases-2.0.50.tgz 0ms (cache hit)
367 http cache node-gyp-build-optional-packages@https://registry.npmjs.org/node-gyp-build-optional-packages/-/node-gyp-build-optional-packages-5.2.2.tgz 0ms (cache hit)
368 http cache node-gyp@https://registry.npmjs.org/node-gyp/-/node-gyp-12.4.0.tgz 0ms (cache hit)
369 http cache node-addon-api@https://registry.npmjs.org/node-addon-api/-/node-addon-api-6.1.0.tgz 0ms (cache hit)
370 http cache negotiator@https://registry.npmjs.org/negotiator/-/negotiator-1.0.0.tgz 0ms (cache hit)
371 http cache nanoid@https://registry.npmjs.org/nanoid/-/nanoid-3.3.15.tgz 0ms (cache hit)
372 http cache mute-stream@https://registry.npmjs.org/mute-stream/-/mute-stream-3.0.0.tgz 0ms (cache hit)
373 http cache msgpackr-extract@https://registry.npmjs.org/msgpackr-extract/-/msgpackr-extract-3.0.4.tgz 0ms (cache hit)
374 http cache msgpackr@https://registry.npmjs.org/msgpackr/-/msgpackr-1.12.1.tgz 0ms (cache hit)
375 http cache ms@https://registry.npmjs.org/ms/-/ms-2.1.3.tgz 0ms (cache hit)
376 http cache mrmime@https://registry.npmjs.org/mrmime/-/mrmime-2.0.1.tgz 0ms (cache hit)
377 http cache minizlib@https://registry.npmjs.org/minizlib/-/minizlib-3.1.0.tgz 0ms (cache hit)
378 http cache minipass-sized@https://registry.npmjs.org/minipass-sized/-/minipass-sized-2.0.0.tgz 0ms (cache hit)
379 http cache minipass-pipeline@https://registry.npmjs.org/minipass-pipeline/-/minipass-pipeline-1.2.4.tgz 0ms (cache hit)
380 http cache minipass-flush@https://registry.npmjs.org/minipass-flush/-/minipass-flush-1.0.7.tgz 0ms (cache hit)
381 http cache minipass-fetch@https://registry.npmjs.org/minipass-fetch/-/minipass-fetch-5.0.2.tgz 0ms (cache hit)
382 http cache minipass-collect@https://registry.npmjs.org/minipass-collect/-/minipass-collect-2.0.1.tgz 0ms (cache hit)
383 http cache minipass@https://registry.npmjs.org/minipass/-/minipass-7.1.3.tgz 0ms (cache hit)
384 http cache minimatch@https://registry.npmjs.org/minimatch/-/minimatch-10.2.5.tgz 0ms (cache hit)
385 http cache mimic-function@https://registry.npmjs.org/mimic-function/-/mimic-function-5.0.1.tgz 0ms (cache hit)
386 http cache mime-types@https://registry.npmjs.org/mime-types/-/mime-types-3.0.2.tgz 0ms (cache hit)
387 http cache mime-db@https://registry.npmjs.org/mime-db/-/mime-db-1.54.0.tgz 0ms (cache hit)
388 http cache merge-descriptors@https://registry.npmjs.org/merge-descriptors/-/merge-descriptors-2.0.0.tgz 0ms (cache hit)
389 http cache media-typer@https://registry.npmjs.org/media-typer/-/media-typer-1.1.0.tgz 0ms (cache hit)
390 http cache mdn-data@https://registry.npmjs.org/mdn-data/-/mdn-data-2.27.1.tgz 0ms (cache hit)
391 http cache math-intrinsics@https://registry.npmjs.org/math-intrinsics/-/math-intrinsics-1.1.0.tgz 0ms (cache hit)
392 http cache make-fetch-happen@https://registry.npmjs.org/make-fetch-happen/-/make-fetch-happen-15.0.6.tgz 0ms (cache hit)
393 http cache magic-string@https://registry.npmjs.org/magic-string/-/magic-string-0.30.21.tgz 0ms (cache hit)
394 http cache lru-cache@https://registry.npmjs.org/lru-cache/-/lru-cache-5.1.1.tgz 0ms (cache hit)
395 http cache log-update@https://registry.npmjs.org/log-update/-/log-update-6.1.0.tgz 0ms (cache hit)
396 http cache log-symbols@https://registry.npmjs.org/log-symbols/-/log-symbols-7.0.1.tgz 0ms (cache hit)
397 http cache lmdb@https://registry.npmjs.org/lmdb/-/lmdb-3.5.4.tgz 0ms (cache hit)
398 http cache listr2@https://registry.npmjs.org/listr2/-/listr2-10.2.1.tgz 0ms (cache hit)
399 http cache jsonparse@https://registry.npmjs.org/jsonparse/-/jsonparse-1.3.1.tgz 0ms (cache hit)
400 http cache jsonc-parser@https://registry.npmjs.org/jsonc-parser/-/jsonc-parser-3.3.1.tgz 0ms (cache hit)
401 http cache json5@https://registry.npmjs.org/json5/-/json5-2.2.3.tgz 0ms (cache hit)
402 http cache json-schema-typed@https://registry.npmjs.org/json-schema-typed/-/json-schema-typed-8.0.2.tgz 0ms (cache hit)
403 http cache json-schema-traverse@https://registry.npmjs.org/json-schema-traverse/-/json-schema-traverse-1.0.0.tgz 0ms (cache hit)
404 http cache json-parse-even-better-errors@https://registry.npmjs.org/json-parse-even-better-errors/-/json-parse-even-better-errors-5.0.0.tgz 0ms (cache hit)
405 http cache jsesc@https://registry.npmjs.org/jsesc/-/jsesc-3.1.0.tgz 1ms (cache hit)
406 http cache jsdom@https://registry.npmjs.org/jsdom/-/jsdom-28.1.0.tgz 0ms (cache hit)
407 http cache js-tokens@https://registry.npmjs.org/js-tokens/-/js-tokens-4.0.0.tgz 0ms (cache hit)
408 http cache jose@https://registry.npmjs.org/jose/-/jose-6.2.3.tgz 0ms (cache hit)
409 http cache isexe@https://registry.npmjs.org/isexe/-/isexe-2.0.0.tgz 0ms (cache hit)
410 http cache is-unicode-supported@https://registry.npmjs.org/is-unicode-supported/-/is-unicode-supported-2.1.0.tgz 0ms (cache hit)
411 http cache is-promise@https://registry.npmjs.org/is-promise/-/is-promise-4.0.0.tgz 0ms (cache hit)
412 http cache is-potential-custom-element-name@https://registry.npmjs.org/is-potential-custom-element-name/-/is-potential-custom-element-name-1.0.1.tgz 0ms (cache hit)
413 http cache is-interactive@https://registry.npmjs.org/is-interactive/-/is-interactive-2.0.0.tgz 0ms (cache hit)
414 http cache is-glob@https://registry.npmjs.org/is-glob/-/is-glob-4.0.3.tgz 0ms (cache hit)
415 http cache is-fullwidth-code-point@https://registry.npmjs.org/is-fullwidth-code-point/-/is-fullwidth-code-point-5.1.0.tgz 0ms (cache hit)
416 http cache is-extglob@https://registry.npmjs.org/is-extglob/-/is-extglob-2.1.1.tgz 0ms (cache hit)
417 http cache ipaddr.js@https://registry.npmjs.org/ipaddr.js/-/ipaddr.js-1.9.1.tgz 0ms (cache hit)
418 http cache ip-address@https://registry.npmjs.org/ip-address/-/ip-address-10.2.0.tgz 0ms (cache hit)
419 http cache ini@https://registry.npmjs.org/ini/-/ini-6.0.0.tgz 0ms (cache hit)
420 http cache inherits@https://registry.npmjs.org/inherits/-/inherits-2.0.4.tgz 0ms (cache hit)
421 http cache immutable@https://registry.npmjs.org/immutable/-/immutable-5.1.8.tgz 0ms (cache hit)
422 http cache ignore-walk@https://registry.npmjs.org/ignore-walk/-/ignore-walk-8.0.0.tgz 0ms (cache hit)
423 http cache iconv-lite@https://registry.npmjs.org/iconv-lite/-/iconv-lite-0.7.2.tgz 0ms (cache hit)
424 http cache https-proxy-agent@https://registry.npmjs.org/https-proxy-agent/-/https-proxy-agent-9.0.0.tgz 0ms (cache hit)
425 http cache http-proxy-agent@https://registry.npmjs.org/http-proxy-agent/-/http-proxy-agent-7.0.2.tgz 0ms (cache hit)
426 http cache http-errors@https://registry.npmjs.org/http-errors/-/http-errors-2.0.1.tgz 0ms (cache hit)
427 http cache http-cache-semantics@https://registry.npmjs.org/http-cache-semantics/-/http-cache-semantics-4.2.0.tgz 0ms (cache hit)
428 http cache htmlparser2@https://registry.npmjs.org/htmlparser2/-/htmlparser2-10.1.0.tgz 0ms (cache hit)
429 http cache html-encoding-sniffer@https://registry.npmjs.org/html-encoding-sniffer/-/html-encoding-sniffer-6.0.0.tgz 0ms (cache hit)
430 http cache hosted-git-info@https://registry.npmjs.org/hosted-git-info/-/hosted-git-info-9.0.3.tgz 0ms (cache hit)
431 http cache hono@https://registry.npmjs.org/hono/-/hono-4.12.27.tgz 0ms (cache hit)
432 http cache hasown@https://registry.npmjs.org/hasown/-/hasown-2.0.4.tgz 0ms (cache hit)
433 http cache has-symbols@https://registry.npmjs.org/has-symbols/-/has-symbols-1.1.0.tgz 0ms (cache hit)
434 http cache graceful-fs@https://registry.npmjs.org/graceful-fs/-/graceful-fs-4.2.11.tgz 0ms (cache hit)
435 http cache gopd@https://registry.npmjs.org/gopd/-/gopd-1.2.0.tgz 0ms (cache hit)
436 http cache glob-to-regexp@https://registry.npmjs.org/glob-to-regexp/-/glob-to-regexp-0.4.1.tgz 0ms (cache hit)
437 http cache glob@https://registry.npmjs.org/glob/-/glob-13.0.6.tgz 0ms (cache hit)
438 http cache get-proto@https://registry.npmjs.org/get-proto/-/get-proto-1.0.1.tgz 0ms (cache hit)
439 http cache get-intrinsic@https://registry.npmjs.org/get-intrinsic/-/get-intrinsic-1.3.0.tgz 0ms (cache hit)
440 http cache get-east-asian-width@https://registry.npmjs.org/get-east-asian-width/-/get-east-asian-width-1.6.0.tgz 0ms (cache hit)
441 http cache get-caller-file@https://registry.npmjs.org/get-caller-file/-/get-caller-file-2.0.5.tgz 0ms (cache hit)
442 http cache gensync@https://registry.npmjs.org/gensync/-/gensync-1.0.0-beta.2.tgz 0ms (cache hit)
443 http cache function-bind@https://registry.npmjs.org/function-bind/-/function-bind-1.1.2.tgz 0ms (cache hit)
444 http cache fs-minipass@https://registry.npmjs.org/fs-minipass/-/fs-minipass-3.0.3.tgz 0ms (cache hit)
445 http cache fresh@https://registry.npmjs.org/fresh/-/fresh-2.0.0.tgz 0ms (cache hit)
446 http cache forwarded@https://registry.npmjs.org/forwarded/-/forwarded-0.2.0.tgz 0ms (cache hit)
447 http cache finalhandler@https://registry.npmjs.org/finalhandler/-/finalhandler-2.1.1.tgz 0ms (cache hit)
448 http cache fdir@https://registry.npmjs.org/fdir/-/fdir-6.5.0.tgz 0ms (cache hit)
449 http cache fast-wrap-ansi@https://registry.npmjs.org/fast-wrap-ansi/-/fast-wrap-ansi-0.2.2.tgz 0ms (cache hit)
450 http cache fast-uri@https://registry.npmjs.org/fast-uri/-/fast-uri-3.1.2.tgz 0ms (cache hit)
451 http cache fast-string-width@https://registry.npmjs.org/fast-string-width/-/fast-string-width-3.0.2.tgz 0ms (cache hit)
452 http cache fast-string-truncated-width@https://registry.npmjs.org/fast-string-truncated-width/-/fast-string-truncated-width-3.0.3.tgz 0ms (cache hit)
453 http cache fast-deep-equal@https://registry.npmjs.org/fast-deep-equal/-/fast-deep-equal-3.1.3.tgz 0ms (cache hit)
454 http cache express-rate-limit@https://registry.npmjs.org/express-rate-limit/-/express-rate-limit-8.5.2.tgz 0ms (cache hit)
455 http cache express@https://registry.npmjs.org/express/-/express-5.2.1.tgz 0ms (cache hit)
456 http cache exponential-backoff@https://registry.npmjs.org/exponential-backoff/-/exponential-backoff-3.1.3.tgz 0ms (cache hit)
457 http cache expect-type@https://registry.npmjs.org/expect-type/-/expect-type-1.4.0.tgz 0ms (cache hit)
458 http cache eventsource-parser@https://registry.npmjs.org/eventsource-parser/-/eventsource-parser-3.1.0.tgz 0ms (cache hit)
459 http cache eventsource@https://registry.npmjs.org/eventsource/-/eventsource-3.0.7.tgz 0ms (cache hit)
460 http cache eventemitter3@https://registry.npmjs.org/eventemitter3/-/eventemitter3-5.0.4.tgz 0ms (cache hit)
461 http cache etag@https://registry.npmjs.org/etag/-/etag-1.8.1.tgz 0ms (cache hit)
462 http cache estree-walker@https://registry.npmjs.org/estree-walker/-/estree-walker-3.0.3.tgz 0ms (cache hit)
463 http cache escape-html@https://registry.npmjs.org/escape-html/-/escape-html-1.0.3.tgz 0ms (cache hit)
464 http cache escalade@https://registry.npmjs.org/escalade/-/escalade-3.2.0.tgz 0ms (cache hit)
465 http cache esbuild@https://registry.npmjs.org/esbuild/-/esbuild-0.28.1.tgz 0ms (cache hit)
466 http cache es-object-atoms@https://registry.npmjs.org/es-object-atoms/-/es-object-atoms-1.1.2.tgz 0ms (cache hit)
467 http cache es-module-lexer@https://registry.npmjs.org/es-module-lexer/-/es-module-lexer-2.1.0.tgz 0ms (cache hit)
468 http cache es-errors@https://registry.npmjs.org/es-errors/-/es-errors-1.3.0.tgz 0ms (cache hit)
469 http cache es-define-property@https://registry.npmjs.org/es-define-property/-/es-define-property-1.0.1.tgz 0ms (cache hit)
470 http cache environment@https://registry.npmjs.org/environment/-/environment-1.1.0.tgz 0ms (cache hit)
471 http cache env-paths@https://registry.npmjs.org/env-paths/-/env-paths-2.2.1.tgz 0ms (cache hit)
472 http cache entities@https://registry.npmjs.org/entities/-/entities-4.5.0.tgz 0ms (cache hit)
473 http cache encodeurl@https://registry.npmjs.org/encodeurl/-/encodeurl-2.0.0.tgz 0ms (cache hit)
474 http cache emoji-regex@https://registry.npmjs.org/emoji-regex/-/emoji-regex-10.6.0.tgz 0ms (cache hit)
475 http cache electron-to-chromium@https://registry.npmjs.org/electron-to-chromium/-/electron-to-chromium-1.5.380.tgz 0ms (cache hit)
476 http cache ee-first@https://registry.npmjs.org/ee-first/-/ee-first-1.1.1.tgz 0ms (cache hit)
477 http cache dunder-proto@https://registry.npmjs.org/dunder-proto/-/dunder-proto-1.0.1.tgz 0ms (cache hit)
478 http cache domutils@https://registry.npmjs.org/domutils/-/domutils-3.2.2.tgz 0ms (cache hit)
479 http cache domhandler@https://registry.npmjs.org/domhandler/-/domhandler-5.0.3.tgz 0ms (cache hit)
480 http cache domelementtype@https://registry.npmjs.org/domelementtype/-/domelementtype-2.3.0.tgz 0ms (cache hit)
481 http cache dom-serializer@https://registry.npmjs.org/dom-serializer/-/dom-serializer-2.0.0.tgz 0ms (cache hit)
482 http cache detect-libc@https://registry.npmjs.org/detect-libc/-/detect-libc-2.1.2.tgz 0ms (cache hit)
483 http cache depd@https://registry.npmjs.org/depd/-/depd-2.0.0.tgz 0ms (cache hit)
484 http cache decimal.js@https://registry.npmjs.org/decimal.js/-/decimal.js-10.6.0.tgz 0ms (cache hit)
485 http cache debug@https://registry.npmjs.org/debug/-/debug-4.4.3.tgz 0ms (cache hit)
486 http cache data-urls@https://registry.npmjs.org/data-urls/-/data-urls-7.0.0.tgz 0ms (cache hit)
487 http cache cssstyle@https://registry.npmjs.org/cssstyle/-/cssstyle-6.2.0.tgz 0ms (cache hit)
488 http cache css-what@https://registry.npmjs.org/css-what/-/css-what-7.0.0.tgz 0ms (cache hit)
489 http cache css-tree@https://registry.npmjs.org/css-tree/-/css-tree-3.2.1.tgz 0ms (cache hit)
490 http cache css-select@https://registry.npmjs.org/css-select/-/css-select-6.0.0.tgz 0ms (cache hit)
491 http cache cross-spawn@https://registry.npmjs.org/cross-spawn/-/cross-spawn-7.0.6.tgz 0ms (cache hit)
492 http cache zone.js@https://registry.npmjs.org/zone.js/-/zone.js-0.16.2.tgz 0ms (cache hit)
493 http cache cors@https://registry.npmjs.org/cors/-/cors-2.8.6.tgz 0ms (cache hit)
494 http cache cookie-signature@https://registry.npmjs.org/cookie-signature/-/cookie-signature-1.2.2.tgz 0ms (cache hit)
495 http cache cookie@https://registry.npmjs.org/cookie/-/cookie-0.7.2.tgz 0ms (cache hit)
496 http cache convert-source-map@https://registry.npmjs.org/convert-source-map/-/convert-source-map-1.9.0.tgz 0ms (cache hit)
497 http cache content-type@https://registry.npmjs.org/content-type/-/content-type-1.0.5.tgz 0ms (cache hit)
498 http cache content-disposition@https://registry.npmjs.org/content-disposition/-/content-disposition-1.1.0.tgz 0ms (cache hit)
499 http cache cliui@https://registry.npmjs.org/cliui/-/cliui-9.0.1.tgz 0ms (cache hit)
500 http cache cli-width@https://registry.npmjs.org/cli-width/-/cli-width-4.1.0.tgz 0ms (cache hit)
501 http cache cli-truncate@https://registry.npmjs.org/cli-truncate/-/cli-truncate-5.2.0.tgz 1ms (cache hit)
502 http cache cli-spinners@https://registry.npmjs.org/cli-spinners/-/cli-spinners-3.4.0.tgz 0ms (cache hit)
503 http cache cli-cursor@https://registry.npmjs.org/cli-cursor/-/cli-cursor-5.0.0.tgz 0ms (cache hit)
504 http cache chownr@https://registry.npmjs.org/chownr/-/chownr-3.0.0.tgz 0ms (cache hit)
505 http cache chokidar@https://registry.npmjs.org/chokidar/-/chokidar-5.0.0.tgz 0ms (cache hit)
506 http cache chardet@https://registry.npmjs.org/chardet/-/chardet-2.2.0.tgz 0ms (cache hit)
507 http cache chalk@https://registry.npmjs.org/chalk/-/chalk-5.6.2.tgz 0ms (cache hit)
508 http cache chai@https://registry.npmjs.org/chai/-/chai-6.2.2.tgz 0ms (cache hit)
509 http cache caniuse-lite@https://registry.npmjs.org/caniuse-lite/-/caniuse-lite-1.0.30001799.tgz 0ms (cache hit)
510 http cache call-bound@https://registry.npmjs.org/call-bound/-/call-bound-1.0.4.tgz 0ms (cache hit)
511 http cache call-bind-apply-helpers@https://registry.npmjs.org/call-bind-apply-helpers/-/call-bind-apply-helpers-1.0.2.tgz 0ms (cache hit)
512 http cache cacache@https://registry.npmjs.org/cacache/-/cacache-20.0.4.tgz 0ms (cache hit)
513 http cache bytes@https://registry.npmjs.org/bytes/-/bytes-3.1.2.tgz 0ms (cache hit)
514 http cache buffer-from@https://registry.npmjs.org/buffer-from/-/buffer-from-1.1.2.tgz 0ms (cache hit)
515 http cache browserslist@https://registry.npmjs.org/browserslist/-/browserslist-4.28.4.tgz 0ms (cache hit)
516 http cache brace-expansion@https://registry.npmjs.org/brace-expansion/-/brace-expansion-5.0.6.tgz 0ms (cache hit)
517 http cache boolbase@https://registry.npmjs.org/boolbase/-/boolbase-1.0.0.tgz 0ms (cache hit)
518 http cache body-parser@https://registry.npmjs.org/body-parser/-/body-parser-2.3.0.tgz 0ms (cache hit)
519 http cache bidi-js@https://registry.npmjs.org/bidi-js/-/bidi-js-1.0.3.tgz 0ms (cache hit)
520 http cache beasties@https://registry.npmjs.org/beasties/-/beasties-0.4.2.tgz 0ms (cache hit)
521 http cache baseline-browser-mapping@https://registry.npmjs.org/baseline-browser-mapping/-/baseline-browser-mapping-2.10.40.tgz 0ms (cache hit)
522 http cache balanced-match@https://registry.npmjs.org/balanced-match/-/balanced-match-4.0.4.tgz 0ms (cache hit)
523 http cache assertion-error@https://registry.npmjs.org/assertion-error/-/assertion-error-2.0.1.tgz 0ms (cache hit)
524 http cache ansi-styles@https://registry.npmjs.org/ansi-styles/-/ansi-styles-6.2.3.tgz 0ms (cache hit)
525 http cache ansi-regex@https://registry.npmjs.org/ansi-regex/-/ansi-regex-6.2.2.tgz 0ms (cache hit)
526 http cache ansi-escapes@https://registry.npmjs.org/ansi-escapes/-/ansi-escapes-7.3.0.tgz 0ms (cache hit)
527 http cache algoliasearch@https://registry.npmjs.org/algoliasearch/-/algoliasearch-5.52.0.tgz 0ms (cache hit)
528 http cache ajv-formats@https://registry.npmjs.org/ajv-formats/-/ajv-formats-3.0.1.tgz 0ms (cache hit)
529 http cache ajv@https://registry.npmjs.org/ajv/-/ajv-8.20.0.tgz 0ms (cache hit)
530 http cache agent-base@https://registry.npmjs.org/agent-base/-/agent-base-9.0.0.tgz 0ms (cache hit)
531 http cache accepts@https://registry.npmjs.org/accepts/-/accepts-2.0.0.tgz 0ms (cache hit)
532 http cache abbrev@https://registry.npmjs.org/abbrev/-/abbrev-4.0.0.tgz 0ms (cache hit)
533 http cache @yarnpkg/lockfile@https://registry.npmjs.org/@yarnpkg/lockfile/-/lockfile-1.1.0.tgz 0ms (cache hit)
534 http cache @vitest/utils@https://registry.npmjs.org/@vitest/utils/-/utils-4.1.9.tgz 0ms (cache hit)
535 http cache @vitest/spy@https://registry.npmjs.org/@vitest/spy/-/spy-4.1.9.tgz 0ms (cache hit)
536 http cache @vitest/snapshot@https://registry.npmjs.org/@vitest/snapshot/-/snapshot-4.1.9.tgz 0ms (cache hit)
537 http cache @vitest/runner@https://registry.npmjs.org/@vitest/runner/-/runner-4.1.9.tgz 0ms (cache hit)
538 http cache @vitest/pretty-format@https://registry.npmjs.org/@vitest/pretty-format/-/pretty-format-4.1.9.tgz 0ms (cache hit)
539 http cache @vitest/mocker@https://registry.npmjs.org/@vitest/mocker/-/mocker-4.1.9.tgz 0ms (cache hit)
540 http cache @vitest/expect@https://registry.npmjs.org/@vitest/expect/-/expect-4.1.9.tgz 0ms (cache hit)
541 http cache @vitejs/plugin-basic-ssl@https://registry.npmjs.org/@vitejs/plugin-basic-ssl/-/plugin-basic-ssl-2.3.0.tgz 0ms (cache hit)
542 http cache @types/estree@https://registry.npmjs.org/@types/estree/-/estree-1.0.8.tgz 0ms (cache hit)
543 http cache @types/deep-eql@https://registry.npmjs.org/@types/deep-eql/-/deep-eql-4.0.2.tgz 0ms (cache hit)
544 http cache @types/chai@https://registry.npmjs.org/@types/chai/-/chai-5.2.3.tgz 0ms (cache hit)
545 http cache @tufjs/models@https://registry.npmjs.org/@tufjs/models/-/models-4.1.0.tgz 0ms (cache hit)
546 http cache @tufjs/canonical-json@https://registry.npmjs.org/@tufjs/canonical-json/-/canonical-json-2.0.0.tgz 0ms (cache hit)
547 http cache @standard-schema/spec@https://registry.npmjs.org/@standard-schema/spec/-/spec-1.1.0.tgz 0ms (cache hit)
548 http cache @sigstore/verify@https://registry.npmjs.org/@sigstore/verify/-/verify-3.1.1.tgz 0ms (cache hit)
549 http cache @sigstore/tuf@https://registry.npmjs.org/@sigstore/tuf/-/tuf-4.0.2.tgz 0ms (cache hit)
550 http cache @sigstore/sign@https://registry.npmjs.org/@sigstore/sign/-/sign-4.1.1.tgz 0ms (cache hit)
551 http cache @sigstore/protobuf-specs@https://registry.npmjs.org/@sigstore/protobuf-specs/-/protobuf-specs-0.5.1.tgz 0ms (cache hit)
552 http cache @sigstore/core@https://registry.npmjs.org/@sigstore/core/-/core-3.2.1.tgz 0ms (cache hit)
553 http cache @sigstore/bundle@https://registry.npmjs.org/@sigstore/bundle/-/bundle-4.0.0.tgz 0ms (cache hit)
554 http cache @schematics/angular@https://registry.npmjs.org/@schematics/angular/-/angular-22.0.4.tgz 0ms (cache hit)
555 http cache @rollup/rollup-linux-x64-gnu@https://registry.npmjs.org/@rollup/rollup-linux-x64-gnu/-/rollup-linux-x64-gnu-4.60.2.tgz 0ms (cache hit)
556 http cache @parcel/watcher-linux-x64-glibc@https://registry.npmjs.org/@parcel/watcher-linux-x64-glibc/-/watcher-linux-x64-glibc-2.5.6.tgz 0ms (cache hit)
557 http cache @parcel/watcher@https://registry.npmjs.org/@parcel/watcher/-/watcher-2.5.6.tgz 0ms (cache hit)
558 http cache @npmcli/run-script@https://registry.npmjs.org/@npmcli/run-script/-/run-script-10.0.4.tgz 0ms (cache hit)
559 http cache @npmcli/redact@https://registry.npmjs.org/@npmcli/redact/-/redact-4.0.0.tgz 0ms (cache hit)
560 http cache @npmcli/promise-spawn@https://registry.npmjs.org/@npmcli/promise-spawn/-/promise-spawn-9.0.1.tgz 0ms (cache hit)
561 http cache @npmcli/package-json@https://registry.npmjs.org/@npmcli/package-json/-/package-json-7.0.5.tgz 0ms (cache hit)
562 http cache @npmcli/node-gyp@https://registry.npmjs.org/@npmcli/node-gyp/-/node-gyp-5.0.0.tgz 0ms (cache hit)
563 http cache @npmcli/installed-package-contents@https://registry.npmjs.org/@npmcli/installed-package-contents/-/installed-package-contents-4.0.0.tgz 0ms (cache hit)
564 http cache @npmcli/git@https://registry.npmjs.org/@npmcli/git/-/git-7.0.2.tgz 0ms (cache hit)
565 http cache @npmcli/fs@https://registry.npmjs.org/@npmcli/fs/-/fs-5.0.0.tgz 0ms (cache hit)
566 http cache @npmcli/agent@https://registry.npmjs.org/@npmcli/agent/-/agent-4.0.2.tgz 0ms (cache hit)
567 http cache @napi-rs/nice-linux-x64-gnu@https://registry.npmjs.org/@napi-rs/nice-linux-x64-gnu/-/nice-linux-x64-gnu-1.1.1.tgz 0ms (cache hit)
568 http cache @napi-rs/nice@https://registry.npmjs.org/@napi-rs/nice/-/nice-1.1.1.tgz 0ms (cache hit)
569 http cache @msgpackr-extract/msgpackr-extract-linux-x64@https://registry.npmjs.org/@msgpackr-extract/msgpackr-extract-linux-x64/-/msgpackr-extract-linux-x64-3.0.4.tgz 0ms (cache hit)
570 http cache @modelcontextprotocol/sdk@https://registry.npmjs.org/@modelcontextprotocol/sdk/-/sdk-1.29.0.tgz 0ms (cache hit)
571 http cache @lmdb/lmdb-linux-x64@https://registry.npmjs.org/@lmdb/lmdb-linux-x64/-/lmdb-linux-x64-3.5.4.tgz 0ms (cache hit)
572 http cache @listr2/prompt-adapter-inquirer@https://registry.npmjs.org/@listr2/prompt-adapter-inquirer/-/prompt-adapter-inquirer-4.2.3.tgz 0ms (cache hit)
573 http cache @jridgewell/trace-mapping@https://registry.npmjs.org/@jridgewell/trace-mapping/-/trace-mapping-0.3.31.tgz 0ms (cache hit)
574 http cache @jridgewell/sourcemap-codec@https://registry.npmjs.org/@jridgewell/sourcemap-codec/-/sourcemap-codec-1.5.5.tgz 0ms (cache hit)
575 http cache @jridgewell/resolve-uri@https://registry.npmjs.org/@jridgewell/resolve-uri/-/resolve-uri-3.1.2.tgz 0ms (cache hit)
576 http cache @jridgewell/remapping@https://registry.npmjs.org/@jridgewell/remapping/-/remapping-2.3.5.tgz 0ms (cache hit)
577 http cache @jridgewell/gen-mapping@https://registry.npmjs.org/@jridgewell/gen-mapping/-/gen-mapping-0.3.13.tgz 0ms (cache hit)
578 http cache @isaacs/fs-minipass@https://registry.npmjs.org/@isaacs/fs-minipass/-/fs-minipass-4.0.1.tgz 0ms (cache hit)
579 http cache @inquirer/type@https://registry.npmjs.org/@inquirer/type/-/type-4.0.7.tgz 0ms (cache hit)
580 http cache @inquirer/select@https://registry.npmjs.org/@inquirer/select/-/select-5.2.1.tgz 0ms (cache hit)
581 http cache @inquirer/search@https://registry.npmjs.org/@inquirer/search/-/search-4.2.1.tgz 0ms (cache hit)
582 http cache @inquirer/rawlist@https://registry.npmjs.org/@inquirer/rawlist/-/rawlist-5.3.1.tgz 0ms (cache hit)
583 http cache @inquirer/prompts@https://registry.npmjs.org/@inquirer/prompts/-/prompts-8.4.2.tgz 0ms (cache hit)
584 http cache @inquirer/password@https://registry.npmjs.org/@inquirer/password/-/password-5.1.1.tgz 0ms (cache hit)
585 http cache @inquirer/number@https://registry.npmjs.org/@inquirer/number/-/number-4.1.1.tgz 0ms (cache hit)
586 http cache @inquirer/input@https://registry.npmjs.org/@inquirer/input/-/input-5.1.2.tgz 0ms (cache hit)
587 http cache @inquirer/figures@https://registry.npmjs.org/@inquirer/figures/-/figures-2.0.7.tgz 0ms (cache hit)
588 http cache @inquirer/external-editor@https://registry.npmjs.org/@inquirer/external-editor/-/external-editor-3.0.3.tgz 0ms (cache hit)
589 http cache @inquirer/expand@https://registry.npmjs.org/@inquirer/expand/-/expand-5.1.1.tgz 0ms (cache hit)
590 http cache @inquirer/editor@https://registry.npmjs.org/@inquirer/editor/-/editor-5.2.2.tgz 0ms (cache hit)
591 http cache @inquirer/core@https://registry.npmjs.org/@inquirer/core/-/core-11.2.1.tgz 0ms (cache hit)
592 http cache @inquirer/confirm@https://registry.npmjs.org/@inquirer/confirm/-/confirm-6.0.12.tgz 0ms (cache hit)
593 http cache @inquirer/checkbox@https://registry.npmjs.org/@inquirer/checkbox/-/checkbox-5.2.1.tgz 0ms (cache hit)
594 http cache @inquirer/ansi@https://registry.npmjs.org/@inquirer/ansi/-/ansi-2.0.7.tgz 0ms (cache hit)
595 http cache @hono/node-server@https://registry.npmjs.org/@hono/node-server/-/node-server-1.19.14.tgz 0ms (cache hit)
596 http cache @harperfast/extended-iterable@https://registry.npmjs.org/@harperfast/extended-iterable/-/extended-iterable-1.0.3.tgz 0ms (cache hit)
597 http cache @gar/promise-retry@https://registry.npmjs.org/@gar/promise-retry/-/promise-retry-1.0.3.tgz 0ms (cache hit)
598 http cache @exodus/bytes@https://registry.npmjs.org/@exodus/bytes/-/bytes-1.15.1.tgz 0ms (cache hit)
599 http cache @esbuild/linux-x64@https://registry.npmjs.org/@esbuild/linux-x64/-/linux-x64-0.28.1.tgz 0ms (cache hit)
600 http cache @csstools/css-tokenizer@https://registry.npmjs.org/@csstools/css-tokenizer/-/css-tokenizer-4.0.0.tgz 0ms (cache hit)
601 http cache @csstools/css-syntax-patches-for-csstree@https://registry.npmjs.org/@csstools/css-syntax-patches-for-csstree/-/css-syntax-patches-for-csstree-1.1.5.tgz 0ms (cache hit)
602 http cache @csstools/css-parser-algorithms@https://registry.npmjs.org/@csstools/css-parser-algorithms/-/css-parser-algorithms-4.0.0.tgz 0ms (cache hit)
603 http cache @csstools/css-color-parser@https://registry.npmjs.org/@csstools/css-color-parser/-/css-color-parser-4.1.9.tgz 0ms (cache hit)
604 http cache @csstools/css-calc@https://registry.npmjs.org/@csstools/css-calc/-/css-calc-3.2.1.tgz 0ms (cache hit)
605 http cache @csstools/color-helpers@https://registry.npmjs.org/@csstools/color-helpers/-/color-helpers-6.1.0.tgz 0ms (cache hit)
606 http cache @bramus/specificity@https://registry.npmjs.org/@bramus/specificity/-/specificity-2.4.2.tgz 0ms (cache hit)
607 http cache @babel/types@https://registry.npmjs.org/@babel/types/-/types-7.29.7.tgz 0ms (cache hit)
608 http cache @babel/traverse@https://registry.npmjs.org/@babel/traverse/-/traverse-7.29.7.tgz 0ms (cache hit)
609 http cache @babel/template@https://registry.npmjs.org/@babel/template/-/template-7.29.7.tgz 0ms (cache hit)
610 http cache @babel/parser@https://registry.npmjs.org/@babel/parser/-/parser-7.29.7.tgz 0ms (cache hit)
611 http cache @babel/helpers@https://registry.npmjs.org/@babel/helpers/-/helpers-7.29.7.tgz 0ms (cache hit)
612 http cache @babel/helper-validator-option@https://registry.npmjs.org/@babel/helper-validator-option/-/helper-validator-option-7.29.7.tgz 0ms (cache hit)
613 http cache @babel/helper-validator-identifier@https://registry.npmjs.org/@babel/helper-validator-identifier/-/helper-validator-identifier-7.29.7.tgz 0ms (cache hit)
614 http cache @babel/helper-string-parser@https://registry.npmjs.org/@babel/helper-string-parser/-/helper-string-parser-7.29.7.tgz 0ms (cache hit)
615 http cache @babel/helper-split-export-declaration@https://registry.npmjs.org/@babel/helper-split-export-declaration/-/helper-split-export-declaration-7.24.7.tgz 0ms (cache hit)
616 http cache @babel/helper-module-transforms@https://registry.npmjs.org/@babel/helper-module-transforms/-/helper-module-transforms-7.29.7.tgz 0ms (cache hit)
617 http cache @babel/helper-module-imports@https://registry.npmjs.org/@babel/helper-module-imports/-/helper-module-imports-7.29.7.tgz 0ms (cache hit)
618 http cache @babel/helper-globals@https://registry.npmjs.org/@babel/helper-globals/-/helper-globals-7.29.7.tgz 0ms (cache hit)
619 http cache @babel/helper-compilation-targets@https://registry.npmjs.org/@babel/helper-compilation-targets/-/helper-compilation-targets-7.29.7.tgz 0ms (cache hit)
620 http cache @babel/helper-annotate-as-pure@https://registry.npmjs.org/@babel/helper-annotate-as-pure/-/helper-annotate-as-pure-7.27.3.tgz 0ms (cache hit)
621 http cache @babel/generator@https://registry.npmjs.org/@babel/generator/-/generator-7.29.7.tgz 0ms (cache hit)
622 http cache @babel/core@https://registry.npmjs.org/@babel/core/-/core-7.29.0.tgz 0ms (cache hit)
623 http cache @babel/compat-data@https://registry.npmjs.org/@babel/compat-data/-/compat-data-7.29.7.tgz 0ms (cache hit)
624 http cache @babel/code-frame@https://registry.npmjs.org/@babel/code-frame/-/code-frame-7.29.7.tgz 0ms (cache hit)
625 http cache @asamuzakjp/nwsapi@https://registry.npmjs.org/@asamuzakjp/nwsapi/-/nwsapi-2.3.9.tgz 0ms (cache hit)
626 http cache @asamuzakjp/generational-cache@https://registry.npmjs.org/@asamuzakjp/generational-cache/-/generational-cache-1.0.1.tgz 0ms (cache hit)
627 http cache @asamuzakjp/dom-selector@https://registry.npmjs.org/@asamuzakjp/dom-selector/-/dom-selector-6.8.1.tgz 0ms (cache hit)
628 http cache @asamuzakjp/css-color@https://registry.npmjs.org/@asamuzakjp/css-color/-/css-color-5.1.11.tgz 0ms (cache hit)
629 http cache @angular/router@https://registry.npmjs.org/@angular/router/-/router-22.0.4.tgz 0ms (cache hit)
630 http cache @angular/platform-browser@https://registry.npmjs.org/@angular/platform-browser/-/platform-browser-22.0.4.tgz 0ms (cache hit)
631 http cache @angular/forms@https://registry.npmjs.org/@angular/forms/-/forms-22.0.4.tgz 0ms (cache hit)
632 http cache @angular/core@https://registry.npmjs.org/@angular/core/-/core-22.0.4.tgz 0ms (cache hit)
633 http cache @angular/compiler-cli@https://registry.npmjs.org/@angular/compiler-cli/-/compiler-cli-22.0.4.tgz 0ms (cache hit)
634 http cache @angular/compiler@https://registry.npmjs.org/@angular/compiler/-/compiler-22.0.4.tgz 0ms (cache hit)
635 http cache @angular/common@https://registry.npmjs.org/@angular/common/-/common-22.0.4.tgz 0ms (cache hit)
636 http cache @angular/cli@https://registry.npmjs.org/@angular/cli/-/cli-22.0.4.tgz 0ms (cache hit)
637 http cache @angular/build@https://registry.npmjs.org/@angular/build/-/build-22.0.4.tgz 0ms (cache hit)
638 http cache @angular-devkit/schematics@https://registry.npmjs.org/@angular-devkit/schematics/-/schematics-22.0.4.tgz 0ms (cache hit)
639 http cache @angular-devkit/core@https://registry.npmjs.org/@angular-devkit/core/-/core-22.0.4.tgz 0ms (cache hit)
640 http cache @angular-devkit/architect@https://registry.npmjs.org/@angular-devkit/architect/-/architect-0.2200.4.tgz 0ms (cache hit)
641 http cache @ampproject/remapping@https://registry.npmjs.org/@ampproject/remapping/-/remapping-2.3.0.tgz 0ms (cache hit)
642 http cache @algolia/requester-node-http@https://registry.npmjs.org/@algolia/requester-node-http/-/requester-node-http-5.52.0.tgz 0ms (cache hit)
643 http cache @algolia/requester-fetch@https://registry.npmjs.org/@algolia/requester-fetch/-/requester-fetch-5.52.0.tgz 0ms (cache hit)
644 http cache @algolia/requester-browser-xhr@https://registry.npmjs.org/@algolia/requester-browser-xhr/-/requester-browser-xhr-5.52.0.tgz 0ms (cache hit)
645 http cache @algolia/recommend@https://registry.npmjs.org/@algolia/recommend/-/recommend-5.52.0.tgz 0ms (cache hit)
646 http cache @algolia/monitoring@https://registry.npmjs.org/@algolia/monitoring/-/monitoring-1.52.0.tgz 0ms (cache hit)
647 http cache @algolia/ingestion@https://registry.npmjs.org/@algolia/ingestion/-/ingestion-1.52.0.tgz 0ms (cache hit)
648 http cache @algolia/client-search@https://registry.npmjs.org/@algolia/client-search/-/client-search-5.52.0.tgz 0ms (cache hit)
649 http cache @algolia/client-query-suggestions@https://registry.npmjs.org/@algolia/client-query-suggestions/-/client-query-suggestions-5.52.0.tgz 0ms (cache hit)
650 http cache @algolia/client-personalization@https://registry.npmjs.org/@algolia/client-personalization/-/client-personalization-5.52.0.tgz 0ms (cache hit)
651 http cache @algolia/client-insights@https://registry.npmjs.org/@algolia/client-insights/-/client-insights-5.52.0.tgz 0ms (cache hit)
652 http cache @algolia/client-common@https://registry.npmjs.org/@algolia/client-common/-/client-common-5.52.0.tgz 0ms (cache hit)
653 http cache @algolia/client-analytics@https://registry.npmjs.org/@algolia/client-analytics/-/client-analytics-5.52.0.tgz 0ms (cache hit)
654 http cache @algolia/client-abtesting@https://registry.npmjs.org/@algolia/client-abtesting/-/client-abtesting-5.52.0.tgz 0ms (cache hit)
655 http cache @algolia/abtesting@https://registry.npmjs.org/@algolia/abtesting/-/abtesting-1.18.0.tgz 0ms (cache hit)
656 http cache @acemir/cssom@https://registry.npmjs.org/@acemir/cssom/-/cssom-0.9.31.tgz 0ms (cache hit)
657 http cache string-width@https://registry.npmjs.org/string-width/-/string-width-7.2.0.tgz 0ms (cache hit)
658 http cache esbuild@https://registry.npmjs.org/esbuild/-/esbuild-0.27.7.tgz 1ms (cache hit)
659 http cache @esbuild/linux-x64@https://registry.npmjs.org/@esbuild/linux-x64/-/linux-x64-0.27.7.tgz 0ms (cache hit)
660 http cache content-type@https://registry.npmjs.org/content-type/-/content-type-2.0.0.tgz 0ms (cache hit)
661 http cache yallist@https://registry.npmjs.org/yallist/-/yallist-5.0.0.tgz 0ms (cache hit)
662 http cache source-map@https://registry.npmjs.org/source-map/-/source-map-0.6.1.tgz 0ms (cache hit)
663 http cache agent-base@https://registry.npmjs.org/agent-base/-/agent-base-7.1.4.tgz 0ms (cache hit)
664 http cache readdirp@https://registry.npmjs.org/readdirp/-/readdirp-4.1.2.tgz 0ms (cache hit)
665 http cache chokidar@https://registry.npmjs.org/chokidar/-/chokidar-4.0.3.tgz 0ms (cache hit)
666 http cache lru-cache@https://registry.npmjs.org/lru-cache/-/lru-cache-11.5.1.tgz 1ms (cache hit)
667 http cache entities@https://registry.npmjs.org/entities/-/entities-8.0.0.tgz 0ms (cache hit)
668 http cache entities@https://registry.npmjs.org/entities/-/entities-8.0.0.tgz 0ms (cache hit)
669 http cache which@https://registry.npmjs.org/which/-/which-6.0.1.tgz 0ms (cache hit)
670 http cache undici@https://registry.npmjs.org/undici/-/undici-6.27.0.tgz 0ms (cache hit)
671 http cache isexe@https://registry.npmjs.org/isexe/-/isexe-4.0.0.tgz 0ms (cache hit)
672 http cache yallist@https://registry.npmjs.org/yallist/-/yallist-4.0.0.tgz 0ms (cache hit)
673 http cache minipass@https://registry.npmjs.org/minipass/-/minipass-3.3.6.tgz 0ms (cache hit)
674 http cache yallist@https://registry.npmjs.org/yallist/-/yallist-4.0.0.tgz 0ms (cache hit)
675 http cache minipass@https://registry.npmjs.org/minipass/-/minipass-3.3.6.tgz 0ms (cache hit)
676 http cache wrap-ansi@https://registry.npmjs.org/wrap-ansi/-/wrap-ansi-9.0.2.tgz 0ms (cache hit)
677 http cache string-width@https://registry.npmjs.org/string-width/-/string-width-7.2.0.tgz 0ms (cache hit)
678 http cache slice-ansi@https://registry.npmjs.org/slice-ansi/-/slice-ansi-7.1.2.tgz 0ms (cache hit)
679 http cache https-proxy-agent@https://registry.npmjs.org/https-proxy-agent/-/https-proxy-agent-7.0.6.tgz 0ms (cache hit)
680 http cache agent-base@https://registry.npmjs.org/agent-base/-/agent-base-7.1.4.tgz 0ms (cache hit)
681 http cache agent-base@https://registry.npmjs.org/agent-base/-/agent-base-7.1.4.tgz 0ms (cache hit)
682 http cache entities@https://registry.npmjs.org/entities/-/entities-7.0.1.tgz 0ms (cache hit)
683 http cache lru-cache@https://registry.npmjs.org/lru-cache/-/lru-cache-11.5.1.tgz 0ms (cache hit)
684 http cache lru-cache@https://registry.npmjs.org/lru-cache/-/lru-cache-11.5.1.tgz 0ms (cache hit)
685 http cache wrap-ansi@https://registry.npmjs.org/wrap-ansi/-/wrap-ansi-9.0.2.tgz 0ms (cache hit)
686 http cache string-width@https://registry.npmjs.org/string-width/-/string-width-7.2.0.tgz 0ms (cache hit)
687 http cache lru-cache@https://registry.npmjs.org/lru-cache/-/lru-cache-11.5.1.tgz 0ms (cache hit)
688 http cache content-type@https://registry.npmjs.org/content-type/-/content-type-2.0.0.tgz 0ms (cache hit)
689 http cache convert-source-map@https://registry.npmjs.org/convert-source-map/-/convert-source-map-2.0.0.tgz 0ms (cache hit)
690 http cache node-addon-api@https://registry.npmjs.org/node-addon-api/-/node-addon-api-7.1.1.tgz 0ms (cache hit)
691 http cache which@https://registry.npmjs.org/which/-/which-6.0.1.tgz 0ms (cache hit)
692 http cache isexe@https://registry.npmjs.org/isexe/-/isexe-4.0.0.tgz 0ms (cache hit)
693 http cache which@https://registry.npmjs.org/which/-/which-6.0.1.tgz 0ms (cache hit)
694 http cache lru-cache@https://registry.npmjs.org/lru-cache/-/lru-cache-11.5.1.tgz 0ms (cache hit)
695 http cache isexe@https://registry.npmjs.org/isexe/-/isexe-4.0.0.tgz 0ms (cache hit)
696 http cache lru-cache@https://registry.npmjs.org/lru-cache/-/lru-cache-11.5.1.tgz 0ms (cache hit)
697 http cache https-proxy-agent@https://registry.npmjs.org/https-proxy-agent/-/https-proxy-agent-7.0.6.tgz 0ms (cache hit)
698 http cache agent-base@https://registry.npmjs.org/agent-base/-/agent-base-7.1.4.tgz 0ms (cache hit)
699 http cache semver@https://registry.npmjs.org/semver/-/semver-6.3.1.tgz 0ms (cache hit)
700 http cache semver@https://registry.npmjs.org/semver/-/semver-6.3.1.tgz 0ms (cache hit)
701 http cache convert-source-map@https://registry.npmjs.org/convert-source-map/-/convert-source-map-2.0.0.tgz 0ms (cache hit)
702 http cache lru-cache@https://registry.npmjs.org/lru-cache/-/lru-cache-11.5.1.tgz 0ms (cache hit)
703 http cache @babel/core@https://registry.npmjs.org/@babel/core/-/core-7.29.7.tgz 0ms (cache hit)
704 http cache semver@https://registry.npmjs.org/semver/-/semver-6.3.1.tgz 0ms (cache hit)
705 http cache convert-source-map@https://registry.npmjs.org/convert-source-map/-/convert-source-map-2.0.0.tgz 0ms (cache hit)
706 silly tarball no local data for zod-to-json-schema@https://registry.npmjs.org/zod-to-json-schema/-/zod-to-json-schema-3.25.2.tgz. Extracting by manifest.
707 silly tarball no local data for zod@https://registry.npmjs.org/zod/-/zod-4.4.2.tgz. Extracting by manifest.
708 silly tarball no local data for yoctocolors@https://registry.npmjs.org/yoctocolors/-/yoctocolors-2.1.2.tgz. Extracting by manifest.
709 silly tarball no local data for yargs-parser@https://registry.npmjs.org/yargs-parser/-/yargs-parser-22.0.0.tgz. Extracting by manifest.
710 silly tarball no local data for yargs@https://registry.npmjs.org/yargs/-/yargs-18.0.0.tgz. Extracting by manifest.
711 silly tarball no local data for yallist@https://registry.npmjs.org/yallist/-/yallist-3.1.1.tgz. Extracting by manifest.
712 silly tarball no local data for y18n@https://registry.npmjs.org/y18n/-/y18n-5.0.8.tgz. Extracting by manifest.
713 silly tarball no local data for xmlchars@https://registry.npmjs.org/xmlchars/-/xmlchars-2.2.0.tgz. Extracting by manifest.
714 silly tarball no local data for xml-name-validator@https://registry.npmjs.org/xml-name-validator/-/xml-name-validator-5.0.0.tgz. Extracting by manifest.
715 silly tarball no local data for wrappy@https://registry.npmjs.org/wrappy/-/wrappy-1.0.2.tgz. Extracting by manifest.
716 silly tarball no local data for wrap-ansi@https://registry.npmjs.org/wrap-ansi/-/wrap-ansi-10.0.0.tgz. Extracting by manifest.
717 silly tarball no local data for why-is-node-running@https://registry.npmjs.org/why-is-node-running/-/why-is-node-running-2.3.0.tgz. Extracting by manifest.
718 silly tarball no local data for which@https://registry.npmjs.org/which/-/which-2.0.2.tgz. Extracting by manifest.
719 silly tarball no local data for whatwg-url@https://registry.npmjs.org/whatwg-url/-/whatwg-url-16.0.1.tgz. Extracting by manifest.
720 silly tarball no local data for whatwg-mimetype@https://registry.npmjs.org/whatwg-mimetype/-/whatwg-mimetype-5.0.0.tgz. Extracting by manifest.
721 silly tarball no local data for weak-lru-cache@https://registry.npmjs.org/weak-lru-cache/-/weak-lru-cache-1.2.2.tgz. Extracting by manifest.
722 silly tarball no local data for watchpack@https://registry.npmjs.org/watchpack/-/watchpack-2.5.1.tgz. Extracting by manifest.
723 silly tarball no local data for webidl-conversions@https://registry.npmjs.org/webidl-conversions/-/webidl-conversions-8.0.1.tgz. Extracting by manifest.
724 silly tarball no local data for w3c-xmlserializer@https://registry.npmjs.org/w3c-xmlserializer/-/w3c-xmlserializer-5.0.0.tgz. Extracting by manifest.
725 silly tarball no local data for vitest@https://registry.npmjs.org/vitest/-/vitest-4.1.9.tgz. Extracting by manifest.
726 silly tarball no local data for vite@https://registry.npmjs.org/vite/-/vite-7.3.5.tgz. Extracting by manifest.
727 silly tarball no local data for vary@https://registry.npmjs.org/vary/-/vary-1.1.2.tgz. Extracting by manifest.
728 silly tarball no local data for validate-npm-package-name@https://registry.npmjs.org/validate-npm-package-name/-/validate-npm-package-name-7.0.2.tgz. Extracting by manifest.
729 silly tarball no local data for update-browserslist-db@https://registry.npmjs.org/update-browserslist-db/-/update-browserslist-db-1.2.3.tgz. Extracting by manifest.
730 silly tarball no local data for unpipe@https://registry.npmjs.org/unpipe/-/unpipe-1.0.0.tgz. Extracting by manifest.
731 silly tarball no local data for undici@https://registry.npmjs.org/undici/-/undici-7.28.0.tgz. Extracting by manifest.
732 silly tarball no local data for typescript@https://registry.npmjs.org/typescript/-/typescript-6.0.3.tgz. Extracting by manifest.
733 silly tarball no local data for type-is@https://registry.npmjs.org/type-is/-/type-is-2.1.0.tgz. Extracting by manifest.
734 silly tarball no local data for tuf-js@https://registry.npmjs.org/tuf-js/-/tuf-js-4.1.0.tgz. Extracting by manifest.
735 silly tarball no local data for tslib@https://registry.npmjs.org/tslib/-/tslib-2.8.1.tgz. Extracting by manifest.
736 silly tarball no local data for tr46@https://registry.npmjs.org/tr46/-/tr46-6.0.0.tgz. Extracting by manifest.
737 silly tarball no local data for tough-cookie@https://registry.npmjs.org/tough-cookie/-/tough-cookie-6.0.1.tgz. Extracting by manifest.
738 silly tarball no local data for toidentifier@https://registry.npmjs.org/toidentifier/-/toidentifier-1.0.1.tgz. Extracting by manifest.
739 silly tarball no local data for tldts-core@https://registry.npmjs.org/tldts-core/-/tldts-core-7.4.4.tgz. Extracting by manifest.
740 silly tarball no local data for tldts@https://registry.npmjs.org/tldts/-/tldts-7.4.4.tgz. Extracting by manifest.
741 silly tarball no local data for tinyrainbow@https://registry.npmjs.org/tinyrainbow/-/tinyrainbow-3.1.0.tgz. Extracting by manifest.
742 silly tarball no local data for tinyglobby@https://registry.npmjs.org/tinyglobby/-/tinyglobby-0.2.16.tgz. Extracting by manifest.
743 silly tarball no local data for tinyexec@https://registry.npmjs.org/tinyexec/-/tinyexec-1.2.4.tgz. Extracting by manifest.
744 silly tarball no local data for tinybench@https://registry.npmjs.org/tinybench/-/tinybench-2.9.0.tgz. Extracting by manifest.
745 silly tarball no local data for tar@https://registry.npmjs.org/tar/-/tar-7.5.17.tgz. Extracting by manifest.
746 silly tarball no local data for symbol-tree@https://registry.npmjs.org/symbol-tree/-/symbol-tree-3.2.4.tgz. Extracting by manifest.
747 silly tarball no local data for strip-ansi@https://registry.npmjs.org/strip-ansi/-/strip-ansi-7.2.0.tgz. Extracting by manifest.
748 silly tarball no local data for string-width@https://registry.npmjs.org/string-width/-/string-width-8.2.1.tgz. Extracting by manifest.
749 silly tarball no local data for stdin-discarder@https://registry.npmjs.org/stdin-discarder/-/stdin-discarder-0.3.2.tgz. Extracting by manifest.
750 silly tarball no local data for std-env@https://registry.npmjs.org/std-env/-/std-env-4.1.0.tgz. Extracting by manifest.
751 silly tarball no local data for statuses@https://registry.npmjs.org/statuses/-/statuses-2.0.2.tgz. Extracting by manifest.
752 silly tarball no local data for stackback@https://registry.npmjs.org/stackback/-/stackback-0.0.2.tgz. Extracting by manifest.
753 silly tarball no local data for ssri@https://registry.npmjs.org/ssri/-/ssri-13.0.1.tgz. Extracting by manifest.
754 silly tarball no local data for spdx-license-ids@https://registry.npmjs.org/spdx-license-ids/-/spdx-license-ids-3.0.23.tgz. Extracting by manifest.
755 silly tarball no local data for spdx-expression-parse@https://registry.npmjs.org/spdx-expression-parse/-/spdx-expression-parse-4.0.0.tgz. Extracting by manifest.
756 silly tarball no local data for spdx-exceptions@https://registry.npmjs.org/spdx-exceptions/-/spdx-exceptions-2.5.0.tgz. Extracting by manifest.
757 silly tarball no local data for source-map-support@https://registry.npmjs.org/source-map-support/-/source-map-support-0.5.21.tgz. Extracting by manifest.
758 silly tarball no local data for source-map-js@https://registry.npmjs.org/source-map-js/-/source-map-js-1.2.1.tgz. Extracting by manifest.
759 silly tarball no local data for source-map@https://registry.npmjs.org/source-map/-/source-map-0.7.6.tgz. Extracting by manifest.
760 silly tarball no local data for socks-proxy-agent@https://registry.npmjs.org/socks-proxy-agent/-/socks-proxy-agent-8.0.5.tgz. Extracting by manifest.
761 silly tarball no local data for socks@https://registry.npmjs.org/socks/-/socks-2.8.9.tgz. Extracting by manifest.
762 silly tarball no local data for smart-buffer@https://registry.npmjs.org/smart-buffer/-/smart-buffer-4.2.0.tgz. Extracting by manifest.
763 silly tarball no local data for slice-ansi@https://registry.npmjs.org/slice-ansi/-/slice-ansi-8.0.0.tgz. Extracting by manifest.
764 silly tarball no local data for sigstore@https://registry.npmjs.org/sigstore/-/sigstore-4.1.1.tgz. Extracting by manifest.
765 silly tarball no local data for signal-exit@https://registry.npmjs.org/signal-exit/-/signal-exit-4.1.0.tgz. Extracting by manifest.
766 silly tarball no local data for siginfo@https://registry.npmjs.org/siginfo/-/siginfo-2.0.0.tgz. Extracting by manifest.
767 silly tarball no local data for side-channel-weakmap@https://registry.npmjs.org/side-channel-weakmap/-/side-channel-weakmap-1.0.2.tgz. Extracting by manifest.
768 silly tarball no local data for side-channel-map@https://registry.npmjs.org/side-channel-map/-/side-channel-map-1.0.1.tgz. Extracting by manifest.
769 silly tarball no local data for side-channel-list@https://registry.npmjs.org/side-channel-list/-/side-channel-list-1.0.1.tgz. Extracting by manifest.
770 silly tarball no local data for side-channel@https://registry.npmjs.org/side-channel/-/side-channel-1.1.1.tgz. Extracting by manifest.
771 silly tarball no local data for shebang-regex@https://registry.npmjs.org/shebang-regex/-/shebang-regex-3.0.0.tgz. Extracting by manifest.
772 silly tarball no local data for shebang-command@https://registry.npmjs.org/shebang-command/-/shebang-command-2.0.0.tgz. Extracting by manifest.
773 silly tarball no local data for setprototypeof@https://registry.npmjs.org/setprototypeof/-/setprototypeof-1.2.0.tgz. Extracting by manifest.
774 silly tarball no local data for serve-static@https://registry.npmjs.org/serve-static/-/serve-static-2.2.1.tgz. Extracting by manifest.
775 silly tarball no local data for send@https://registry.npmjs.org/send/-/send-1.2.1.tgz. Extracting by manifest.
776 silly tarball no local data for semver@https://registry.npmjs.org/semver/-/semver-7.7.4.tgz. Extracting by manifest.
777 silly tarball no local data for saxes@https://registry.npmjs.org/saxes/-/saxes-6.0.0.tgz. Extracting by manifest.
778 silly tarball no local data for sass@https://registry.npmjs.org/sass/-/sass-1.99.0.tgz. Extracting by manifest.
779 silly tarball no local data for safer-buffer@https://registry.npmjs.org/safer-buffer/-/safer-buffer-2.1.2.tgz. Extracting by manifest.
780 silly tarball no local data for rxjs@https://registry.npmjs.org/rxjs/-/rxjs-7.8.2.tgz. Extracting by manifest.
781 silly tarball no local data for router@https://registry.npmjs.org/router/-/router-2.2.0.tgz. Extracting by manifest.
782 silly tarball no local data for rollup@https://registry.npmjs.org/rollup/-/rollup-4.60.2.tgz. Extracting by manifest.
783 silly tarball no local data for rfdc@https://registry.npmjs.org/rfdc/-/rfdc-1.4.1.tgz. Extracting by manifest.
784 silly tarball no local data for restore-cursor@https://registry.npmjs.org/restore-cursor/-/restore-cursor-5.1.0.tgz. Extracting by manifest.
785 silly tarball no local data for require-from-string@https://registry.npmjs.org/require-from-string/-/require-from-string-2.0.2.tgz. Extracting by manifest.
786 silly tarball no local data for reflect-metadata@https://registry.npmjs.org/reflect-metadata/-/reflect-metadata-0.2.2.tgz. Extracting by manifest.
787 silly tarball no local data for readdirp@https://registry.npmjs.org/readdirp/-/readdirp-5.0.0.tgz. Extracting by manifest.
788 silly tarball no local data for raw-body@https://registry.npmjs.org/raw-body/-/raw-body-3.0.2.tgz. Extracting by manifest.
789 silly tarball no local data for range-parser@https://registry.npmjs.org/range-parser/-/range-parser-1.3.0.tgz. Extracting by manifest.
790 silly tarball no local data for qs@https://registry.npmjs.org/qs/-/qs-6.15.3.tgz. Extracting by manifest.
791 silly tarball no local data for punycode@https://registry.npmjs.org/punycode/-/punycode-2.3.1.tgz. Extracting by manifest.
792 silly tarball no local data for proxy-addr@https://registry.npmjs.org/proxy-addr/-/proxy-addr-2.0.7.tgz. Extracting by manifest.
793 silly tarball no local data for proc-log@https://registry.npmjs.org/proc-log/-/proc-log-6.1.0.tgz. Extracting by manifest.
794 silly tarball no local data for prettier@https://registry.npmjs.org/prettier/-/prettier-3.9.0.tgz. Extracting by manifest.
795 silly tarball no local data for postcss-safe-parser@https://registry.npmjs.org/postcss-safe-parser/-/postcss-safe-parser-7.0.1.tgz. Extracting by manifest.
796 silly tarball no local data for postcss-media-query-parser@https://registry.npmjs.org/postcss-media-query-parser/-/postcss-media-query-parser-0.2.3.tgz. Extracting by manifest.
797 silly tarball no local data for postcss@https://registry.npmjs.org/postcss/-/postcss-8.5.15.tgz. Extracting by manifest.
798 silly tarball no local data for pkce-challenge@https://registry.npmjs.org/pkce-challenge/-/pkce-challenge-5.0.1.tgz. Extracting by manifest.
799 silly tarball no local data for piscina@https://registry.npmjs.org/piscina/-/piscina-5.2.0.tgz. Extracting by manifest.
800 silly tarball no local data for picomatch@https://registry.npmjs.org/picomatch/-/picomatch-4.0.4.tgz. Extracting by manifest.
801 silly tarball no local data for picocolors@https://registry.npmjs.org/picocolors/-/picocolors-1.1.1.tgz. Extracting by manifest.
802 silly tarball no local data for pathe@https://registry.npmjs.org/pathe/-/pathe-2.0.3.tgz. Extracting by manifest.
803 silly tarball no local data for path-to-regexp@https://registry.npmjs.org/path-to-regexp/-/path-to-regexp-8.4.2.tgz. Extracting by manifest.
804 silly tarball no local data for path-scurry@https://registry.npmjs.org/path-scurry/-/path-scurry-2.0.2.tgz. Extracting by manifest.
805 silly tarball no local data for path-key@https://registry.npmjs.org/path-key/-/path-key-3.1.1.tgz. Extracting by manifest.
806 silly tarball no local data for parseurl@https://registry.npmjs.org/parseurl/-/parseurl-1.3.3.tgz. Extracting by manifest.
807 silly tarball no local data for parse5-sax-parser@https://registry.npmjs.org/parse5-sax-parser/-/parse5-sax-parser-8.0.0.tgz. Extracting by manifest.
808 silly tarball no local data for parse5-html-rewriting-stream@https://registry.npmjs.org/parse5-html-rewriting-stream/-/parse5-html-rewriting-stream-8.0.1.tgz. Extracting by manifest.
809 silly tarball no local data for parse5@https://registry.npmjs.org/parse5/-/parse5-8.0.1.tgz. Extracting by manifest.
810 silly tarball no local data for pacote@https://registry.npmjs.org/pacote/-/pacote-21.5.1.tgz. Extracting by manifest.
811 silly tarball no local data for p-map@https://registry.npmjs.org/p-map/-/p-map-7.0.4.tgz. Extracting by manifest.
812 silly tarball no local data for ordered-binary@https://registry.npmjs.org/ordered-binary/-/ordered-binary-1.6.1.tgz. Extracting by manifest.
813 silly tarball no local data for ora@https://registry.npmjs.org/ora/-/ora-9.4.0.tgz. Extracting by manifest.
814 silly tarball no local data for onetime@https://registry.npmjs.org/onetime/-/onetime-7.0.0.tgz. Extracting by manifest.
815 silly tarball no local data for once@https://registry.npmjs.org/once/-/once-1.4.0.tgz. Extracting by manifest.
816 silly tarball no local data for on-finished@https://registry.npmjs.org/on-finished/-/on-finished-2.4.1.tgz. Extracting by manifest.
817 silly tarball no local data for obug@https://registry.npmjs.org/obug/-/obug-2.1.3.tgz. Extracting by manifest.
818 silly tarball no local data for object-inspect@https://registry.npmjs.org/object-inspect/-/object-inspect-1.13.4.tgz. Extracting by manifest.
819 silly tarball no local data for object-assign@https://registry.npmjs.org/object-assign/-/object-assign-4.1.1.tgz. Extracting by manifest.
820 silly tarball no local data for nth-check@https://registry.npmjs.org/nth-check/-/nth-check-2.1.1.tgz. Extracting by manifest.
821 silly tarball no local data for npm-registry-fetch@https://registry.npmjs.org/npm-registry-fetch/-/npm-registry-fetch-19.1.1.tgz. Extracting by manifest.
822 silly tarball no local data for npm-pick-manifest@https://registry.npmjs.org/npm-pick-manifest/-/npm-pick-manifest-11.0.3.tgz. Extracting by manifest.
823 silly tarball no local data for npm-packlist@https://registry.npmjs.org/npm-packlist/-/npm-packlist-10.0.4.tgz. Extracting by manifest.
824 silly tarball no local data for npm-package-arg@https://registry.npmjs.org/npm-package-arg/-/npm-package-arg-13.0.2.tgz. Extracting by manifest.
825 silly tarball no local data for npm-normalize-package-bin@https://registry.npmjs.org/npm-normalize-package-bin/-/npm-normalize-package-bin-5.0.0.tgz. Extracting by manifest.
826 silly tarball no local data for npm-install-checks@https://registry.npmjs.org/npm-install-checks/-/npm-install-checks-8.0.0.tgz. Extracting by manifest.
827 silly tarball no local data for npm-bundled@https://registry.npmjs.org/npm-bundled/-/npm-bundled-5.0.0.tgz. Extracting by manifest.
828 silly tarball no local data for nopt@https://registry.npmjs.org/nopt/-/nopt-9.0.0.tgz. Extracting by manifest.
829 silly tarball no local data for node-releases@https://registry.npmjs.org/node-releases/-/node-releases-2.0.50.tgz. Extracting by manifest.
830 silly tarball no local data for node-gyp-build-optional-packages@https://registry.npmjs.org/node-gyp-build-optional-packages/-/node-gyp-build-optional-packages-5.2.2.tgz. Extracting by manifest.
831 silly tarball no local data for node-gyp@https://registry.npmjs.org/node-gyp/-/node-gyp-12.4.0.tgz. Extracting by manifest.
832 silly tarball no local data for node-addon-api@https://registry.npmjs.org/node-addon-api/-/node-addon-api-6.1.0.tgz. Extracting by manifest.
833 silly tarball no local data for negotiator@https://registry.npmjs.org/negotiator/-/negotiator-1.0.0.tgz. Extracting by manifest.
834 silly tarball no local data for nanoid@https://registry.npmjs.org/nanoid/-/nanoid-3.3.15.tgz. Extracting by manifest.
835 silly tarball no local data for mute-stream@https://registry.npmjs.org/mute-stream/-/mute-stream-3.0.0.tgz. Extracting by manifest.
836 silly tarball no local data for msgpackr-extract@https://registry.npmjs.org/msgpackr-extract/-/msgpackr-extract-3.0.4.tgz. Extracting by manifest.
837 silly tarball no local data for msgpackr@https://registry.npmjs.org/msgpackr/-/msgpackr-1.12.1.tgz. Extracting by manifest.
838 silly tarball no local data for ms@https://registry.npmjs.org/ms/-/ms-2.1.3.tgz. Extracting by manifest.
839 silly tarball no local data for mrmime@https://registry.npmjs.org/mrmime/-/mrmime-2.0.1.tgz. Extracting by manifest.
840 silly tarball no local data for minizlib@https://registry.npmjs.org/minizlib/-/minizlib-3.1.0.tgz. Extracting by manifest.
841 silly tarball no local data for minipass-sized@https://registry.npmjs.org/minipass-sized/-/minipass-sized-2.0.0.tgz. Extracting by manifest.
842 silly tarball no local data for minipass-pipeline@https://registry.npmjs.org/minipass-pipeline/-/minipass-pipeline-1.2.4.tgz. Extracting by manifest.
843 silly tarball no local data for minipass-flush@https://registry.npmjs.org/minipass-flush/-/minipass-flush-1.0.7.tgz. Extracting by manifest.
844 silly tarball no local data for minipass-fetch@https://registry.npmjs.org/minipass-fetch/-/minipass-fetch-5.0.2.tgz. Extracting by manifest.
845 silly tarball no local data for minipass-collect@https://registry.npmjs.org/minipass-collect/-/minipass-collect-2.0.1.tgz. Extracting by manifest.
846 silly tarball no local data for minipass@https://registry.npmjs.org/minipass/-/minipass-7.1.3.tgz. Extracting by manifest.
847 silly tarball no local data for minimatch@https://registry.npmjs.org/minimatch/-/minimatch-10.2.5.tgz. Extracting by manifest.
848 silly tarball no local data for mimic-function@https://registry.npmjs.org/mimic-function/-/mimic-function-5.0.1.tgz. Extracting by manifest.
849 silly tarball no local data for mime-types@https://registry.npmjs.org/mime-types/-/mime-types-3.0.2.tgz. Extracting by manifest.
850 silly tarball no local data for mime-db@https://registry.npmjs.org/mime-db/-/mime-db-1.54.0.tgz. Extracting by manifest.
851 silly tarball no local data for merge-descriptors@https://registry.npmjs.org/merge-descriptors/-/merge-descriptors-2.0.0.tgz. Extracting by manifest.
852 silly tarball no local data for media-typer@https://registry.npmjs.org/media-typer/-/media-typer-1.1.0.tgz. Extracting by manifest.
853 silly tarball no local data for mdn-data@https://registry.npmjs.org/mdn-data/-/mdn-data-2.27.1.tgz. Extracting by manifest.
854 silly tarball no local data for math-intrinsics@https://registry.npmjs.org/math-intrinsics/-/math-intrinsics-1.1.0.tgz. Extracting by manifest.
855 silly tarball no local data for make-fetch-happen@https://registry.npmjs.org/make-fetch-happen/-/make-fetch-happen-15.0.6.tgz. Extracting by manifest.
856 silly tarball no local data for magic-string@https://registry.npmjs.org/magic-string/-/magic-string-0.30.21.tgz. Extracting by manifest.
857 silly tarball no local data for lru-cache@https://registry.npmjs.org/lru-cache/-/lru-cache-5.1.1.tgz. Extracting by manifest.
858 silly tarball no local data for log-update@https://registry.npmjs.org/log-update/-/log-update-6.1.0.tgz. Extracting by manifest.
859 silly tarball no local data for log-symbols@https://registry.npmjs.org/log-symbols/-/log-symbols-7.0.1.tgz. Extracting by manifest.
860 silly tarball no local data for lmdb@https://registry.npmjs.org/lmdb/-/lmdb-3.5.4.tgz. Extracting by manifest.
861 silly tarball no local data for listr2@https://registry.npmjs.org/listr2/-/listr2-10.2.1.tgz. Extracting by manifest.
862 silly tarball no local data for jsonparse@https://registry.npmjs.org/jsonparse/-/jsonparse-1.3.1.tgz. Extracting by manifest.
863 silly tarball no local data for jsonc-parser@https://registry.npmjs.org/jsonc-parser/-/jsonc-parser-3.3.1.tgz. Extracting by manifest.
864 silly tarball no local data for json5@https://registry.npmjs.org/json5/-/json5-2.2.3.tgz. Extracting by manifest.
865 silly tarball no local data for json-schema-typed@https://registry.npmjs.org/json-schema-typed/-/json-schema-typed-8.0.2.tgz. Extracting by manifest.
866 silly tarball no local data for json-schema-traverse@https://registry.npmjs.org/json-schema-traverse/-/json-schema-traverse-1.0.0.tgz. Extracting by manifest.
867 silly tarball no local data for json-parse-even-better-errors@https://registry.npmjs.org/json-parse-even-better-errors/-/json-parse-even-better-errors-5.0.0.tgz. Extracting by manifest.
868 silly tarball no local data for jsesc@https://registry.npmjs.org/jsesc/-/jsesc-3.1.0.tgz. Extracting by manifest.
869 silly tarball no local data for jsdom@https://registry.npmjs.org/jsdom/-/jsdom-28.1.0.tgz. Extracting by manifest.
870 silly tarball no local data for js-tokens@https://registry.npmjs.org/js-tokens/-/js-tokens-4.0.0.tgz. Extracting by manifest.
871 silly tarball no local data for jose@https://registry.npmjs.org/jose/-/jose-6.2.3.tgz. Extracting by manifest.
872 silly tarball no local data for isexe@https://registry.npmjs.org/isexe/-/isexe-2.0.0.tgz. Extracting by manifest.
873 silly tarball no local data for is-unicode-supported@https://registry.npmjs.org/is-unicode-supported/-/is-unicode-supported-2.1.0.tgz. Extracting by manifest.
874 silly tarball no local data for is-promise@https://registry.npmjs.org/is-promise/-/is-promise-4.0.0.tgz. Extracting by manifest.
875 silly tarball no local data for is-potential-custom-element-name@https://registry.npmjs.org/is-potential-custom-element-name/-/is-potential-custom-element-name-1.0.1.tgz. Extracting by manifest.
876 silly tarball no local data for is-interactive@https://registry.npmjs.org/is-interactive/-/is-interactive-2.0.0.tgz. Extracting by manifest.
877 silly tarball no local data for is-glob@https://registry.npmjs.org/is-glob/-/is-glob-4.0.3.tgz. Extracting by manifest.
878 silly tarball no local data for is-fullwidth-code-point@https://registry.npmjs.org/is-fullwidth-code-point/-/is-fullwidth-code-point-5.1.0.tgz. Extracting by manifest.
879 silly tarball no local data for is-extglob@https://registry.npmjs.org/is-extglob/-/is-extglob-2.1.1.tgz. Extracting by manifest.
880 silly tarball no local data for ipaddr.js@https://registry.npmjs.org/ipaddr.js/-/ipaddr.js-1.9.1.tgz. Extracting by manifest.
881 silly tarball no local data for ip-address@https://registry.npmjs.org/ip-address/-/ip-address-10.2.0.tgz. Extracting by manifest.
882 silly tarball no local data for ini@https://registry.npmjs.org/ini/-/ini-6.0.0.tgz. Extracting by manifest.
883 silly tarball no local data for inherits@https://registry.npmjs.org/inherits/-/inherits-2.0.4.tgz. Extracting by manifest.
884 silly tarball no local data for immutable@https://registry.npmjs.org/immutable/-/immutable-5.1.8.tgz. Extracting by manifest.
885 silly tarball no local data for ignore-walk@https://registry.npmjs.org/ignore-walk/-/ignore-walk-8.0.0.tgz. Extracting by manifest.
886 silly tarball no local data for iconv-lite@https://registry.npmjs.org/iconv-lite/-/iconv-lite-0.7.2.tgz. Extracting by manifest.
887 silly tarball no local data for https-proxy-agent@https://registry.npmjs.org/https-proxy-agent/-/https-proxy-agent-9.0.0.tgz. Extracting by manifest.
888 silly tarball no local data for http-proxy-agent@https://registry.npmjs.org/http-proxy-agent/-/http-proxy-agent-7.0.2.tgz. Extracting by manifest.
889 silly tarball no local data for http-errors@https://registry.npmjs.org/http-errors/-/http-errors-2.0.1.tgz. Extracting by manifest.
890 silly tarball no local data for http-cache-semantics@https://registry.npmjs.org/http-cache-semantics/-/http-cache-semantics-4.2.0.tgz. Extracting by manifest.
891 silly tarball no local data for htmlparser2@https://registry.npmjs.org/htmlparser2/-/htmlparser2-10.1.0.tgz. Extracting by manifest.
892 silly tarball no local data for html-encoding-sniffer@https://registry.npmjs.org/html-encoding-sniffer/-/html-encoding-sniffer-6.0.0.tgz. Extracting by manifest.
893 silly tarball no local data for hosted-git-info@https://registry.npmjs.org/hosted-git-info/-/hosted-git-info-9.0.3.tgz. Extracting by manifest.
894 silly tarball no local data for hono@https://registry.npmjs.org/hono/-/hono-4.12.27.tgz. Extracting by manifest.
895 silly tarball no local data for hasown@https://registry.npmjs.org/hasown/-/hasown-2.0.4.tgz. Extracting by manifest.
896 silly tarball no local data for has-symbols@https://registry.npmjs.org/has-symbols/-/has-symbols-1.1.0.tgz. Extracting by manifest.
897 silly tarball no local data for graceful-fs@https://registry.npmjs.org/graceful-fs/-/graceful-fs-4.2.11.tgz. Extracting by manifest.
898 silly tarball no local data for gopd@https://registry.npmjs.org/gopd/-/gopd-1.2.0.tgz. Extracting by manifest.
899 silly tarball no local data for glob-to-regexp@https://registry.npmjs.org/glob-to-regexp/-/glob-to-regexp-0.4.1.tgz. Extracting by manifest.
900 silly tarball no local data for glob@https://registry.npmjs.org/glob/-/glob-13.0.6.tgz. Extracting by manifest.
901 silly tarball no local data for get-proto@https://registry.npmjs.org/get-proto/-/get-proto-1.0.1.tgz. Extracting by manifest.
902 silly tarball no local data for get-intrinsic@https://registry.npmjs.org/get-intrinsic/-/get-intrinsic-1.3.0.tgz. Extracting by manifest.
903 silly tarball no local data for get-east-asian-width@https://registry.npmjs.org/get-east-asian-width/-/get-east-asian-width-1.6.0.tgz. Extracting by manifest.
904 silly tarball no local data for get-caller-file@https://registry.npmjs.org/get-caller-file/-/get-caller-file-2.0.5.tgz. Extracting by manifest.
905 silly tarball no local data for gensync@https://registry.npmjs.org/gensync/-/gensync-1.0.0-beta.2.tgz. Extracting by manifest.
906 silly tarball no local data for function-bind@https://registry.npmjs.org/function-bind/-/function-bind-1.1.2.tgz. Extracting by manifest.
907 silly tarball no local data for fs-minipass@https://registry.npmjs.org/fs-minipass/-/fs-minipass-3.0.3.tgz. Extracting by manifest.
908 silly tarball no local data for fresh@https://registry.npmjs.org/fresh/-/fresh-2.0.0.tgz. Extracting by manifest.
909 silly tarball no local data for forwarded@https://registry.npmjs.org/forwarded/-/forwarded-0.2.0.tgz. Extracting by manifest.
910 silly tarball no local data for finalhandler@https://registry.npmjs.org/finalhandler/-/finalhandler-2.1.1.tgz. Extracting by manifest.
911 silly tarball no local data for fdir@https://registry.npmjs.org/fdir/-/fdir-6.5.0.tgz. Extracting by manifest.
912 silly tarball no local data for fast-wrap-ansi@https://registry.npmjs.org/fast-wrap-ansi/-/fast-wrap-ansi-0.2.2.tgz. Extracting by manifest.
913 silly tarball no local data for fast-uri@https://registry.npmjs.org/fast-uri/-/fast-uri-3.1.2.tgz. Extracting by manifest.
914 silly tarball no local data for fast-string-width@https://registry.npmjs.org/fast-string-width/-/fast-string-width-3.0.2.tgz. Extracting by manifest.
915 silly tarball no local data for fast-string-truncated-width@https://registry.npmjs.org/fast-string-truncated-width/-/fast-string-truncated-width-3.0.3.tgz. Extracting by manifest.
916 silly tarball no local data for fast-deep-equal@https://registry.npmjs.org/fast-deep-equal/-/fast-deep-equal-3.1.3.tgz. Extracting by manifest.
917 silly tarball no local data for express-rate-limit@https://registry.npmjs.org/express-rate-limit/-/express-rate-limit-8.5.2.tgz. Extracting by manifest.
918 silly tarball no local data for express@https://registry.npmjs.org/express/-/express-5.2.1.tgz. Extracting by manifest.
919 silly tarball no local data for exponential-backoff@https://registry.npmjs.org/exponential-backoff/-/exponential-backoff-3.1.3.tgz. Extracting by manifest.
920 silly tarball no local data for expect-type@https://registry.npmjs.org/expect-type/-/expect-type-1.4.0.tgz. Extracting by manifest.
921 silly tarball no local data for eventsource-parser@https://registry.npmjs.org/eventsource-parser/-/eventsource-parser-3.1.0.tgz. Extracting by manifest.
922 silly tarball no local data for eventsource@https://registry.npmjs.org/eventsource/-/eventsource-3.0.7.tgz. Extracting by manifest.
923 silly tarball no local data for eventemitter3@https://registry.npmjs.org/eventemitter3/-/eventemitter3-5.0.4.tgz. Extracting by manifest.
924 silly tarball no local data for etag@https://registry.npmjs.org/etag/-/etag-1.8.1.tgz. Extracting by manifest.
925 silly tarball no local data for estree-walker@https://registry.npmjs.org/estree-walker/-/estree-walker-3.0.3.tgz. Extracting by manifest.
926 silly tarball no local data for escape-html@https://registry.npmjs.org/escape-html/-/escape-html-1.0.3.tgz. Extracting by manifest.
927 silly tarball no local data for escalade@https://registry.npmjs.org/escalade/-/escalade-3.2.0.tgz. Extracting by manifest.
928 silly tarball no local data for esbuild@https://registry.npmjs.org/esbuild/-/esbuild-0.28.1.tgz. Extracting by manifest.
929 silly tarball no local data for es-object-atoms@https://registry.npmjs.org/es-object-atoms/-/es-object-atoms-1.1.2.tgz. Extracting by manifest.
930 silly tarball no local data for es-module-lexer@https://registry.npmjs.org/es-module-lexer/-/es-module-lexer-2.1.0.tgz. Extracting by manifest.
931 silly tarball no local data for es-errors@https://registry.npmjs.org/es-errors/-/es-errors-1.3.0.tgz. Extracting by manifest.
932 silly tarball no local data for es-define-property@https://registry.npmjs.org/es-define-property/-/es-define-property-1.0.1.tgz. Extracting by manifest.
933 silly tarball no local data for environment@https://registry.npmjs.org/environment/-/environment-1.1.0.tgz. Extracting by manifest.
934 silly tarball no local data for env-paths@https://registry.npmjs.org/env-paths/-/env-paths-2.2.1.tgz. Extracting by manifest.
935 silly tarball no local data for entities@https://registry.npmjs.org/entities/-/entities-4.5.0.tgz. Extracting by manifest.
936 silly tarball no local data for encodeurl@https://registry.npmjs.org/encodeurl/-/encodeurl-2.0.0.tgz. Extracting by manifest.
937 silly tarball no local data for emoji-regex@https://registry.npmjs.org/emoji-regex/-/emoji-regex-10.6.0.tgz. Extracting by manifest.
938 silly tarball no local data for electron-to-chromium@https://registry.npmjs.org/electron-to-chromium/-/electron-to-chromium-1.5.380.tgz. Extracting by manifest.
939 silly tarball no local data for ee-first@https://registry.npmjs.org/ee-first/-/ee-first-1.1.1.tgz. Extracting by manifest.
940 silly tarball no local data for dunder-proto@https://registry.npmjs.org/dunder-proto/-/dunder-proto-1.0.1.tgz. Extracting by manifest.
941 silly tarball no local data for domutils@https://registry.npmjs.org/domutils/-/domutils-3.2.2.tgz. Extracting by manifest.
942 silly tarball no local data for domhandler@https://registry.npmjs.org/domhandler/-/domhandler-5.0.3.tgz. Extracting by manifest.
943 silly tarball no local data for domelementtype@https://registry.npmjs.org/domelementtype/-/domelementtype-2.3.0.tgz. Extracting by manifest.
944 silly tarball no local data for dom-serializer@https://registry.npmjs.org/dom-serializer/-/dom-serializer-2.0.0.tgz. Extracting by manifest.
945 silly tarball no local data for detect-libc@https://registry.npmjs.org/detect-libc/-/detect-libc-2.1.2.tgz. Extracting by manifest.
946 silly tarball no local data for depd@https://registry.npmjs.org/depd/-/depd-2.0.0.tgz. Extracting by manifest.
947 silly tarball no local data for decimal.js@https://registry.npmjs.org/decimal.js/-/decimal.js-10.6.0.tgz. Extracting by manifest.
948 silly tarball no local data for debug@https://registry.npmjs.org/debug/-/debug-4.4.3.tgz. Extracting by manifest.
949 silly tarball no local data for data-urls@https://registry.npmjs.org/data-urls/-/data-urls-7.0.0.tgz. Extracting by manifest.
950 silly tarball no local data for cssstyle@https://registry.npmjs.org/cssstyle/-/cssstyle-6.2.0.tgz. Extracting by manifest.
951 silly tarball no local data for css-what@https://registry.npmjs.org/css-what/-/css-what-7.0.0.tgz. Extracting by manifest.
952 silly tarball no local data for css-tree@https://registry.npmjs.org/css-tree/-/css-tree-3.2.1.tgz. Extracting by manifest.
953 silly tarball no local data for css-select@https://registry.npmjs.org/css-select/-/css-select-6.0.0.tgz. Extracting by manifest.
954 silly tarball no local data for cross-spawn@https://registry.npmjs.org/cross-spawn/-/cross-spawn-7.0.6.tgz. Extracting by manifest.
955 silly tarball no local data for zone.js@https://registry.npmjs.org/zone.js/-/zone.js-0.16.2.tgz. Extracting by manifest.
956 silly tarball no local data for cors@https://registry.npmjs.org/cors/-/cors-2.8.6.tgz. Extracting by manifest.
957 silly tarball no local data for cookie-signature@https://registry.npmjs.org/cookie-signature/-/cookie-signature-1.2.2.tgz. Extracting by manifest.
958 silly tarball no local data for cookie@https://registry.npmjs.org/cookie/-/cookie-0.7.2.tgz. Extracting by manifest.
959 silly tarball no local data for convert-source-map@https://registry.npmjs.org/convert-source-map/-/convert-source-map-1.9.0.tgz. Extracting by manifest.
960 silly tarball no local data for content-type@https://registry.npmjs.org/content-type/-/content-type-1.0.5.tgz. Extracting by manifest.
961 silly tarball no local data for content-disposition@https://registry.npmjs.org/content-disposition/-/content-disposition-1.1.0.tgz. Extracting by manifest.
962 silly tarball no local data for cliui@https://registry.npmjs.org/cliui/-/cliui-9.0.1.tgz. Extracting by manifest.
963 silly tarball no local data for cli-width@https://registry.npmjs.org/cli-width/-/cli-width-4.1.0.tgz. Extracting by manifest.
964 silly tarball no local data for cli-truncate@https://registry.npmjs.org/cli-truncate/-/cli-truncate-5.2.0.tgz. Extracting by manifest.
965 silly tarball no local data for cli-spinners@https://registry.npmjs.org/cli-spinners/-/cli-spinners-3.4.0.tgz. Extracting by manifest.
966 silly tarball no local data for cli-cursor@https://registry.npmjs.org/cli-cursor/-/cli-cursor-5.0.0.tgz. Extracting by manifest.
967 silly tarball no local data for chownr@https://registry.npmjs.org/chownr/-/chownr-3.0.0.tgz. Extracting by manifest.
968 silly tarball no local data for chokidar@https://registry.npmjs.org/chokidar/-/chokidar-5.0.0.tgz. Extracting by manifest.
969 silly tarball no local data for chardet@https://registry.npmjs.org/chardet/-/chardet-2.2.0.tgz. Extracting by manifest.
970 silly tarball no local data for chalk@https://registry.npmjs.org/chalk/-/chalk-5.6.2.tgz. Extracting by manifest.
971 silly tarball no local data for chai@https://registry.npmjs.org/chai/-/chai-6.2.2.tgz. Extracting by manifest.
972 silly tarball no local data for caniuse-lite@https://registry.npmjs.org/caniuse-lite/-/caniuse-lite-1.0.30001799.tgz. Extracting by manifest.
973 silly tarball no local data for call-bound@https://registry.npmjs.org/call-bound/-/call-bound-1.0.4.tgz. Extracting by manifest.
974 silly tarball no local data for call-bind-apply-helpers@https://registry.npmjs.org/call-bind-apply-helpers/-/call-bind-apply-helpers-1.0.2.tgz. Extracting by manifest.
975 silly tarball no local data for cacache@https://registry.npmjs.org/cacache/-/cacache-20.0.4.tgz. Extracting by manifest.
976 silly tarball no local data for bytes@https://registry.npmjs.org/bytes/-/bytes-3.1.2.tgz. Extracting by manifest.
977 silly tarball no local data for buffer-from@https://registry.npmjs.org/buffer-from/-/buffer-from-1.1.2.tgz. Extracting by manifest.
978 silly tarball no local data for browserslist@https://registry.npmjs.org/browserslist/-/browserslist-4.28.4.tgz. Extracting by manifest.
979 silly tarball no local data for brace-expansion@https://registry.npmjs.org/brace-expansion/-/brace-expansion-5.0.6.tgz. Extracting by manifest.
980 silly tarball no local data for boolbase@https://registry.npmjs.org/boolbase/-/boolbase-1.0.0.tgz. Extracting by manifest.
981 silly tarball no local data for body-parser@https://registry.npmjs.org/body-parser/-/body-parser-2.3.0.tgz. Extracting by manifest.
982 silly tarball no local data for bidi-js@https://registry.npmjs.org/bidi-js/-/bidi-js-1.0.3.tgz. Extracting by manifest.
983 silly tarball no local data for beasties@https://registry.npmjs.org/beasties/-/beasties-0.4.2.tgz. Extracting by manifest.
984 silly tarball no local data for baseline-browser-mapping@https://registry.npmjs.org/baseline-browser-mapping/-/baseline-browser-mapping-2.10.40.tgz. Extracting by manifest.
985 silly tarball no local data for balanced-match@https://registry.npmjs.org/balanced-match/-/balanced-match-4.0.4.tgz. Extracting by manifest.
986 silly tarball no local data for assertion-error@https://registry.npmjs.org/assertion-error/-/assertion-error-2.0.1.tgz. Extracting by manifest.
987 silly tarball no local data for ansi-styles@https://registry.npmjs.org/ansi-styles/-/ansi-styles-6.2.3.tgz. Extracting by manifest.
988 silly tarball no local data for ansi-regex@https://registry.npmjs.org/ansi-regex/-/ansi-regex-6.2.2.tgz. Extracting by manifest.
989 silly tarball no local data for ansi-escapes@https://registry.npmjs.org/ansi-escapes/-/ansi-escapes-7.3.0.tgz. Extracting by manifest.
990 silly tarball no local data for algoliasearch@https://registry.npmjs.org/algoliasearch/-/algoliasearch-5.52.0.tgz. Extracting by manifest.
991 silly tarball no local data for ajv-formats@https://registry.npmjs.org/ajv-formats/-/ajv-formats-3.0.1.tgz. Extracting by manifest.
992 silly tarball no local data for ajv@https://registry.npmjs.org/ajv/-/ajv-8.20.0.tgz. Extracting by manifest.
993 silly tarball no local data for agent-base@https://registry.npmjs.org/agent-base/-/agent-base-9.0.0.tgz. Extracting by manifest.
994 silly tarball no local data for accepts@https://registry.npmjs.org/accepts/-/accepts-2.0.0.tgz. Extracting by manifest.
995 silly tarball no local data for abbrev@https://registry.npmjs.org/abbrev/-/abbrev-4.0.0.tgz. Extracting by manifest.
996 silly tarball no local data for @yarnpkg/lockfile@https://registry.npmjs.org/@yarnpkg/lockfile/-/lockfile-1.1.0.tgz. Extracting by manifest.
997 silly tarball no local data for @vitest/utils@https://registry.npmjs.org/@vitest/utils/-/utils-4.1.9.tgz. Extracting by manifest.
998 silly tarball no local data for @vitest/spy@https://registry.npmjs.org/@vitest/spy/-/spy-4.1.9.tgz. Extracting by manifest.
999 silly tarball no local data for @vitest/snapshot@https://registry.npmjs.org/@vitest/snapshot/-/snapshot-4.1.9.tgz. Extracting by manifest.
1000 silly tarball no local data for @vitest/runner@https://registry.npmjs.org/@vitest/runner/-/runner-4.1.9.tgz. Extracting by manifest.
1001 silly tarball no local data for @vitest/pretty-format@https://registry.npmjs.org/@vitest/pretty-format/-/pretty-format-4.1.9.tgz. Extracting by manifest.
1002 silly tarball no local data for @vitest/mocker@https://registry.npmjs.org/@vitest/mocker/-/mocker-4.1.9.tgz. Extracting by manifest.
1003 silly tarball no local data for @vitest/expect@https://registry.npmjs.org/@vitest/expect/-/expect-4.1.9.tgz. Extracting by manifest.
1004 silly tarball no local data for @vitejs/plugin-basic-ssl@https://registry.npmjs.org/@vitejs/plugin-basic-ssl/-/plugin-basic-ssl-2.3.0.tgz. Extracting by manifest.
1005 silly tarball no local data for @types/estree@https://registry.npmjs.org/@types/estree/-/estree-1.0.8.tgz. Extracting by manifest.
1006 silly tarball no local data for @types/deep-eql@https://registry.npmjs.org/@types/deep-eql/-/deep-eql-4.0.2.tgz. Extracting by manifest.
1007 silly tarball no local data for @types/chai@https://registry.npmjs.org/@types/chai/-/chai-5.2.3.tgz. Extracting by manifest.
1008 silly tarball no local data for @tufjs/models@https://registry.npmjs.org/@tufjs/models/-/models-4.1.0.tgz. Extracting by manifest.
1009 silly tarball no local data for @tufjs/canonical-json@https://registry.npmjs.org/@tufjs/canonical-json/-/canonical-json-2.0.0.tgz. Extracting by manifest.
1010 silly tarball no local data for @standard-schema/spec@https://registry.npmjs.org/@standard-schema/spec/-/spec-1.1.0.tgz. Extracting by manifest.
1011 silly tarball no local data for @sigstore/verify@https://registry.npmjs.org/@sigstore/verify/-/verify-3.1.1.tgz. Extracting by manifest.
1012 silly tarball no local data for @sigstore/tuf@https://registry.npmjs.org/@sigstore/tuf/-/tuf-4.0.2.tgz. Extracting by manifest.
1013 silly tarball no local data for @sigstore/sign@https://registry.npmjs.org/@sigstore/sign/-/sign-4.1.1.tgz. Extracting by manifest.
1014 silly tarball no local data for @sigstore/protobuf-specs@https://registry.npmjs.org/@sigstore/protobuf-specs/-/protobuf-specs-0.5.1.tgz. Extracting by manifest.
1015 silly tarball no local data for @sigstore/core@https://registry.npmjs.org/@sigstore/core/-/core-3.2.1.tgz. Extracting by manifest.
1016 silly tarball no local data for @sigstore/bundle@https://registry.npmjs.org/@sigstore/bundle/-/bundle-4.0.0.tgz. Extracting by manifest.
1017 silly tarball no local data for @schematics/angular@https://registry.npmjs.org/@schematics/angular/-/angular-22.0.4.tgz. Extracting by manifest.
1018 silly tarball no local data for @rollup/rollup-linux-x64-gnu@https://registry.npmjs.org/@rollup/rollup-linux-x64-gnu/-/rollup-linux-x64-gnu-4.60.2.tgz. Extracting by manifest.
1019 silly tarball no local data for @parcel/watcher-linux-x64-glibc@https://registry.npmjs.org/@parcel/watcher-linux-x64-glibc/-/watcher-linux-x64-glibc-2.5.6.tgz. Extracting by manifest.
1020 silly tarball no local data for @parcel/watcher@https://registry.npmjs.org/@parcel/watcher/-/watcher-2.5.6.tgz. Extracting by manifest.
1021 silly tarball no local data for @npmcli/run-script@https://registry.npmjs.org/@npmcli/run-script/-/run-script-10.0.4.tgz. Extracting by manifest.
1022 silly tarball no local data for @npmcli/redact@https://registry.npmjs.org/@npmcli/redact/-/redact-4.0.0.tgz. Extracting by manifest.
1023 silly tarball no local data for @npmcli/promise-spawn@https://registry.npmjs.org/@npmcli/promise-spawn/-/promise-spawn-9.0.1.tgz. Extracting by manifest.
1024 silly tarball no local data for @npmcli/package-json@https://registry.npmjs.org/@npmcli/package-json/-/package-json-7.0.5.tgz. Extracting by manifest.
1025 silly tarball no local data for @npmcli/node-gyp@https://registry.npmjs.org/@npmcli/node-gyp/-/node-gyp-5.0.0.tgz. Extracting by manifest.
1026 silly tarball no local data for @npmcli/installed-package-contents@https://registry.npmjs.org/@npmcli/installed-package-contents/-/installed-package-contents-4.0.0.tgz. Extracting by manifest.
1027 silly tarball no local data for @npmcli/git@https://registry.npmjs.org/@npmcli/git/-/git-7.0.2.tgz. Extracting by manifest.
1028 silly tarball no local data for @npmcli/fs@https://registry.npmjs.org/@npmcli/fs/-/fs-5.0.0.tgz. Extracting by manifest.
1029 silly tarball no local data for @npmcli/agent@https://registry.npmjs.org/@npmcli/agent/-/agent-4.0.2.tgz. Extracting by manifest.
1030 silly tarball no local data for @napi-rs/nice-linux-x64-gnu@https://registry.npmjs.org/@napi-rs/nice-linux-x64-gnu/-/nice-linux-x64-gnu-1.1.1.tgz. Extracting by manifest.
1031 silly tarball no local data for @napi-rs/nice@https://registry.npmjs.org/@napi-rs/nice/-/nice-1.1.1.tgz. Extracting by manifest.
1032 silly tarball no local data for @msgpackr-extract/msgpackr-extract-linux-x64@https://registry.npmjs.org/@msgpackr-extract/msgpackr-extract-linux-x64/-/msgpackr-extract-linux-x64-3.0.4.tgz. Extracting by manifest.
1033 silly tarball no local data for @modelcontextprotocol/sdk@https://registry.npmjs.org/@modelcontextprotocol/sdk/-/sdk-1.29.0.tgz. Extracting by manifest.
1034 silly tarball no local data for @lmdb/lmdb-linux-x64@https://registry.npmjs.org/@lmdb/lmdb-linux-x64/-/lmdb-linux-x64-3.5.4.tgz. Extracting by manifest.
1035 silly tarball no local data for @listr2/prompt-adapter-inquirer@https://registry.npmjs.org/@listr2/prompt-adapter-inquirer/-/prompt-adapter-inquirer-4.2.3.tgz. Extracting by manifest.
1036 silly tarball no local data for @jridgewell/trace-mapping@https://registry.npmjs.org/@jridgewell/trace-mapping/-/trace-mapping-0.3.31.tgz. Extracting by manifest.
1037 silly tarball no local data for @jridgewell/sourcemap-codec@https://registry.npmjs.org/@jridgewell/sourcemap-codec/-/sourcemap-codec-1.5.5.tgz. Extracting by manifest.
1038 silly tarball no local data for @jridgewell/resolve-uri@https://registry.npmjs.org/@jridgewell/resolve-uri/-/resolve-uri-3.1.2.tgz. Extracting by manifest.
1039 silly tarball no local data for @jridgewell/remapping@https://registry.npmjs.org/@jridgewell/remapping/-/remapping-2.3.5.tgz. Extracting by manifest.
1040 silly tarball no local data for @jridgewell/gen-mapping@https://registry.npmjs.org/@jridgewell/gen-mapping/-/gen-mapping-0.3.13.tgz. Extracting by manifest.
1041 silly tarball no local data for @isaacs/fs-minipass@https://registry.npmjs.org/@isaacs/fs-minipass/-/fs-minipass-4.0.1.tgz. Extracting by manifest.
1042 silly tarball no local data for @inquirer/type@https://registry.npmjs.org/@inquirer/type/-/type-4.0.7.tgz. Extracting by manifest.
1043 silly tarball no local data for @inquirer/select@https://registry.npmjs.org/@inquirer/select/-/select-5.2.1.tgz. Extracting by manifest.
1044 silly tarball no local data for @inquirer/search@https://registry.npmjs.org/@inquirer/search/-/search-4.2.1.tgz. Extracting by manifest.
1045 silly tarball no local data for @inquirer/rawlist@https://registry.npmjs.org/@inquirer/rawlist/-/rawlist-5.3.1.tgz. Extracting by manifest.
1046 silly tarball no local data for @inquirer/prompts@https://registry.npmjs.org/@inquirer/prompts/-/prompts-8.4.2.tgz. Extracting by manifest.
1047 silly tarball no local data for @inquirer/password@https://registry.npmjs.org/@inquirer/password/-/password-5.1.1.tgz. Extracting by manifest.
1048 silly tarball no local data for @inquirer/number@https://registry.npmjs.org/@inquirer/number/-/number-4.1.1.tgz. Extracting by manifest.
1049 silly tarball no local data for @inquirer/input@https://registry.npmjs.org/@inquirer/input/-/input-5.1.2.tgz. Extracting by manifest.
1050 silly tarball no local data for @inquirer/figures@https://registry.npmjs.org/@inquirer/figures/-/figures-2.0.7.tgz. Extracting by manifest.
1051 silly tarball no local data for @inquirer/external-editor@https://registry.npmjs.org/@inquirer/external-editor/-/external-editor-3.0.3.tgz. Extracting by manifest.
1052 silly tarball no local data for @inquirer/expand@https://registry.npmjs.org/@inquirer/expand/-/expand-5.1.1.tgz. Extracting by manifest.
1053 silly tarball no local data for @inquirer/editor@https://registry.npmjs.org/@inquirer/editor/-/editor-5.2.2.tgz. Extracting by manifest.
1054 silly tarball no local data for @inquirer/core@https://registry.npmjs.org/@inquirer/core/-/core-11.2.1.tgz. Extracting by manifest.
1055 silly tarball no local data for @inquirer/confirm@https://registry.npmjs.org/@inquirer/confirm/-/confirm-6.0.12.tgz. Extracting by manifest.
1056 silly tarball no local data for @inquirer/checkbox@https://registry.npmjs.org/@inquirer/checkbox/-/checkbox-5.2.1.tgz. Extracting by manifest.
1057 silly tarball no local data for @inquirer/ansi@https://registry.npmjs.org/@inquirer/ansi/-/ansi-2.0.7.tgz. Extracting by manifest.
1058 silly tarball no local data for @hono/node-server@https://registry.npmjs.org/@hono/node-server/-/node-server-1.19.14.tgz. Extracting by manifest.
1059 silly tarball no local data for @harperfast/extended-iterable@https://registry.npmjs.org/@harperfast/extended-iterable/-/extended-iterable-1.0.3.tgz. Extracting by manifest.
1060 silly tarball no local data for @gar/promise-retry@https://registry.npmjs.org/@gar/promise-retry/-/promise-retry-1.0.3.tgz. Extracting by manifest.
1061 silly tarball no local data for @exodus/bytes@https://registry.npmjs.org/@exodus/bytes/-/bytes-1.15.1.tgz. Extracting by manifest.
1062 silly tarball no local data for @esbuild/linux-x64@https://registry.npmjs.org/@esbuild/linux-x64/-/linux-x64-0.28.1.tgz. Extracting by manifest.
1063 silly tarball no local data for @csstools/css-tokenizer@https://registry.npmjs.org/@csstools/css-tokenizer/-/css-tokenizer-4.0.0.tgz. Extracting by manifest.
1064 silly tarball no local data for @csstools/css-syntax-patches-for-csstree@https://registry.npmjs.org/@csstools/css-syntax-patches-for-csstree/-/css-syntax-patches-for-csstree-1.1.5.tgz. Extracting by manifest.
1065 silly tarball no local data for @csstools/css-parser-algorithms@https://registry.npmjs.org/@csstools/css-parser-algorithms/-/css-parser-algorithms-4.0.0.tgz. Extracting by manifest.
1066 silly tarball no local data for @csstools/css-color-parser@https://registry.npmjs.org/@csstools/css-color-parser/-/css-color-parser-4.1.9.tgz. Extracting by manifest.
1067 silly tarball no local data for @csstools/css-calc@https://registry.npmjs.org/@csstools/css-calc/-/css-calc-3.2.1.tgz. Extracting by manifest.
1068 silly tarball no local data for @csstools/color-helpers@https://registry.npmjs.org/@csstools/color-helpers/-/color-helpers-6.1.0.tgz. Extracting by manifest.
1069 silly tarball no local data for @bramus/specificity@https://registry.npmjs.org/@bramus/specificity/-/specificity-2.4.2.tgz. Extracting by manifest.
1070 silly tarball no local data for @babel/types@https://registry.npmjs.org/@babel/types/-/types-7.29.7.tgz. Extracting by manifest.
1071 silly tarball no local data for @babel/traverse@https://registry.npmjs.org/@babel/traverse/-/traverse-7.29.7.tgz. Extracting by manifest.
1072 silly tarball no local data for @babel/template@https://registry.npmjs.org/@babel/template/-/template-7.29.7.tgz. Extracting by manifest.
1073 silly tarball no local data for @babel/parser@https://registry.npmjs.org/@babel/parser/-/parser-7.29.7.tgz. Extracting by manifest.
1074 silly tarball no local data for @babel/helpers@https://registry.npmjs.org/@babel/helpers/-/helpers-7.29.7.tgz. Extracting by manifest.
1075 silly tarball no local data for @babel/helper-validator-option@https://registry.npmjs.org/@babel/helper-validator-option/-/helper-validator-option-7.29.7.tgz. Extracting by manifest.
1076 silly tarball no local data for @babel/helper-validator-identifier@https://registry.npmjs.org/@babel/helper-validator-identifier/-/helper-validator-identifier-7.29.7.tgz. Extracting by manifest.
1077 silly tarball no local data for @babel/helper-string-parser@https://registry.npmjs.org/@babel/helper-string-parser/-/helper-string-parser-7.29.7.tgz. Extracting by manifest.
1078 silly tarball no local data for @babel/helper-split-export-declaration@https://registry.npmjs.org/@babel/helper-split-export-declaration/-/helper-split-export-declaration-7.24.7.tgz. Extracting by manifest.
1079 silly tarball no local data for @babel/helper-module-transforms@https://registry.npmjs.org/@babel/helper-module-transforms/-/helper-module-transforms-7.29.7.tgz. Extracting by manifest.
1080 silly tarball no local data for @babel/helper-module-imports@https://registry.npmjs.org/@babel/helper-module-imports/-/helper-module-imports-7.29.7.tgz. Extracting by manifest.
1081 silly tarball no local data for @babel/helper-globals@https://registry.npmjs.org/@babel/helper-globals/-/helper-globals-7.29.7.tgz. Extracting by manifest.
1082 silly tarball no local data for @babel/helper-compilation-targets@https://registry.npmjs.org/@babel/helper-compilation-targets/-/helper-compilation-targets-7.29.7.tgz. Extracting by manifest.
1083 silly tarball no local data for @babel/helper-annotate-as-pure@https://registry.npmjs.org/@babel/helper-annotate-as-pure/-/helper-annotate-as-pure-7.27.3.tgz. Extracting by manifest.
1084 silly tarball no local data for @babel/generator@https://registry.npmjs.org/@babel/generator/-/generator-7.29.7.tgz. Extracting by manifest.
1085 silly tarball no local data for @babel/core@https://registry.npmjs.org/@babel/core/-/core-7.29.0.tgz. Extracting by manifest.
1086 silly tarball no local data for @babel/compat-data@https://registry.npmjs.org/@babel/compat-data/-/compat-data-7.29.7.tgz. Extracting by manifest.
1087 silly tarball no local data for @babel/code-frame@https://registry.npmjs.org/@babel/code-frame/-/code-frame-7.29.7.tgz. Extracting by manifest.
1088 silly tarball no local data for @asamuzakjp/nwsapi@https://registry.npmjs.org/@asamuzakjp/nwsapi/-/nwsapi-2.3.9.tgz. Extracting by manifest.
1089 silly tarball no local data for @asamuzakjp/generational-cache@https://registry.npmjs.org/@asamuzakjp/generational-cache/-/generational-cache-1.0.1.tgz. Extracting by manifest.
1090 silly tarball no local data for @asamuzakjp/dom-selector@https://registry.npmjs.org/@asamuzakjp/dom-selector/-/dom-selector-6.8.1.tgz. Extracting by manifest.
1091 silly tarball no local data for @asamuzakjp/css-color@https://registry.npmjs.org/@asamuzakjp/css-color/-/css-color-5.1.11.tgz. Extracting by manifest.
1092 silly tarball no local data for @angular/router@https://registry.npmjs.org/@angular/router/-/router-22.0.4.tgz. Extracting by manifest.
1093 silly tarball no local data for @angular/platform-browser@https://registry.npmjs.org/@angular/platform-browser/-/platform-browser-22.0.4.tgz. Extracting by manifest.
1094 silly tarball no local data for @angular/forms@https://registry.npmjs.org/@angular/forms/-/forms-22.0.4.tgz. Extracting by manifest.
1095 silly tarball no local data for @angular/core@https://registry.npmjs.org/@angular/core/-/core-22.0.4.tgz. Extracting by manifest.
1096 silly tarball no local data for @angular/compiler-cli@https://registry.npmjs.org/@angular/compiler-cli/-/compiler-cli-22.0.4.tgz. Extracting by manifest.
1097 silly tarball no local data for @angular/compiler@https://registry.npmjs.org/@angular/compiler/-/compiler-22.0.4.tgz. Extracting by manifest.
1098 silly tarball no local data for @angular/common@https://registry.npmjs.org/@angular/common/-/common-22.0.4.tgz. Extracting by manifest.
1099 silly tarball no local data for @angular/cli@https://registry.npmjs.org/@angular/cli/-/cli-22.0.4.tgz. Extracting by manifest.
1100 silly tarball no local data for @angular/build@https://registry.npmjs.org/@angular/build/-/build-22.0.4.tgz. Extracting by manifest.
1101 silly tarball no local data for @angular-devkit/schematics@https://registry.npmjs.org/@angular-devkit/schematics/-/schematics-22.0.4.tgz. Extracting by manifest.
1102 silly tarball no local data for @angular-devkit/core@https://registry.npmjs.org/@angular-devkit/core/-/core-22.0.4.tgz. Extracting by manifest.
1103 silly tarball no local data for @angular-devkit/architect@https://registry.npmjs.org/@angular-devkit/architect/-/architect-0.2200.4.tgz. Extracting by manifest.
1104 silly tarball no local data for @ampproject/remapping@https://registry.npmjs.org/@ampproject/remapping/-/remapping-2.3.0.tgz. Extracting by manifest.
1105 silly tarball no local data for @algolia/requester-node-http@https://registry.npmjs.org/@algolia/requester-node-http/-/requester-node-http-5.52.0.tgz. Extracting by manifest.
1106 silly tarball no local data for @algolia/requester-fetch@https://registry.npmjs.org/@algolia/requester-fetch/-/requester-fetch-5.52.0.tgz. Extracting by manifest.
1107 silly tarball no local data for @algolia/requester-browser-xhr@https://registry.npmjs.org/@algolia/requester-browser-xhr/-/requester-browser-xhr-5.52.0.tgz. Extracting by manifest.
1108 silly tarball no local data for @algolia/recommend@https://registry.npmjs.org/@algolia/recommend/-/recommend-5.52.0.tgz. Extracting by manifest.
1109 silly tarball no local data for @algolia/monitoring@https://registry.npmjs.org/@algolia/monitoring/-/monitoring-1.52.0.tgz. Extracting by manifest.
1110 silly tarball no local data for @algolia/ingestion@https://registry.npmjs.org/@algolia/ingestion/-/ingestion-1.52.0.tgz. Extracting by manifest.
1111 silly tarball no local data for @algolia/client-search@https://registry.npmjs.org/@algolia/client-search/-/client-search-5.52.0.tgz. Extracting by manifest.
1112 silly tarball no local data for @algolia/client-query-suggestions@https://registry.npmjs.org/@algolia/client-query-suggestions/-/client-query-suggestions-5.52.0.tgz. Extracting by manifest.
1113 silly tarball no local data for @algolia/client-personalization@https://registry.npmjs.org/@algolia/client-personalization/-/client-personalization-5.52.0.tgz. Extracting by manifest.
1114 silly tarball no local data for @algolia/client-insights@https://registry.npmjs.org/@algolia/client-insights/-/client-insights-5.52.0.tgz. Extracting by manifest.
1115 silly tarball no local data for @algolia/client-common@https://registry.npmjs.org/@algolia/client-common/-/client-common-5.52.0.tgz. Extracting by manifest.
1116 silly tarball no local data for @algolia/client-analytics@https://registry.npmjs.org/@algolia/client-analytics/-/client-analytics-5.52.0.tgz. Extracting by manifest.
1117 silly tarball no local data for @algolia/client-abtesting@https://registry.npmjs.org/@algolia/client-abtesting/-/client-abtesting-5.52.0.tgz. Extracting by manifest.
1118 silly tarball no local data for @algolia/abtesting@https://registry.npmjs.org/@algolia/abtesting/-/abtesting-1.18.0.tgz. Extracting by manifest.
1119 silly tarball no local data for @acemir/cssom@https://registry.npmjs.org/@acemir/cssom/-/cssom-0.9.31.tgz. Extracting by manifest.
1120 silly tarball no local data for string-width@https://registry.npmjs.org/string-width/-/string-width-7.2.0.tgz. Extracting by manifest.
1121 silly tarball no local data for esbuild@https://registry.npmjs.org/esbuild/-/esbuild-0.27.7.tgz. Extracting by manifest.
1122 silly tarball no local data for @esbuild/linux-x64@https://registry.npmjs.org/@esbuild/linux-x64/-/linux-x64-0.27.7.tgz. Extracting by manifest.
1123 silly tarball no local data for content-type@https://registry.npmjs.org/content-type/-/content-type-2.0.0.tgz. Extracting by manifest.
1124 silly tarball no local data for yallist@https://registry.npmjs.org/yallist/-/yallist-5.0.0.tgz. Extracting by manifest.
1125 silly tarball no local data for source-map@https://registry.npmjs.org/source-map/-/source-map-0.6.1.tgz. Extracting by manifest.
1126 silly tarball no local data for agent-base@https://registry.npmjs.org/agent-base/-/agent-base-7.1.4.tgz. Extracting by manifest.
1127 silly tarball no local data for readdirp@https://registry.npmjs.org/readdirp/-/readdirp-4.1.2.tgz. Extracting by manifest.
1128 silly tarball no local data for chokidar@https://registry.npmjs.org/chokidar/-/chokidar-4.0.3.tgz. Extracting by manifest.
1129 silly tarball no local data for lru-cache@https://registry.npmjs.org/lru-cache/-/lru-cache-11.5.1.tgz. Extracting by manifest.
1130 silly tarball no local data for entities@https://registry.npmjs.org/entities/-/entities-8.0.0.tgz. Extracting by manifest.
1131 silly tarball no local data for entities@https://registry.npmjs.org/entities/-/entities-8.0.0.tgz. Extracting by manifest.
1132 silly tarball no local data for which@https://registry.npmjs.org/which/-/which-6.0.1.tgz. Extracting by manifest.
1133 silly tarball no local data for undici@https://registry.npmjs.org/undici/-/undici-6.27.0.tgz. Extracting by manifest.
1134 silly tarball no local data for isexe@https://registry.npmjs.org/isexe/-/isexe-4.0.0.tgz. Extracting by manifest.
1135 silly tarball no local data for yallist@https://registry.npmjs.org/yallist/-/yallist-4.0.0.tgz. Extracting by manifest.
1136 silly tarball no local data for minipass@https://registry.npmjs.org/minipass/-/minipass-3.3.6.tgz. Extracting by manifest.
1137 silly tarball no local data for yallist@https://registry.npmjs.org/yallist/-/yallist-4.0.0.tgz. Extracting by manifest.
1138 silly tarball no local data for minipass@https://registry.npmjs.org/minipass/-/minipass-3.3.6.tgz. Extracting by manifest.
1139 silly tarball no local data for wrap-ansi@https://registry.npmjs.org/wrap-ansi/-/wrap-ansi-9.0.2.tgz. Extracting by manifest.
1140 silly tarball no local data for string-width@https://registry.npmjs.org/string-width/-/string-width-7.2.0.tgz. Extracting by manifest.
1141 silly tarball no local data for slice-ansi@https://registry.npmjs.org/slice-ansi/-/slice-ansi-7.1.2.tgz. Extracting by manifest.
1142 silly tarball no local data for https-proxy-agent@https://registry.npmjs.org/https-proxy-agent/-/https-proxy-agent-7.0.6.tgz. Extracting by manifest.
1143 silly tarball no local data for agent-base@https://registry.npmjs.org/agent-base/-/agent-base-7.1.4.tgz. Extracting by manifest.
1144 silly tarball no local data for agent-base@https://registry.npmjs.org/agent-base/-/agent-base-7.1.4.tgz. Extracting by manifest.
1145 silly tarball no local data for entities@https://registry.npmjs.org/entities/-/entities-7.0.1.tgz. Extracting by manifest.
1146 silly tarball no local data for lru-cache@https://registry.npmjs.org/lru-cache/-/lru-cache-11.5.1.tgz. Extracting by manifest.
1147 silly tarball no local data for lru-cache@https://registry.npmjs.org/lru-cache/-/lru-cache-11.5.1.tgz. Extracting by manifest.
1148 silly tarball no local data for wrap-ansi@https://registry.npmjs.org/wrap-ansi/-/wrap-ansi-9.0.2.tgz. Extracting by manifest.
1149 silly tarball no local data for string-width@https://registry.npmjs.org/string-width/-/string-width-7.2.0.tgz. Extracting by manifest.
1150 silly tarball no local data for lru-cache@https://registry.npmjs.org/lru-cache/-/lru-cache-11.5.1.tgz. Extracting by manifest.
1151 silly tarball no local data for content-type@https://registry.npmjs.org/content-type/-/content-type-2.0.0.tgz. Extracting by manifest.
1152 silly tarball no local data for convert-source-map@https://registry.npmjs.org/convert-source-map/-/convert-source-map-2.0.0.tgz. Extracting by manifest.
1153 silly tarball no local data for node-addon-api@https://registry.npmjs.org/node-addon-api/-/node-addon-api-7.1.1.tgz. Extracting by manifest.
1154 silly tarball no local data for which@https://registry.npmjs.org/which/-/which-6.0.1.tgz. Extracting by manifest.
1155 silly tarball no local data for isexe@https://registry.npmjs.org/isexe/-/isexe-4.0.0.tgz. Extracting by manifest.
1156 silly tarball no local data for which@https://registry.npmjs.org/which/-/which-6.0.1.tgz. Extracting by manifest.
1157 silly tarball no local data for lru-cache@https://registry.npmjs.org/lru-cache/-/lru-cache-11.5.1.tgz. Extracting by manifest.
1158 silly tarball no local data for isexe@https://registry.npmjs.org/isexe/-/isexe-4.0.0.tgz. Extracting by manifest.
1159 silly tarball no local data for lru-cache@https://registry.npmjs.org/lru-cache/-/lru-cache-11.5.1.tgz. Extracting by manifest.
1160 silly tarball no local data for https-proxy-agent@https://registry.npmjs.org/https-proxy-agent/-/https-proxy-agent-7.0.6.tgz. Extracting by manifest.
1161 silly tarball no local data for agent-base@https://registry.npmjs.org/agent-base/-/agent-base-7.1.4.tgz. Extracting by manifest.
1162 silly tarball no local data for semver@https://registry.npmjs.org/semver/-/semver-6.3.1.tgz. Extracting by manifest.
1163 silly tarball no local data for semver@https://registry.npmjs.org/semver/-/semver-6.3.1.tgz. Extracting by manifest.
1164 silly tarball no local data for convert-source-map@https://registry.npmjs.org/convert-source-map/-/convert-source-map-2.0.0.tgz. Extracting by manifest.
1165 silly tarball no local data for lru-cache@https://registry.npmjs.org/lru-cache/-/lru-cache-11.5.1.tgz. Extracting by manifest.
1166 silly tarball no local data for @babel/core@https://registry.npmjs.org/@babel/core/-/core-7.29.7.tgz. Extracting by manifest.
1167 silly tarball no local data for semver@https://registry.npmjs.org/semver/-/semver-6.3.1.tgz. Extracting by manifest.
1168 silly tarball no local data for convert-source-map@https://registry.npmjs.org/convert-source-map/-/convert-source-map-2.0.0.tgz. Extracting by manifest.
1169 http fetch POST 200 https://registry.npmjs.org/-/npm/v1/security/advisories/bulk 854ms
1170 silly audit report {
1170 silly audit report   '@angular/common': [
1170 silly audit report     {
1170 silly audit report       id: 1204773,
1170 silly audit report       url: 'https://github.com/advisories/GHSA-p297-fm68-3q8c',
1170 silly audit report       title: 'Angular: Information Leak via `HttpTransferCache` Bypass When Using `withRequestsMadeViaParent`',
1170 silly audit report       severity: 'moderate',
1170 silly audit report       vulnerable_versions: '>=22.0.0 <22.1.1',
1170 silly audit report       cwe: [Array],
1170 silly audit report       cvss: [Object]
1170 silly audit report     }
1170 silly audit report   ],
1170 silly audit report   '@angular/compiler': [
1170 silly audit report     {
1170 silly audit report       id: 1204780,
1170 silly audit report       url: 'https://github.com/advisories/GHSA-hh8m-fm6v-7cvg',
1170 silly audit report       title: 'Angular: Sanitization bypass via directive host bindings on concrete host elements in @angular/core and @angular/compiler',
1170 silly audit report       severity: 'moderate',
1170 silly audit report       vulnerable_versions: '>=22.0.0 <22.1.0',
1170 silly audit report       cwe: [Array],
1170 silly audit report       cvss: [Object]
1170 silly audit report     }
1170 silly audit report   ],
1170 silly audit report   '@babel/core': [
1170 silly audit report     {
1170 silly audit report       id: 1123528,
1170 silly audit report       url: 'https://github.com/advisories/GHSA-4x5r-pxfx-6jf8',
1170 silly audit report       title: '@babel/core: Arbitrary File Read via sourceMappingURL Comment',
1170 silly audit report       severity: 'low',
1170 silly audit report       vulnerable_versions: '<=7.29.0',
1170 silly audit report       cwe: [Array],
1170 silly audit report       cvss: [Object]
1170 silly audit report     }
1170 silly audit report   ],
1170 silly audit report   '@angular/core': [
1170 silly audit report     {
1170 silly audit report       id: 1204781,
1170 silly audit report       url: 'https://github.com/advisories/GHSA-hh8m-fm6v-7cvg',
1170 silly audit report       title: 'Angular: Sanitization bypass via directive host bindings on concrete host elements in @angular/core and @angular/compiler',
1170 silly audit report       severity: 'moderate',
1170 silly audit report       vulnerable_versions: '>=22.0.0 <22.1.0',
1170 silly audit report       cwe: [Array],
1170 silly audit report       cvss: [Object]
1170 silly audit report     }
1170 silly audit report   ],
1170 silly audit report   '@hono/node-server': [
1170 silly audit report     {
1170 silly audit report       id: 1139322,
1170 silly audit report       url: 'https://github.com/advisories/GHSA-frvp-7c67-39w9',
1170 silly audit report       title: 'Node.js Adapter for Hono: Path traversal in `serve-static` on Windows via encoded backslash (`%5C`)',
1170 silly audit report       severity: 'moderate',
1170 silly audit report       vulnerable_versions: '<1.19.15',
1170 silly audit report       cwe: [Array],
1170 silly audit report       cvss: [Object]
1170 silly audit report     }
1170 silly audit report   ],
1170 silly audit report   '@vitest/mocker': [
1170 silly audit report     {
1170 silly audit report       id: 1193684,
1170 silly audit report       url: 'https://github.com/advisories/GHSA-82fw-gwwq-j7x9',
1170 silly audit report       title: 'Vitest: Path Traversal / Arbitrary File Read via @vitest/mocker Redirect Mock',
1170 silly audit report       severity: 'moderate',
1170 silly audit report       vulnerable_versions: '>=2.1.0 <4.1.11',
1170 silly audit report       cwe: [Array],
1170 silly audit report       cvss: [Object]
1170 silly audit report     }
1170 silly audit report   ],
1170 silly audit report   'baseline-browser-mapping': [
1170 silly audit report     {
1170 silly audit report       id: 1193686,
1170 silly audit report       url: 'https://github.com/advisories/GHSA-w5vr-8v7q-w6rv',
1170 silly audit report       title: 'baseline-browser-mapping process termination on invalid input causes denial of service',
1170 silly audit report       severity: 'moderate',
1170 silly audit report       vulnerable_versions: '>=2.0.0 <2.11.0',
1170 silly audit report       cwe: [Array],
1170 silly audit report       cvss: [Object]
1170 silly audit report     }
1170 silly audit report   ],
1170 silly audit report   'brace-expansion': [
1170 silly audit report     {
1170 silly audit report       id: 1130591,
1170 silly audit report       url: 'https://github.com/advisories/GHSA-mh99-v99m-4gvg',
1170 silly audit report       title: 'brace-expansion: DoS via unbounded expansion length causing an out-of-memory process crash',
1170 silly audit report       severity: 'high',
1170 silly audit report       vulnerable_versions: '>=4.0.0 <5.0.8',
1170 silly audit report       cwe: [Array],
1170 silly audit report       cvss: [Object]
1170 silly audit report     },
1170 silly audit report     {
1170 silly audit report       id: 1130734,
1170 silly audit report       url: 'https://github.com/advisories/GHSA-rgw5-rvv9-x895',
1170 silly audit report       title: 'brace-expansion: DoS via unbounded intermediate arrays, bypassing the CVE-2026-14257 mitigation',
1170 silly audit report       severity: 'high',
1170 silly audit report       vulnerable_versions: '>=4.0.0 <5.0.9',
1170 silly audit report       cwe: [Array],
1170 silly audit report       cvss: [Object]
1170 silly audit report     },
1170 silly audit report     {
1170 silly audit report       id: 1123898,
1170 silly audit report       url: 'https://github.com/advisories/GHSA-3jxr-9vmj-r5cp',
1170 silly audit report       title: 'brace-expansion: DoS via exponential-time expansion of consecutive non-expanding {} groups',
1170 silly audit report       severity: 'high',
1170 silly audit report       vulnerable_versions: '>=3.0.0 <5.0.7',
1170 silly audit report       cwe: [Array],
1170 silly audit report       cvss: [Object]
1170 silly audit report     }
1170 silly audit report   ],
1170 silly audit report   browserslist: [
1170 silly audit report     {
1170 silly audit report       id: 1153171,
1170 silly audit report       url: 'https://github.com/advisories/GHSA-c83g-rgw3-j3cx',
1170 silly audit report       title: 'Browserslist: Unbounded memory growth (no cache eviction) via distinct query results, leading to eventual OOM',
1170 silly audit report       severity: 'high',
1170 silly audit report       vulnerable_versions: '<=4.28.6',
1170 silly audit report       cwe: [Array],
1170 silly audit report       cvss: [Object]
1170 silly audit report     },
1170 silly audit report     {
1170 silly audit report       id: 1153172,
1170 silly audit report       url: 'https://github.com/advisories/GHSA-73wf-gq98-2v4g',
1170 silly audit report       title: 'Browserslist: Uncaught crash / prototype write via untrusted browserslist-stats.json custom stats (normalizeStats)',
1170 silly audit report       severity: 'high',
1170 silly audit report       vulnerable_versions: '<=4.28.6',
1170 silly audit report       cwe: [Array],
1170 silly audit report       cvss: [Object]
1170 silly audit report     }
1170 silly audit report   ],
1170 silly audit report   esbuild: [
1170 silly audit report     {
1170 silly audit report       id: 1120680,
1170 silly audit report       url: 'https://github.com/advisories/GHSA-g7r4-m6w7-qqqr',
1170 silly audit report       title: 'esbuild allows arbitrary file read when running the development server on Windows',
1170 silly audit report       severity: 'low',
1170 silly audit report       vulnerable_versions: '>=0.27.3 <0.28.1',
1170 silly audit report       cwe: [Array],
1170 silly audit report       cvss: [Object]
1170 silly audit report     }
1170 silly audit report   ],
1170 silly audit report   'fast-uri': [
1170 silly audit report     {
1170 silly audit report       id: 1158524,
1170 silly audit report       url: 'https://github.com/advisories/GHSA-f65p-4m7j-42xc',
1170 silly audit report       title: 'fast-uri vulnerable to server-side request forgery via malformed IPv6 normalization',
1170 silly audit report       severity: 'high',
1170 silly audit report       vulnerable_versions: '>=3.0.0 <3.1.6',
1170 silly audit report       cwe: [Array],
1170 silly audit report       cvss: [Object]
1170 silly audit report     },
1170 silly audit report     {
1170 silly audit report       id: 1158527,
1170 silly audit report       url: 'https://github.com/advisories/GHSA-fph4-wmhf-6fwf',
1170 silly audit report       title: 'fast-uri vulnerable to server-side request forgery via repeated hostname percent-decoding',
1170 silly audit report       severity: 'high',
1170 silly audit report       vulnerable_versions: '>=3.1.2 <3.1.6',
1170 silly audit report       cwe: [Array],
1170 silly audit report       cvss: [Object]
1170 silly audit report     },
1170 silly audit report     {
1170 silly audit report       id: 1158530,
1170 silly audit report       url: 'https://github.com/advisories/GHSA-jqff-g426-hqxp',
1170 silly audit report       title: 'fast-uri vulnerable to host confusion via percent-encoded scheme normalization',
1170 silly audit report       severity: 'high',
1170 silly audit report       vulnerable_versions: '>=3.0.0 <3.1.6',
1170 silly audit report       cwe: [Array],
1170 silly audit report       cvss: [Object]
1170 silly audit report     },
1170 silly audit report     {
1170 silly audit report       id: 1130720,
1170 silly audit report       url: 'https://github.com/advisories/GHSA-7p8r-x3mc-p8w7',
1170 silly audit report       title: 'fast-uri vulnerable to host confusion via backslash authority introducer',
1170 silly audit report       severity: 'high',
1170 silly audit report       vulnerable_versions: '>=3.0.0 <3.1.5',
1170 silly audit report       cwe: [Array],
1170 silly audit report       cvss: [Object]
1170 silly audit report     },
1170 silly audit report     {
1170 silly audit report       id: 1124064,
1170 silly audit report       url: 'https://github.com/advisories/GHSA-v2hh-gcrm-f6hx',
1170 silly audit report       title: 'fast-uri vulnerable to host confusion via literal backslash authority delimiter',
1170 silly audit report       severity: 'high',
1170 silly audit report       vulnerable_versions: '>=3.0.0 <=3.1.3',
1170 silly audit report       cwe: [Array],
1170 silly audit report       cvss: [Object]
1170 silly audit report     },
1170 silly audit report     {
1170 silly audit report       id: 1204921,
1170 silly audit report       url: 'https://github.com/advisories/GHSA-4c8g-83qw-93j6',
1170 silly audit report       title: 'fast-uri vulnerable to host confusion via failed IDN canonicalization',
1170 silly audit report       severity: 'high',
1170 silly audit report       vulnerable_versions: '>=3.0.0 <3.1.3',
1170 silly audit report       cwe: [Array],
1170 silly audit report       cvss: [Object]
1170 silly audit report     }
1170 silly audit report   ],
1170 silly audit report   hono: [
1170 silly audit report     {
1170 silly audit report       id: 1130733,
1170 silly audit report       url: 'https://github.com/advisories/GHSA-8j4g-w8fx-2239',
1170 silly audit report       title: 'Hono: ReDoS in CORS middleware via Access-Control-Request-Headers',
1170 silly audit report       severity: 'moderate',
1170 silly audit report       vulnerable_versions: '<4.12.34',
1170 silly audit report       cwe: [Array],
1170 silly audit report       cvss: [Object]
1170 silly audit report     },
1170 silly audit report     {
1170 silly audit report       id: 1138771,
1170 silly audit report       url: 'https://github.com/advisories/GHSA-f23p-vx2j-j53r',
1170 silly audit report       title: 'Hono: `memo()` retains SSR output across requests, leading to cross-user data disclosure',
1170 silly audit report       severity: 'moderate',
1170 silly audit report       vulnerable_versions: '>=3.8.0 <4.12.34',
1170 silly audit report       cwe: [Array],
1170 silly audit report       cvss: [Object]
1170 silly audit report     },
1170 silly audit report     {
1170 silly audit report       id: 1138772,
1170 silly audit report       url: 'https://github.com/advisories/GHSA-79qm-7rj5-m7r9',
1170 silly audit report       title: 'Hono: Proxy Helper does not remove response headers listed in the `Connection` header',
1170 silly audit report       severity: 'low',
1170 silly audit report       vulnerable_versions: '>=4.7.0 <4.12.34',
1170 silly audit report       cwe: [Array],
1170 silly audit report       cvss: [Object]
1170 silly audit report     },
1170 silly audit report     {
1170 silly audit report       id: 1138773,
1170 silly audit report       url: 'https://github.com/advisories/GHSA-54fx-42gc-7vw4',
1170 silly audit report       title: 'Hono: Algorithmic Complexity DoS in Language Middleware',
1170 silly audit report       severity: 'moderate',
1170 silly audit report       vulnerable_versions: '>=4.12.0 <4.12.34',
1170 silly audit report       cwe: [Array],
1170 silly audit report       cvss: [Object]
1170 silly audit report     },
1170 silly audit report     {
1170 silly audit report       id: 1193729,
1170 silly audit report       url: 'https://github.com/advisories/GHSA-gqvv-2mrq-wpjv',
1170 silly audit report       title: 'Hono: Incomplete fix for CVE-2026-39408: `toSSG()` still writes files outside the output directory',
1170 silly audit report       severity: 'moderate',
1170 silly audit report       vulnerable_versions: '<4.13.5',
1170 silly audit report       cwe: [Array],
1170 silly audit report       cvss: [Object]
1170 silly audit report     },
1170 silly audit report     {
1170 silly audit report       id: 1193730,
1170 silly audit report       url: 'https://github.com/advisories/GHSA-g6gw-c38x-mqfc',
1170 silly audit report       title: 'Hono: Unbounded dot-notation nesting in `parseBody()` can cause memory exhaustion',
1170 silly audit report       severity: 'moderate',
1170 silly audit report       vulnerable_versions: '<4.13.5',
1170 silly audit report       cwe: [Array],
1170 silly audit report       cvss: [Object]
1170 silly audit report     },
1170 silly audit report     {
1170 silly audit report       id: 1193731,
1170 silly audit report       url: 'https://github.com/advisories/GHSA-crvj-82cr-hjcx',
1170 silly audit report       title: 'Hono: Query parser reads parameters after the URL fragment, causing cache-key and proxy interpretation differentials',
1170 silly audit report       severity: 'moderate',
1170 silly audit report       vulnerable_versions: '<4.13.5',
1170 silly audit report       cwe: [Array],
1170 silly audit report       cvss: [Object]
1170 silly audit report     }
1170 silly audit report   ],
1170 silly audit report   'ip-address': [
1170 silly audit report     {
1170 silly audit report       id: 1130722,
1170 silly audit report       url: 'https://github.com/advisories/GHSA-mwp4-54f8-5fhr',
1170 silly audit report       title: 'ip-address: Address4 decodes leading-zero octets as decimal while resolvers decode them as octal, allowing SSRF and trust-boundary bypass',
1170 silly audit report       severity: 'high',
1170 silly audit report       vulnerable_versions: '<=10.3.0',
1170 silly audit report       cwe: [Array],
1170 silly audit report       cvss: [Object]
1170 silly audit report     },
1170 silly audit report     {
1170 silly audit report       id: 1130723,
1170 silly audit report       url: 'https://github.com/advisories/GHSA-4xrf-jv44-h6hh',
1170 silly audit report       title: 'ip-address: a CIDR suffix on the parsed address suppresses special-use classification and can bypass SSRF and trust-boundary checks',
1170 silly audit report       severity: 'moderate',
1170 silly audit report       vulnerable_versions: '>=10.1.1 <=10.2.1',
1170 silly audit report       cwe: [Array],
1170 silly audit report       cvss: [Object]
1170 silly audit report     },
1170 silly audit report     {
1170 silly audit report       id: 1130724,
1170 silly audit report       url: 'https://github.com/advisories/GHSA-22jq-vg5j-6vgg',
1170 silly audit report       title: 'ip-address: misclassification of IPv4-mapped/NAT64 IPv6 addresses can bypass SSRF and trust-boundary checks',
1170 silly audit report       severity: 'moderate',
1170 silly audit report       vulnerable_versions: '>=10.1.1 <=10.2.0',
1170 silly audit report       cwe: [Array],
1170 silly audit report       cvss: [Object]
1170 silly audit report     }
1170 silly audit report   ],
1170 silly audit report   nanoid: [
1170 silly audit report     {
1170 silly audit report       id: 1138811,
1170 silly audit report       url: 'https://github.com/advisories/GHSA-28wg-ghj8-5hjv',
1170 silly audit report       title: 'nanoid: non-secure generators can loop indefinitely with negative size',
1170 silly audit report       severity: 'high',
1170 silly audit report       vulnerable_versions: '<3.3.16',
1170 silly audit report       cwe: [Array],
1170 silly audit report       cvss: [Object]
1170 silly audit report     },
1170 silly audit report     {
1170 silly audit report       id: 1139427,
1170 silly audit report       url: 'https://github.com/advisories/GHSA-2v37-7h3g-55p8',
1170 silly audit report       title: 'nanoid: custom generators can loop indefinitely when size is zero',
1170 silly audit report       severity: 'high',
1170 silly audit report       vulnerable_versions: '<3.3.18',
1170 silly audit report       cwe: [Array],
1170 silly audit report       cvss: [Object]
1170 silly audit report     }
1170 silly audit report   ],
1170 silly audit report   undici: [
1170 silly audit report     {
1170 silly audit report       id: 1130715,
1170 silly audit report       url: 'https://github.com/advisories/GHSA-8xcm-r25x-g524',
1170 silly audit report       title: 'undici vulnerable to downstream response desynchronization via retry interceptor',
1170 silly audit report       severity: 'moderate',
1170 silly audit report       vulnerable_versions: '>=7.0.0 <7.29.0',
1170 silly audit report       cwe: [Array],
1170 silly audit report       cvss: [Object]
1170 silly audit report     },
1170 silly audit report     {
1170 silly audit report       id: 1130716,
1170 silly audit report       url: 'https://github.com/advisories/GHSA-8xcm-r25x-g524',
1170 silly audit report       title: 'undici vulnerable to downstream response desynchronization via retry interceptor',
1170 silly audit report       severity: 'moderate',
1170 silly audit report       vulnerable_versions: '<6.28.0',
1170 silly audit report       cwe: [Array],
1170 silly audit report       cvss: [Object]
1170 silly audit report     },
1170 silly audit report     {
1170 silly audit report       id: 1130718,
1170 silly audit report       url: 'https://github.com/advisories/GHSA-4cwx-7wf7-3272',
1170 silly audit report       title: 'undici vulnerable to cross-user information disclosure and parse-time crash via degenerate private cache directives',
1170 silly audit report       severity: 'high',
1170 silly audit report       vulnerable_versions: '>=7.0.0 <7.29.0',
1170 silly audit report       cwe: [Array],
1170 silly audit report       cvss: [Object]
1170 silly audit report     },
1170 silly audit report     {
1170 silly audit report       id: 1130726,
1170 silly audit report       url: 'https://github.com/advisories/GHSA-m8rv-5g2x-5cg5',
1170 silly audit report       title: "undici vulnerable to CRLF Injection via blob-like body 'type' property",
1170 silly audit report       severity: 'moderate',
1170 silly audit report       vulnerable_versions: '>=7.0.0 <7.29.0',
1170 silly audit report       cwe: [Array],
1170 silly audit report       cvss: [Object]
1170 silly audit report     },
1170 silly audit report     {
1170 silly audit report       id: 1130727,
1170 silly audit report       url: 'https://github.com/advisories/GHSA-m8rv-5g2x-5cg5',
1170 silly audit report       title: "undici vulnerable to CRLF Injection via blob-like body 'type' property",
1170 silly audit report       severity: 'moderate',
1170 silly audit report       vulnerable_versions: '<6.28.0',
1170 silly audit report       cwe: [Array],
1170 silly audit report       cvss: [Object]
1170 silly audit report     },
1170 silly audit report     {
1170 silly audit report       id: 1130729,
1170 silly audit report       url: 'https://github.com/advisories/GHSA-jr45-8vmc-qm54',
1170 silly audit report       title: 'undici vulnerable to cross-user information disclosure via whitespace around equals in Cache-Control directives',
1170 silly audit report       severity: 'moderate',
1170 silly audit report       vulnerable_versions: '>=7.0.0 <7.29.0',
1170 silly audit report       cwe: [Array],
1170 silly audit report       cvss: [Object]
1170 silly audit report     },
1170 silly audit report     {
1170 silly audit report       id: 1130731,
1170 silly audit report       url: 'https://github.com/advisories/GHSA-v3r7-h72x-cjcm',
1170 silly audit report       title: 'undici vulnerable to cookie attribute injection via unsanitized domain and unparsed setCookie fields',
1170 silly audit report       severity: 'moderate',
1170 silly audit report       vulnerable_versions: '>=7.0.0 <7.29.0',
1170 silly audit report       cwe: [Array],
1170 silly audit report       cvss: [Object]
1170 silly audit report     },
1170 silly audit report     {
1170 silly audit report       id: 1130732,
1170 silly audit report       url: 'https://github.com/advisories/GHSA-v3r7-h72x-cjcm',
1170 silly audit report       title: 'undici vulnerable to cookie attribute injection via unsanitized domain and unparsed setCookie fields',
1170 silly audit report       severity: 'moderate',
1170 silly audit report       vulnerable_versions: '<6.28.0',
1170 silly audit report       cwe: [Array],
1170 silly audit report       cvss: [Object]
1170 silly audit report     }
1170 silly audit report   ],
1170 silly audit report   postcss: [
1170 silly audit report     {
1170 silly audit report       id: 1130709,
1170 silly audit report       url: 'https://github.com/advisories/GHSA-fxqj-rqcc-2cmp',
1170 silly audit report       title: 'PostCSS: incomplete fix of GHSA-6g55-p6wh-862q — attacker-controlled sourceMappingURL reads arbitrary .map files when `from` is unset',
1170 silly audit report       severity: 'moderate',
1170 silly audit report       vulnerable_versions: '<=8.5.22',
1170 silly audit report       cwe: [Array],
1170 silly audit report       cvss: [Object]
1170 silly audit report     },
1170 silly audit report     {
1170 silly audit report       id: 1139510,
1170 silly audit report       url: 'https://github.com/advisories/GHSA-r28c-9q8g-f849',
1170 silly audit report       title: 'PostCSS: Path Traversal in Previous Source Map Auto-Loading (sourceMappingURL) leads to Arbitrary .map File Disclosure',
1170 silly audit report       severity: 'high',
1170 silly audit report       vulnerable_versions: '<=8.5.17',
1170 silly audit report       cwe: [Array],
1170 silly audit report       cvss: [Object]
1170 silly audit report     }
1170 silly audit report   ],
1170 silly audit report   qs: [
1170 silly audit report     {
1170 silly audit report       id: 1158506,
1170 silly audit report       url: 'https://github.com/advisories/GHSA-x5fp-wj9c-mxmx',
1170 silly audit report       title: 'qs array-limit bypass via bracket-key comma parsing',
1170 silly audit report       severity: 'moderate',
1170 silly audit report       vulnerable_versions: '>=6.14.2 <=6.15.3',
1170 silly audit report       cwe: [Array],
1170 silly audit report       cvss: [Object]
1170 silly audit report     },
1170 silly audit report     {
1170 silly audit report       id: 1158507,
1170 silly audit report       url: 'https://github.com/advisories/GHSA-4mjr-xmp4-gh2g',
1170 silly audit report       title: 'qs: Denial of Service via Attacker Controlled isBuffer',
1170 silly audit report       severity: 'moderate',
1170 silly audit report       vulnerable_versions: '>=2.2.5 <6.16.0',
1170 silly audit report       cwe: [Array],
1170 silly audit report       cvss: [Object]
1170 silly audit report     }
1170 silly audit report   ],
1170 silly audit report   tar: [
1170 silly audit report     {
1170 silly audit report       id: 1123939,
1170 silly audit report       url: 'https://github.com/advisories/GHSA-w8wr-v893-vjvp',
1170 silly audit report       title: 'node-tar: Process crash via PAX numeric path type confusion',
1170 silly audit report       severity: 'moderate',
1170 silly audit report       vulnerable_versions: '<=7.5.17',
1170 silly audit report       cwe: [Array],
1170 silly audit report       cvss: [Object]
1170 silly audit report     },
1170 silly audit report     {
1170 silly audit report       id: 1123940,
1170 silly audit report       url: 'https://github.com/advisories/GHSA-23hp-3jrh-7fpw',
1170 silly audit report       title: 'node-tar: Decompression/parse DoS via unlimited input',
1170 silly audit report       severity: 'critical',
1170 silly audit report       vulnerable_versions: '<=7.5.18',
1170 silly audit report       cwe: [Array],
1170 silly audit report       cvss: [Object]
1170 silly audit report     },
1170 silly audit report     {
1170 silly audit report       id: 1123941,
1170 silly audit report       url: 'https://github.com/advisories/GHSA-8x88-c5mf-7j5w',
1170 silly audit report       title: 'node-tar: Negative tar entry size causes infinite loop in archive replace',
1170 silly audit report       severity: 'high',
1170 silly audit report       vulnerable_versions: '<=7.5.17',
1170 silly audit report       cwe: [Array],
1170 silly audit report       cvss: [Object]
1170 silly audit report     },
1170 silly audit report     {
1170 silly audit report       id: 1145647,
1170 silly audit report       url: 'https://github.com/advisories/GHSA-r292-9mhp-454m',
1170 silly audit report       title: 'node-tar: Uncontrolled recursion in mapHas/filesFilter allows uncatchable stack-overflow DoS via crafted long-path tar with member selection',
1170 silly audit report       severity: 'high',
1170 silly audit report       vulnerable_versions: '<=7.5.20',
1170 silly audit report       cwe: [Array],
1170 silly audit report       cvss: [Object]
1170 silly audit report     }
1170 silly audit report   ],
1170 silly audit report   vitest: [
1170 silly audit report     {
1170 silly audit report       id: 1193683,
1170 silly audit report       url: 'https://github.com/advisories/GHSA-82fw-gwwq-j7x9',
1170 silly audit report       title: 'Vitest: Path Traversal / Arbitrary File Read via @vitest/mocker Redirect Mock',
1170 silly audit report       severity: 'moderate',
1170 silly audit report       vulnerable_versions: '>=2.1.0 <4.1.11',
1170 silly audit report       cwe: [Array],
1170 silly audit report       cvss: [Object]
1170 silly audit report     }
1170 silly audit report   ]
1170 silly audit report }
1171 silly packumentCache corgi:https://registry.npmjs.org/@angular%2fcommon cache-miss
1172 silly packumentCache corgi:https://registry.npmjs.org/@angular%2fcompiler cache-miss
1173 silly packumentCache corgi:https://registry.npmjs.org/@babel%2fcore cache-miss
1174 silly packumentCache corgi:https://registry.npmjs.org/@angular%2fcore cache-miss
1175 silly packumentCache corgi:https://registry.npmjs.org/@hono%2fnode-server cache-miss
1176 silly packumentCache corgi:https://registry.npmjs.org/@vitest%2fmocker cache-miss
1177 silly packumentCache corgi:https://registry.npmjs.org/baseline-browser-mapping cache-miss
1178 silly packumentCache corgi:https://registry.npmjs.org/brace-expansion cache-miss
1179 silly packumentCache corgi:https://registry.npmjs.org/browserslist cache-miss
1180 silly packumentCache corgi:https://registry.npmjs.org/esbuild cache-miss
1181 silly packumentCache corgi:https://registry.npmjs.org/fast-uri cache-miss
1182 silly packumentCache corgi:https://registry.npmjs.org/hono cache-miss
1183 silly packumentCache corgi:https://registry.npmjs.org/ip-address cache-miss
1184 silly packumentCache corgi:https://registry.npmjs.org/nanoid cache-miss
1185 silly packumentCache corgi:https://registry.npmjs.org/undici cache-miss
1186 silly packumentCache corgi:https://registry.npmjs.org/postcss cache-miss
1187 silly packumentCache corgi:https://registry.npmjs.org/qs cache-miss
1188 silly packumentCache corgi:https://registry.npmjs.org/tar cache-miss
1189 silly packumentCache corgi:https://registry.npmjs.org/vitest cache-miss
1190 http fetch GET 200 https://registry.npmjs.org/vary/-/vary-1.1.2.tgz 956ms (cache miss)
1191 http fetch GET 200 https://registry.npmjs.org/validate-npm-package-name/-/validate-npm-package-name-7.0.2.tgz 955ms (cache miss)
1192 http fetch GET 200 https://registry.npmjs.org/webidl-conversions/-/webidl-conversions-8.0.1.tgz 958ms (cache miss)
1193 http fetch GET 200 https://registry.npmjs.org/tinyrainbow/-/tinyrainbow-3.1.0.tgz 954ms (cache miss)
1194 http fetch GET 200 https://registry.npmjs.org/wrappy/-/wrappy-1.0.2.tgz 970ms (cache miss)
1195 http fetch GET 200 https://registry.npmjs.org/wrap-ansi/-/wrap-ansi-10.0.0.tgz 970ms (cache miss)
1196 http fetch GET 200 https://registry.npmjs.org/toidentifier/-/toidentifier-1.0.1.tgz 966ms (cache miss)
1197 http fetch GET 200 https://registry.npmjs.org/yoctocolors/-/yoctocolors-2.1.2.tgz 990ms (cache miss)
1198 http fetch GET 200 https://registry.npmjs.org/weak-lru-cache/-/weak-lru-cache-1.2.2.tgz 984ms (cache miss)
1199 http fetch GET 200 https://registry.npmjs.org/w3c-xmlserializer/-/w3c-xmlserializer-5.0.0.tgz 983ms (cache miss)
1200 http fetch GET 200 https://registry.npmjs.org/update-browserslist-db/-/update-browserslist-db-1.2.3.tgz 983ms (cache miss)
1201 http fetch GET 200 https://registry.npmjs.org/unpipe/-/unpipe-1.0.0.tgz 983ms (cache miss)
1202 http fetch GET 200 https://registry.npmjs.org/strip-ansi/-/strip-ansi-7.2.0.tgz 979ms (cache miss)
1203 http fetch GET 200 https://registry.npmjs.org/stdin-discarder/-/stdin-discarder-0.3.2.tgz 979ms (cache miss)
1204 http fetch GET 200 https://registry.npmjs.org/string-width/-/string-width-8.2.1.tgz 979ms (cache miss)
1205 http fetch GET 200 https://registry.npmjs.org/which/-/which-2.0.2.tgz 1003ms (cache miss)
1206 http fetch GET 200 https://registry.npmjs.org/xml-name-validator/-/xml-name-validator-5.0.0.tgz 1005ms (cache miss)
1207 http fetch GET 200 https://registry.npmjs.org/yallist/-/yallist-3.1.1.tgz 1008ms (cache miss)
1208 http fetch GET 200 https://registry.npmjs.org/std-env/-/std-env-4.1.0.tgz 997ms (cache miss)
1209 http fetch GET 200 https://registry.npmjs.org/siginfo/-/siginfo-2.0.0.tgz 991ms (cache miss)
1210 http fetch GET 200 https://registry.npmjs.org/why-is-node-running/-/why-is-node-running-2.3.0.tgz 1021ms (cache miss)
1211 http fetch GET 200 https://registry.npmjs.org/type-is/-/type-is-2.1.0.tgz 1018ms (cache miss)
1212 http fetch GET 200 https://registry.npmjs.org/stackback/-/stackback-0.0.2.tgz 1014ms (cache miss)
1213 http fetch GET 200 https://registry.npmjs.org/spdx-license-ids/-/spdx-license-ids-3.0.23.tgz 1014ms (cache miss)
1214 http fetch GET 200 https://registry.npmjs.org/ssri/-/ssri-13.0.1.tgz 1014ms (cache miss)
1215 http fetch GET 200 https://registry.npmjs.org/tinyexec/-/tinyexec-1.2.4.tgz 1036ms (cache miss)
1216 http fetch GET 200 https://registry.npmjs.org/spdx-exceptions/-/spdx-exceptions-2.5.0.tgz 1034ms (cache miss)
1217 http fetch GET 200 https://registry.npmjs.org/socks-proxy-agent/-/socks-proxy-agent-8.0.5.tgz 1033ms (cache miss)
1218 http fetch GET 200 https://registry.npmjs.org/sigstore/-/sigstore-4.1.1.tgz 1031ms (cache miss)
1219 http fetch GET 200 https://registry.npmjs.org/tinybench/-/tinybench-2.9.0.tgz 1056ms (cache miss)
1220 http fetch GET 200 https://registry.npmjs.org/statuses/-/statuses-2.0.2.tgz 1056ms (cache miss)
1221 http fetch GET 200 https://registry.npmjs.org/slice-ansi/-/slice-ansi-8.0.0.tgz 1052ms (cache miss)
1222 http fetch GET 200 https://registry.npmjs.org/side-channel-weakmap/-/side-channel-weakmap-1.0.2.tgz 1050ms (cache miss)
1223 http fetch GET 200 https://registry.npmjs.org/side-channel-map/-/side-channel-map-1.0.1.tgz 1050ms (cache miss)
1224 http fetch GET 200 https://registry.npmjs.org/shebang-regex/-/shebang-regex-3.0.0.tgz 1049ms (cache miss)
1225 http fetch GET 200 https://registry.npmjs.org/tinyglobby/-/tinyglobby-0.2.16.tgz 1080ms (cache miss)
1226 http fetch GET 200 https://registry.npmjs.org/spdx-expression-parse/-/spdx-expression-parse-4.0.0.tgz 1076ms (cache miss)
1227 http fetch GET 200 https://registry.npmjs.org/side-channel/-/side-channel-1.1.1.tgz 1072ms (cache miss)
1228 http fetch GET 200 https://registry.npmjs.org/setprototypeof/-/setprototypeof-1.2.0.tgz 1070ms (cache miss)
1229 http fetch GET 200 https://registry.npmjs.org/send/-/send-1.2.1.tgz 1070ms (cache miss)
1230 http fetch GET 200 https://registry.npmjs.org/restore-cursor/-/restore-cursor-5.1.0.tgz 1067ms (cache miss)
1231 http fetch GET 200 https://registry.npmjs.org/range-parser/-/range-parser-1.3.0.tgz 1066ms (cache miss)
1232 http fetch GET 200 https://registry.npmjs.org/shebang-command/-/shebang-command-2.0.0.tgz 1087ms (cache miss)
1233 http fetch GET 200 https://registry.npmjs.org/tslib/-/tslib-2.8.1.tgz 1113ms (cache miss)
1234 http fetch GET 200 https://registry.npmjs.org/require-from-string/-/require-from-string-2.0.2.tgz 1097ms (cache miss)
1235 http fetch GET 200 https://registry.npmjs.org/rfdc/-/rfdc-1.4.1.tgz 1099ms (cache miss)
1236 http fetch GET 200 https://registry.npmjs.org/readdirp/-/readdirp-5.0.0.tgz 1098ms (cache miss)
1237 http fetch GET 200 https://registry.npmjs.org/raw-body/-/raw-body-3.0.2.tgz 1098ms (cache miss)
1238 http fetch GET 200 https://registry.npmjs.org/proc-log/-/proc-log-6.1.0.tgz 1120ms (cache miss)
1239 http fetch GET 200 https://registry.npmjs.org/source-map-support/-/source-map-support-0.5.21.tgz 1145ms (cache miss)
1240 http fetch GET 200 https://registry.npmjs.org/serve-static/-/serve-static-2.2.1.tgz 1137ms (cache miss)
1241 http fetch GET 200 https://registry.npmjs.org/safer-buffer/-/safer-buffer-2.1.2.tgz 1136ms (cache miss)
1242 http fetch GET 200 https://registry.npmjs.org/proxy-addr/-/proxy-addr-2.0.7.tgz 1133ms (cache miss)
1243 http fetch GET 200 https://registry.npmjs.org/picocolors/-/picocolors-1.1.1.tgz 1132ms (cache miss)
1244 http fetch GET 200 https://registry.npmjs.org/parseurl/-/parseurl-1.3.3.tgz 1131ms (cache miss)
1245 http fetch GET 200 https://registry.npmjs.org/router/-/router-2.2.0.tgz 1146ms (cache miss)
1246 http fetch GET 200 https://registry.npmjs.org/postcss-safe-parser/-/postcss-safe-parser-7.0.1.tgz 1144ms (cache miss)
1247 http fetch GET 200 https://registry.npmjs.org/pathe/-/pathe-2.0.3.tgz 1143ms (cache miss)
1248 http fetch GET 200 https://registry.npmjs.org/postcss-media-query-parser/-/postcss-media-query-parser-0.2.3.tgz 1145ms (cache miss)
1249 http fetch GET 200 https://registry.npmjs.org/ora/-/ora-9.4.0.tgz 1141ms (cache miss)
1250 http fetch GET 200 https://registry.npmjs.org/symbol-tree/-/symbol-tree-3.2.4.tgz 1172ms (cache miss)
1251 http fetch GET 200 https://registry.npmjs.org/punycode/-/punycode-2.3.1.tgz 1157ms (cache miss)
1252 http fetch GET 200 https://registry.npmjs.org/path-to-regexp/-/path-to-regexp-8.4.2.tgz 1155ms (cache miss)
1253 http fetch GET 200 https://registry.npmjs.org/path-key/-/path-key-3.1.1.tgz 1155ms (cache miss)
1254 http fetch GET 200 https://registry.npmjs.org/parse5-sax-parser/-/parse5-sax-parser-8.0.0.tgz 1155ms (cache miss)
1255 http fetch GET 200 https://registry.npmjs.org/p-map/-/p-map-7.0.4.tgz 1155ms (cache miss)
1256 http fetch GET 200 https://registry.npmjs.org/object-assign/-/object-assign-4.1.1.tgz 1154ms (cache miss)
1257 http fetch GET 200 https://registry.npmjs.org/parse5-html-rewriting-stream/-/parse5-html-rewriting-stream-8.0.1.tgz 1168ms (cache miss)
1258 http fetch GET 200 https://registry.npmjs.org/npm-packlist/-/npm-packlist-10.0.4.tgz 1165ms (cache miss)
1259 http fetch GET 200 https://registry.npmjs.org/onetime/-/onetime-7.0.0.tgz 1168ms (cache miss)
1260 http fetch GET 200 https://registry.npmjs.org/npm-bundled/-/npm-bundled-5.0.0.tgz 1187ms (cache miss)
1261 http fetch GET 200 https://registry.npmjs.org/npm-pick-manifest/-/npm-pick-manifest-11.0.3.tgz 1188ms (cache miss)
1262 http fetch GET 200 https://registry.npmjs.org/npm-package-arg/-/npm-package-arg-13.0.2.tgz 1188ms (cache miss)
1263 http fetch GET 200 https://registry.npmjs.org/npm-registry-fetch/-/npm-registry-fetch-19.1.1.tgz 1190ms (cache miss)
1264 http fetch GET 200 https://registry.npmjs.org/npm-normalize-package-bin/-/npm-normalize-package-bin-5.0.0.tgz 1204ms (cache miss)
1265 http fetch GET 200 https://registry.npmjs.org/nopt/-/nopt-9.0.0.tgz 1205ms (cache miss)
1266 http fetch GET 200 https://registry.npmjs.org/on-finished/-/on-finished-2.4.1.tgz 1207ms (cache miss)
1267 http fetch GET 200 https://registry.npmjs.org/once/-/once-1.4.0.tgz 1233ms (cache miss)
1268 http fetch GET 200 https://registry.npmjs.org/npm-install-checks/-/npm-install-checks-8.0.0.tgz 1231ms (cache miss)
1269 http fetch GET 200 https://registry.npmjs.org/node-releases/-/node-releases-2.0.50.tgz 1231ms (cache miss)
1270 http fetch GET 200 https://registry.npmjs.org/mute-stream/-/mute-stream-3.0.0.tgz 1227ms (cache miss)
1271 http fetch GET 200 https://registry.npmjs.org/nanoid/-/nanoid-3.3.15.tgz 1228ms (cache miss)
1272 http fetch GET 200 https://registry.npmjs.org/y18n/-/y18n-5.0.8.tgz 1281ms (cache miss)
1273 http fetch GET 200 https://registry.npmjs.org/side-channel-list/-/side-channel-list-1.0.1.tgz 1264ms (cache miss)
1274 http fetch GET 200 https://registry.npmjs.org/negotiator/-/negotiator-1.0.0.tgz 1273ms (cache miss)
1275 http fetch GET 200 https://registry.npmjs.org/mimic-function/-/mimic-function-5.0.1.tgz 1269ms (cache miss)
1276 http fetch GET 200 https://registry.npmjs.org/msgpackr-extract/-/msgpackr-extract-3.0.4.tgz 1273ms (cache miss)
1277 http fetch GET 200 https://registry.npmjs.org/mrmime/-/mrmime-2.0.1.tgz 1273ms (cache miss)
1278 http fetch GET 200 https://registry.npmjs.org/saxes/-/saxes-6.0.0.tgz 1316ms (cache miss)
1279 http fetch GET 200 https://registry.npmjs.org/ms/-/ms-2.1.3.tgz 1299ms (cache miss)
1280 http fetch GET 200 https://registry.npmjs.org/minipass-fetch/-/minipass-fetch-5.0.2.tgz 1298ms (cache miss)
1281 http fetch GET 200 https://registry.npmjs.org/pkce-challenge/-/pkce-challenge-5.0.1.tgz 1338ms (cache miss)
1282 http fetch GET 200 https://registry.npmjs.org/minipass-collect/-/minipass-collect-2.0.1.tgz 1325ms (cache miss)
1283 http fetch GET 200 https://registry.npmjs.org/lru-cache/-/lru-cache-5.1.1.tgz 1322ms (cache miss)
1284 http fetch GET 200 https://registry.npmjs.org/node-gyp-build-optional-packages/-/node-gyp-build-optional-packages-5.2.2.tgz 1350ms (cache miss)
1285 http fetch GET 200 https://registry.npmjs.org/merge-descriptors/-/merge-descriptors-2.0.0.tgz 1343ms (cache miss)
1286 http fetch GET 200 https://registry.npmjs.org/math-intrinsics/-/math-intrinsics-1.1.0.tgz 1342ms (cache miss)
1287 http fetch GET 200 https://registry.npmjs.org/log-update/-/log-update-6.1.0.tgz 1342ms (cache miss)
1288 http fetch GET 200 https://registry.npmjs.org/jsonparse/-/jsonparse-1.3.1.tgz 1341ms (cache miss)
1289 http fetch GET 200 https://registry.npmjs.org/whatwg-mimetype/-/whatwg-mimetype-5.0.0.tgz 1390ms (cache miss)
1290 http fetch GET 200 https://registry.npmjs.org/mime-types/-/mime-types-3.0.2.tgz 1353ms (cache miss)
1291 http fetch GET 200 https://registry.npmjs.org/log-symbols/-/log-symbols-7.0.1.tgz 1352ms (cache miss)
1292 http fetch GET 200 https://registry.npmjs.org/obug/-/obug-2.1.3.tgz 1380ms (cache miss)
1293 http fetch GET 200 https://registry.npmjs.org/mime-db/-/mime-db-1.54.0.tgz 1370ms (cache miss)
1294 http fetch GET 200 https://registry.npmjs.org/json-parse-even-better-errors/-/json-parse-even-better-errors-5.0.0.tgz 1367ms (cache miss)
1295 http fetch GET 200 https://registry.npmjs.org/jsesc/-/jsesc-3.1.0.tgz 1367ms (cache miss)
1296 http fetch GET 200 https://registry.npmjs.org/is-glob/-/is-glob-4.0.3.tgz 1366ms (cache miss)
1297 http fetch GET 200 https://registry.npmjs.org/media-typer/-/media-typer-1.1.0.tgz 1398ms (cache miss)
1298 http fetch GET 200 https://registry.npmjs.org/ipaddr.js/-/ipaddr.js-1.9.1.tgz 1393ms (cache miss)
1299 http fetch GET 200 https://registry.npmjs.org/is-extglob/-/is-extglob-2.1.1.tgz 1433ms (cache miss)
1300 http fetch GET 200 https://registry.npmjs.org/is-potential-custom-element-name/-/is-potential-custom-element-name-1.0.1.tgz 1435ms (cache miss)
1301 http fetch GET 200 https://registry.npmjs.org/is-unicode-supported/-/is-unicode-supported-2.1.0.tgz 1467ms (cache miss)
1302 http fetch GET 200 https://registry.npmjs.org/is-promise/-/is-promise-4.0.0.tgz 1467ms (cache miss)
1303 http fetch GET 200 https://registry.npmjs.org/js-tokens/-/js-tokens-4.0.0.tgz 1468ms (cache miss)
1304 http fetch GET 200 https://registry.npmjs.org/ini/-/ini-6.0.0.tgz 1466ms (cache miss)
1305 http fetch GET 200 https://registry.npmjs.org/ordered-binary/-/ordered-binary-1.6.1.tgz 1507ms (cache miss)
1306 http fetch GET 200 https://registry.npmjs.org/is-interactive/-/is-interactive-2.0.0.tgz 1491ms (cache miss)
1307 http fetch GET 200 https://registry.npmjs.org/isexe/-/isexe-2.0.0.tgz 1492ms (cache miss)
1308 http fetch GET 200 https://registry.npmjs.org/is-fullwidth-code-point/-/is-fullwidth-code-point-5.1.0.tgz 1490ms (cache miss)
1309 http fetch GET 200 https://registry.npmjs.org/ignore-walk/-/ignore-walk-8.0.0.tgz 1526ms (cache miss)
1310 http fetch GET 200 https://registry.npmjs.org/hosted-git-info/-/hosted-git-info-9.0.3.tgz 1525ms (cache miss)
1311 http fetch GET 200 https://registry.npmjs.org/reflect-metadata/-/reflect-metadata-0.2.2.tgz 1584ms (cache miss)
1312 http fetch GET 200 https://registry.npmjs.org/listr2/-/listr2-10.2.1.tgz 1564ms (cache miss)
1313 http fetch GET 200 https://registry.npmjs.org/hasown/-/hasown-2.0.4.tgz 1559ms (cache miss)
1314 http fetch GET 200 https://registry.npmjs.org/minipass-flush/-/minipass-flush-1.0.7.tgz 1573ms (cache miss)
1315 http fetch GET 200 https://registry.npmjs.org/https-proxy-agent/-/https-proxy-agent-9.0.0.tgz 1581ms (cache miss)
1316 http fetch GET 200 https://registry.npmjs.org/html-encoding-sniffer/-/html-encoding-sniffer-6.0.0.tgz 1580ms (cache miss)
1317 http fetch GET 200 https://registry.npmjs.org/get-east-asian-width/-/get-east-asian-width-1.6.0.tgz 1578ms (cache miss)
1318 http fetch GET 200 https://registry.npmjs.org/inherits/-/inherits-2.0.4.tgz 1618ms (cache miss)
1319 http fetch GET 200 https://registry.npmjs.org/graceful-fs/-/graceful-fs-4.2.11.tgz 1616ms (cache miss)
1320 http fetch GET 200 https://registry.npmjs.org/forwarded/-/forwarded-0.2.0.tgz 1614ms (cache miss)
1321 http fetch GET 200 https://registry.npmjs.org/picomatch/-/picomatch-4.0.4.tgz 1670ms (cache miss)
1322 http fetch GET 200 https://registry.npmjs.org/http-proxy-agent/-/http-proxy-agent-7.0.2.tgz 1649ms (cache miss)
1323 http fetch GET 200 https://registry.npmjs.org/http-errors/-/http-errors-2.0.1.tgz 1649ms (cache miss)
1324 http fetch GET 200 https://registry.npmjs.org/http-cache-semantics/-/http-cache-semantics-4.2.0.tgz 1649ms (cache miss)
1325 http fetch GET 200 https://registry.npmjs.org/gopd/-/gopd-1.2.0.tgz 1648ms (cache miss)
1326 http fetch GET 200 https://registry.npmjs.org/glob-to-regexp/-/glob-to-regexp-0.4.1.tgz 1647ms (cache miss)
1327 http fetch GET 200 https://registry.npmjs.org/get-proto/-/get-proto-1.0.1.tgz 1648ms (cache miss)
1328 http fetch GET 200 https://registry.npmjs.org/fs-minipass/-/fs-minipass-3.0.3.tgz 1647ms (cache miss)
1329 http fetch GET 200 https://registry.npmjs.org/fast-string-truncated-width/-/fast-string-truncated-width-3.0.3.tgz 1645ms (cache miss)
1330 http fetch GET 200 https://registry.npmjs.org/json-schema-typed/-/json-schema-typed-8.0.2.tgz 1687ms (cache miss)
1331 http fetch GET 200 https://registry.npmjs.org/minipass-sized/-/minipass-sized-2.0.0.tgz 1693ms (cache miss)
1332 http fetch GET 200 https://registry.npmjs.org/get-intrinsic/-/get-intrinsic-1.3.0.tgz 1680ms (cache miss)
1333 http fetch GET 200 https://registry.npmjs.org/gensync/-/gensync-1.0.0-beta.2.tgz 1679ms (cache miss)
1334 http fetch GET 200 https://registry.npmjs.org/function-bind/-/function-bind-1.1.2.tgz 1680ms (cache miss)
1335 http fetch GET 200 https://registry.npmjs.org/get-caller-file/-/get-caller-file-2.0.5.tgz 1680ms (cache miss)
1336 http fetch GET 200 https://registry.npmjs.org/exponential-backoff/-/exponential-backoff-3.1.3.tgz 1678ms (cache miss)
1337 http fetch GET 200 https://registry.npmjs.org/yargs-parser/-/yargs-parser-22.0.0.tgz 1761ms (cache miss)
1338 http fetch GET 200 https://registry.npmjs.org/json-schema-traverse/-/json-schema-traverse-1.0.0.tgz 1716ms (cache miss)
1339 http fetch GET 200 https://registry.npmjs.org/minipass-pipeline/-/minipass-pipeline-1.2.4.tgz 1722ms (cache miss)
1340 http fetch GET 200 https://registry.npmjs.org/es-object-atoms/-/es-object-atoms-1.1.2.tgz 1703ms (cache miss)
1341 http fetch GET 200 https://registry.npmjs.org/fresh/-/fresh-2.0.0.tgz 1731ms (cache miss)
1342 http fetch GET 200 https://registry.npmjs.org/es-errors/-/es-errors-1.3.0.tgz 1727ms (cache miss)
1343 http fetch GET 200 https://registry.npmjs.org/environment/-/environment-1.1.0.tgz 1727ms (cache miss)
1344 http fetch GET 200 https://registry.npmjs.org/finalhandler/-/finalhandler-2.1.1.tgz 1752ms (cache miss)
1345 http fetch GET 200 https://registry.npmjs.org/fast-wrap-ansi/-/fast-wrap-ansi-0.2.2.tgz 1752ms (cache miss)
1346 http fetch GET 200 https://registry.npmjs.org/fast-string-width/-/fast-string-width-3.0.2.tgz 1752ms (cache miss)
1347 http fetch GET 200 https://registry.npmjs.org/etag/-/etag-1.8.1.tgz 1750ms (cache miss)
1348 http fetch GET 200 https://registry.npmjs.org/estree-walker/-/estree-walker-3.0.3.tgz 1773ms (cache miss)
1349 http fetch GET 200 https://registry.npmjs.org/fdir/-/fdir-6.5.0.tgz 1779ms (cache miss)
1350 http fetch GET 200 https://registry.npmjs.org/escalade/-/escalade-3.2.0.tgz 1777ms (cache miss)
1351 http fetch GET 200 https://registry.npmjs.org/env-paths/-/env-paths-2.2.1.tgz 1776ms (cache miss)
1352 http fetch GET 200 https://registry.npmjs.org/emoji-regex/-/emoji-regex-10.6.0.tgz 1776ms (cache miss)
1353 http fetch GET 200 https://registry.npmjs.org/ee-first/-/ee-first-1.1.1.tgz 1775ms (cache miss)
1354 http fetch GET 200 https://registry.npmjs.org/watchpack/-/watchpack-2.5.1.tgz 1856ms (cache miss)
1355 http fetch GET 200 https://registry.npmjs.org/escape-html/-/escape-html-1.0.3.tgz 1802ms (cache miss)
1356 http fetch GET 200 https://registry.npmjs.org/fast-deep-equal/-/fast-deep-equal-3.1.3.tgz 1812ms (cache miss)
1357 http fetch GET 200 https://registry.npmjs.org/encodeurl/-/encodeurl-2.0.0.tgz 1812ms (cache miss)
1358 http fetch GET 200 https://registry.npmjs.org/domelementtype/-/domelementtype-2.3.0.tgz 1830ms (cache miss)
1359 http fetch GET 200 https://registry.npmjs.org/debug/-/debug-4.4.3.tgz 1830ms (cache miss)
1360 http fetch GET 200 https://registry.npmjs.org/esbuild/-/esbuild-0.28.1.tgz 1852ms (cache miss)
1361 http fetch GET 200 https://registry.npmjs.org/dunder-proto/-/dunder-proto-1.0.1.tgz 1850ms (cache miss)
1362 http fetch GET 200 https://registry.npmjs.org/cli-width/-/cli-width-4.1.0.tgz 1842ms (cache miss)
1363 http fetch GET 200 https://registry.npmjs.org/cli-truncate/-/cli-truncate-5.2.0.tgz 1842ms (cache miss)
1364 http fetch GET 200 https://registry.npmjs.org/detect-libc/-/detect-libc-2.1.2.tgz 1851ms (cache miss)
1365 http fetch GET 200 https://registry.npmjs.org/tuf-js/-/tuf-js-4.1.0.tgz 1924ms (cache miss)
1366 http fetch GET 200 https://registry.npmjs.org/es-define-property/-/es-define-property-1.0.1.tgz 1869ms (cache miss)
1367 http fetch GET 200 https://registry.npmjs.org/depd/-/depd-2.0.0.tgz 1866ms (cache miss)
1368 http fetch GET 200 https://registry.npmjs.org/domhandler/-/domhandler-5.0.3.tgz 1868ms (cache miss)
1369 http fetch GET 200 https://registry.npmjs.org/data-urls/-/data-urls-7.0.0.tgz 1866ms (cache miss)
1370 http fetch GET 200 https://registry.npmjs.org/dom-serializer/-/dom-serializer-2.0.0.tgz 1867ms (cache miss)
1371 http fetch GET 200 https://registry.npmjs.org/content-type/-/content-type-1.0.5.tgz 1860ms (cache miss)
1372 http fetch GET 200 https://registry.npmjs.org/cors/-/cors-2.8.6.tgz 1862ms (cache miss)
1373 http fetch GET 200 https://registry.npmjs.org/cookie-signature/-/cookie-signature-1.2.2.tgz 1862ms (cache miss)
1374 http fetch GET 200 https://registry.npmjs.org/call-bind-apply-helpers/-/call-bind-apply-helpers-1.0.2.tgz 1858ms (cache miss)
1375 http fetch GET 200 https://registry.npmjs.org/bytes/-/bytes-3.1.2.tgz 1857ms (cache miss)
1376 http fetch GET 200 https://registry.npmjs.org/tr46/-/tr46-6.0.0.tgz 1936ms (cache miss)
1377 http fetch GET 200 https://registry.npmjs.org/cookie/-/cookie-0.7.2.tgz 1873ms (cache miss)
1378 http fetch GET 200 https://registry.npmjs.org/content-disposition/-/content-disposition-1.1.0.tgz 1872ms (cache miss)
1379 http fetch GET 200 https://registry.npmjs.org/cli-cursor/-/cli-cursor-5.0.0.tgz 1872ms (cache miss)
1380 http fetch GET 200 https://registry.npmjs.org/cli-spinners/-/cli-spinners-3.4.0.tgz 1872ms (cache miss)
1381 http fetch GET 200 https://registry.npmjs.org/chownr/-/chownr-3.0.0.tgz 1872ms (cache miss)
1382 http fetch GET 200 https://registry.npmjs.org/cliui/-/cliui-9.0.1.tgz 1883ms (cache miss)
1383 http fetch GET 200 https://registry.npmjs.org/smart-buffer/-/smart-buffer-4.2.0.tgz 1945ms (cache miss)
1384 http fetch GET 200 https://registry.npmjs.org/express/-/express-5.2.1.tgz 1904ms (cache miss)
1385 http fetch GET 200 https://registry.npmjs.org/es-module-lexer/-/es-module-lexer-2.1.0.tgz 1901ms (cache miss)
1386 http fetch GET 200 https://registry.npmjs.org/chokidar/-/chokidar-5.0.0.tgz 1888ms (cache miss)
1387 http fetch GET 200 https://registry.npmjs.org/buffer-from/-/buffer-from-1.1.2.tgz 1887ms (cache miss)
1388 http fetch GET 200 https://registry.npmjs.org/call-bound/-/call-bound-1.0.4.tgz 1888ms (cache miss)
1389 http fetch GET 200 https://registry.npmjs.org/ansi-regex/-/ansi-regex-6.2.2.tgz 1884ms (cache miss)
1390 http fetch GET 200 https://registry.npmjs.org/electron-to-chromium/-/electron-to-chromium-1.5.380.tgz 1914ms (cache miss)
1391 http fetch GET 200 https://registry.npmjs.org/chai/-/chai-6.2.2.tgz 1903ms (cache miss)
1392 http fetch GET 200 https://registry.npmjs.org/convert-source-map/-/convert-source-map-1.9.0.tgz 1906ms (cache miss)
1393 http fetch GET 200 https://registry.npmjs.org/body-parser/-/body-parser-2.3.0.tgz 1901ms (cache miss)
1394 http fetch GET 200 https://registry.npmjs.org/brace-expansion/-/brace-expansion-5.0.6.tgz 1902ms (cache miss)
1395 http fetch GET 200 https://registry.npmjs.org/boolbase/-/boolbase-1.0.0.tgz 1901ms (cache miss)
1396 http fetch GET 200 https://registry.npmjs.org/agent-base/-/agent-base-9.0.0.tgz 1896ms (cache miss)
1397 http fetch GET 200 https://registry.npmjs.org/accepts/-/accepts-2.0.0.tgz 1899ms (cache miss)
1398 http fetch GET 200 https://registry.npmjs.org/ansi-styles/-/ansi-styles-6.2.3.tgz 1911ms (cache miss)
1399 http fetch GET 200 https://registry.npmjs.org/balanced-match/-/balanced-match-4.0.4.tgz 1912ms (cache miss)
1400 http fetch GET 200 https://registry.npmjs.org/abbrev/-/abbrev-4.0.0.tgz 1911ms (cache miss)
1401 http fetch GET 200 https://registry.npmjs.org/source-map-js/-/source-map-js-1.2.1.tgz 1985ms (cache miss)
1402 http fetch GET 200 https://registry.npmjs.org/has-symbols/-/has-symbols-1.1.0.tgz 1946ms (cache miss)
1403 http fetch GET 200 https://registry.npmjs.org/express-rate-limit/-/express-rate-limit-8.5.2.tgz 1941ms (cache miss)
1404 http fetch GET 200 https://registry.npmjs.org/ansi-escapes/-/ansi-escapes-7.3.0.tgz 1920ms (cache miss)
1405 http fetch GET 200 https://registry.npmjs.org/@types/chai/-/chai-5.2.3.tgz 1909ms (cache miss)
1406 http fetch GET 200 https://registry.npmjs.org/@vitest/pretty-format/-/pretty-format-4.1.9.tgz 1919ms (cache miss)
1407 http fetch GET 200 https://registry.npmjs.org/eventemitter3/-/eventemitter3-5.0.4.tgz 1950ms (cache miss)
1408 http fetch GET 200 https://registry.npmjs.org/browserslist/-/browserslist-4.28.4.tgz 1936ms (cache miss)
1409 http fetch GET 200 https://registry.npmjs.org/@standard-schema/spec/-/spec-1.1.0.tgz 1920ms (cache miss)
1410 http fetch GET 200 https://registry.npmjs.org/@vitest/spy/-/spy-4.1.9.tgz 1931ms (cache miss)
1411 http fetch GET 200 https://registry.npmjs.org/assertion-error/-/assertion-error-2.0.1.tgz 1936ms (cache miss)
1412 http fetch GET 200 https://registry.npmjs.org/whatwg-url/-/whatwg-url-16.0.1.tgz 2017ms (cache miss)
1413 http fetch GET 200 https://registry.npmjs.org/make-fetch-happen/-/make-fetch-happen-15.0.6.tgz 1977ms (cache miss)
1414 http fetch GET 200 https://registry.npmjs.org/@types/estree/-/estree-1.0.8.tgz 1932ms (cache miss)
1415 http fetch GET 200 https://registry.npmjs.org/@tufjs/canonical-json/-/canonical-json-2.0.0.tgz 1932ms (cache miss)
1416 http fetch GET 200 https://registry.npmjs.org/@vitest/expect/-/expect-4.1.9.tgz 1946ms (cache miss)
1417 http fetch GET 200 https://registry.npmjs.org/@types/deep-eql/-/deep-eql-4.0.2.tgz 1940ms (cache miss)
1418 http fetch GET 200 https://registry.npmjs.org/cross-spawn/-/cross-spawn-7.0.6.tgz 1970ms (cache miss)
1419 http fetch GET 200 https://registry.npmjs.org/@npmcli/promise-spawn/-/promise-spawn-9.0.1.tgz 1941ms (cache miss)
1420 http fetch GET 200 https://registry.npmjs.org/@npmcli/installed-package-contents/-/installed-package-contents-4.0.0.tgz 1947ms (cache miss)
1421 http fetch GET 200 https://registry.npmjs.org/@npmcli/fs/-/fs-5.0.0.tgz 1946ms (cache miss)
1422 http fetch GET 200 https://registry.npmjs.org/xmlchars/-/xmlchars-2.2.0.tgz 2051ms (cache miss)
1423 http fetch GET 200 https://registry.npmjs.org/@npmcli/node-gyp/-/node-gyp-5.0.0.tgz 1954ms (cache miss)
1424 http fetch GET 200 https://registry.npmjs.org/@npmcli/git/-/git-7.0.2.tgz 1964ms (cache miss)
1425 http fetch GET 200 https://registry.npmjs.org/@npmcli/redact/-/redact-4.0.0.tgz 1984ms (cache miss)
1426 http fetch GET 200 https://registry.npmjs.org/@msgpackr-extract/msgpackr-extract-linux-x64/-/msgpackr-extract-linux-x64-3.0.4.tgz 1980ms (cache miss)
1427 http fetch GET 200 https://registry.npmjs.org/decimal.js/-/decimal.js-10.6.0.tgz 2023ms (cache miss)
1428 http fetch GET 200 https://registry.npmjs.org/beasties/-/beasties-0.4.2.tgz 2016ms (cache miss)
1429 http fetch GET 200 https://registry.npmjs.org/pacote/-/pacote-21.5.1.tgz 2071ms (cache miss)
1430 http fetch GET 200 https://registry.npmjs.org/magic-string/-/magic-string-0.30.21.tgz 2067ms (cache miss)
1431 http fetch GET 200 https://registry.npmjs.org/@jridgewell/resolve-uri/-/resolve-uri-3.1.2.tgz 2022ms (cache miss)
1432 http fetch GET 200 https://registry.npmjs.org/@isaacs/fs-minipass/-/fs-minipass-4.0.1.tgz 2022ms (cache miss)
1433 http fetch GET 200 https://registry.npmjs.org/source-map/-/source-map-0.7.6.tgz 2122ms (cache miss)
1434 http fetch GET 200 https://registry.npmjs.org/node-addon-api/-/node-addon-api-6.1.0.tgz 2102ms (cache miss)
1435 http fetch GET 200 https://registry.npmjs.org/eventsource/-/eventsource-3.0.7.tgz 2079ms (cache miss)
1436 http fetch GET 200 https://registry.npmjs.org/baseline-browser-mapping/-/baseline-browser-mapping-2.10.40.tgz 2073ms (cache miss)
1437 http fetch GET 200 https://registry.npmjs.org/expect-type/-/expect-type-1.4.0.tgz 2103ms (cache miss)
1438 http fetch GET 200 https://registry.npmjs.org/@yarnpkg/lockfile/-/lockfile-1.1.0.tgz 2081ms (cache miss)
1439 http fetch GET 200 https://registry.npmjs.org/@vitest/snapshot/-/snapshot-4.1.9.tgz 2103ms (cache miss)
1440 http fetch GET 200 https://registry.npmjs.org/@npmcli/package-json/-/package-json-7.0.5.tgz 2119ms (cache miss)
1441 http fetch GET 200 https://registry.npmjs.org/@listr2/prompt-adapter-inquirer/-/prompt-adapter-inquirer-4.2.3.tgz 2116ms (cache miss)
1442 http fetch GET 200 https://registry.npmjs.org/@napi-rs/nice/-/nice-1.1.1.tgz 2142ms (cache miss)
1443 http fetch GET 200 https://registry.npmjs.org/@sigstore/tuf/-/tuf-4.0.2.tgz 2166ms (cache miss)
1444 http fetch GET 200 https://registry.npmjs.org/qs/-/qs-6.15.3.tgz 2245ms (cache miss)
1445 http fetch GET 200 https://registry.npmjs.org/ajv-formats/-/ajv-formats-3.0.1.tgz 2196ms (cache miss)
1446 http fetch GET 200 https://registry.npmjs.org/@vitest/runner/-/runner-4.1.9.tgz 2195ms (cache miss)
1447 http fetch GET 200 https://registry.npmjs.org/@inquirer/search/-/search-4.2.1.tgz 2186ms (cache miss)
1448 http fetch GET 200 https://registry.npmjs.org/@inquirer/rawlist/-/rawlist-5.3.1.tgz 2187ms (cache miss)
1449 http fetch GET 200 https://registry.npmjs.org/@npmcli/agent/-/agent-4.0.2.tgz 2224ms (cache miss)
1450 http fetch GET 200 https://registry.npmjs.org/@npmcli/run-script/-/run-script-10.0.4.tgz 2234ms (cache miss)
1451 http fetch GET 200 https://registry.npmjs.org/@inquirer/select/-/select-5.2.1.tgz 2238ms (cache miss)
1452 http fetch GET 200 https://registry.npmjs.org/@napi-rs/nice-linux-x64-gnu/-/nice-linux-x64-gnu-1.1.1.tgz 2260ms (cache miss)
1453 http fetch GET 200 https://registry.npmjs.org/@inquirer/prompts/-/prompts-8.4.2.tgz 2255ms (cache miss)
1454 http fetch GET 200 https://registry.npmjs.org/@inquirer/type/-/type-4.0.7.tgz 2272ms (cache miss)
1455 http fetch GET 200 https://registry.npmjs.org/@inquirer/number/-/number-4.1.1.tgz 2271ms (cache miss)
1456 http fetch GET 200 https://registry.npmjs.org/json5/-/json5-2.2.3.tgz 2342ms (cache miss)
1457 http fetch GET 200 https://registry.npmjs.org/@inquirer/input/-/input-5.1.2.tgz 2281ms (cache miss)
1458 http fetch GET 200 https://registry.npmjs.org/@sigstore/bundle/-/bundle-4.0.0.tgz 2308ms (cache miss)
1459 http fetch GET 200 https://registry.npmjs.org/@inquirer/figures/-/figures-2.0.7.tgz 2295ms (cache miss)
1460 http fetch GET 200 https://registry.npmjs.org/@inquirer/expand/-/expand-5.1.1.tgz 2295ms (cache miss)
1461 http fetch GET 200 https://registry.npmjs.org/eventsource-parser/-/eventsource-parser-3.1.0.tgz 2359ms (cache miss)
1462 http fetch GET 200 https://registry.npmjs.org/chalk/-/chalk-5.6.2.tgz 2344ms (cache miss)
1463 http fetch GET 200 https://registry.npmjs.org/@inquirer/password/-/password-5.1.1.tgz 2312ms (cache miss)
1464 http fetch GET 200 https://registry.npmjs.org/@gar/promise-retry/-/promise-retry-1.0.3.tgz 2307ms (cache miss)
1465 http fetch GET 200 https://registry.npmjs.org/minipass/-/minipass-7.1.3.tgz 2395ms (cache miss)
1466 http fetch GET 200 https://registry.npmjs.org/immutable/-/immutable-5.1.8.tgz 2387ms (cache miss)
1467 http fetch GET 200 https://registry.npmjs.org/@csstools/css-tokenizer/-/css-tokenizer-4.0.0.tgz 2329ms (cache miss)
1468 http fetch GET 200 https://registry.npmjs.org/@inquirer/external-editor/-/external-editor-3.0.3.tgz 2335ms (cache miss)
1469 http fetch GET 200 https://registry.npmjs.org/object-inspect/-/object-inspect-1.13.4.tgz 2425ms (cache miss)
1470 http fetch GET 200 https://registry.npmjs.org/@csstools/css-parser-algorithms/-/css-parser-algorithms-4.0.0.tgz 2343ms (cache miss)
1471 http fetch GET 200 https://registry.npmjs.org/@csstools/css-color-parser/-/css-color-parser-4.1.9.tgz 2354ms (cache miss)
1472 http fetch GET 200 https://registry.npmjs.org/tough-cookie/-/tough-cookie-6.0.1.tgz 2467ms (cache miss)
1473 http fetch GET 200 https://registry.npmjs.org/cacache/-/cacache-20.0.4.tgz 2399ms (cache miss)
1474 http fetch GET 200 https://registry.npmjs.org/bidi-js/-/bidi-js-1.0.3.tgz 2398ms (cache miss)
1475 http fetch GET 200 https://registry.npmjs.org/@inquirer/editor/-/editor-5.2.2.tgz 2366ms (cache miss)
1476 http fetch GET 200 https://registry.npmjs.org/@csstools/css-calc/-/css-calc-3.2.1.tgz 2365ms (cache miss)
1477 http fetch GET 200 https://registry.npmjs.org/@csstools/css-syntax-patches-for-csstree/-/css-syntax-patches-for-csstree-1.1.5.tgz 2366ms (cache miss)
1478 http fetch GET 200 https://registry.npmjs.org/@inquirer/checkbox/-/checkbox-5.2.1.tgz 2375ms (cache miss)
1479 http fetch GET 200 https://registry.npmjs.org/@inquirer/ansi/-/ansi-2.0.7.tgz 2380ms (cache miss)
1480 http fetch GET 200 https://registry.npmjs.org/@inquirer/confirm/-/confirm-6.0.12.tgz 2381ms (cache miss)
1481 http fetch GET 200 https://registry.npmjs.org/@babel/helper-split-export-declaration/-/helper-split-export-declaration-7.24.7.tgz 2376ms (cache miss)
1482 http fetch GET 200 https://registry.npmjs.org/@babel/helper-annotate-as-pure/-/helper-annotate-as-pure-7.27.3.tgz 2374ms (cache miss)
1483 http fetch GET 200 https://registry.npmjs.org/@harperfast/extended-iterable/-/extended-iterable-1.0.3.tgz 2389ms (cache miss)
1484 http fetch GET 200 https://registry.npmjs.org/@babel/helper-validator-option/-/helper-validator-option-7.29.7.tgz 2382ms (cache miss)
1485 http fetch GET 200 https://registry.npmjs.org/@babel/helper-globals/-/helper-globals-7.29.7.tgz 2380ms (cache miss)
1486 http fetch GET 200 https://registry.npmjs.org/@babel/compat-data/-/compat-data-7.29.7.tgz 2379ms (cache miss)
1487 http fetch GET 200 https://registry.npmjs.org/@babel/helper-string-parser/-/helper-string-parser-7.29.7.tgz 2389ms (cache miss)
1488 http fetch GET 200 https://registry.npmjs.org/@babel/helper-compilation-targets/-/helper-compilation-targets-7.29.7.tgz 2388ms (cache miss)
1489 http fetch GET 200 https://registry.npmjs.org/@asamuzakjp/generational-cache/-/generational-cache-1.0.1.tgz 2385ms (cache miss)
1490 http fetch GET 200 https://registry.npmjs.org/@babel/code-frame/-/code-frame-7.29.7.tgz 2391ms (cache miss)
1491 http fetch GET 200 https://registry.npmjs.org/@csstools/color-helpers/-/color-helpers-6.1.0.tgz 2398ms (cache miss)
1492 http fetch GET 200 https://registry.npmjs.org/@asamuzakjp/nwsapi/-/nwsapi-2.3.9.tgz 2390ms (cache miss)
1493 http fetch GET 200 https://registry.npmjs.org/@parcel/watcher-linux-x64-glibc/-/watcher-linux-x64-glibc-2.5.6.tgz 2423ms (cache miss)
1494 http fetch GET 200 https://registry.npmjs.org/@babel/helper-validator-identifier/-/helper-validator-identifier-7.29.7.tgz 2407ms (cache miss)
1495 http fetch GET 200 https://registry.npmjs.org/minizlib/-/minizlib-3.1.0.tgz 2489ms (cache miss)
1496 http fetch GET 200 https://registry.npmjs.org/nth-check/-/nth-check-2.1.1.tgz 2510ms (cache miss)
1497 http fetch GET 200 https://registry.npmjs.org/@vitejs/plugin-basic-ssl/-/plugin-basic-ssl-2.3.0.tgz 2453ms (cache miss)
1498 http fetch GET 200 https://registry.npmjs.org/path-scurry/-/path-scurry-2.0.2.tgz 2521ms (cache miss)
1499 http fetch GET 200 https://registry.npmjs.org/@babel/helper-module-imports/-/helper-module-imports-7.29.7.tgz 2446ms (cache miss)
1500 http fetch GET 200 https://registry.npmjs.org/jsonc-parser/-/jsonc-parser-3.3.1.tgz 2562ms (cache miss)
1501 http fetch GET 200 https://registry.npmjs.org/mdn-data/-/mdn-data-2.27.1.tgz 2583ms (cache miss)
1502 http fetch GET 200 https://registry.npmjs.org/@jridgewell/sourcemap-codec/-/sourcemap-codec-1.5.5.tgz 2523ms (cache miss)
1503 http fetch GET 200 https://registry.npmjs.org/fast-uri/-/fast-uri-3.1.2.tgz 2583ms (cache miss)
1504 http fetch GET 200 https://registry.npmjs.org/signal-exit/-/signal-exit-4.1.0.tgz 2634ms (cache miss)
1505 http fetch GET 200 https://registry.npmjs.org/socks/-/socks-2.8.9.tgz 2657ms (cache miss)
1506 http fetch GET 200 https://registry.npmjs.org/@ampproject/remapping/-/remapping-2.3.0.tgz 2550ms (cache miss)
1507 http fetch GET 200 https://registry.npmjs.org/@babel/template/-/template-7.29.7.tgz 2570ms (cache miss)
1508 http fetch GET 200 https://registry.npmjs.org/ip-address/-/ip-address-10.2.0.tgz 2642ms (cache miss)
1509 http fetch GET 200 https://registry.npmjs.org/iconv-lite/-/iconv-lite-0.7.2.tgz 2642ms (cache miss)
1510 http fetch GET 200 https://registry.npmjs.org/semver/-/semver-7.7.4.tgz 2679ms (cache miss)
1511 http fetch GET 200 https://registry.npmjs.org/@jridgewell/remapping/-/remapping-2.3.5.tgz 2594ms (cache miss)
1512 http fetch GET 200 https://registry.npmjs.org/@babel/helper-module-transforms/-/helper-module-transforms-7.29.7.tgz 2580ms (cache miss)
1513 http fetch GET 200 https://registry.npmjs.org/@vitest/utils/-/utils-4.1.9.tgz 2619ms (cache miss)
1514 http fetch GET 200 https://registry.npmjs.org/@vitest/mocker/-/mocker-4.1.9.tgz 2622ms (cache miss)
1515 http fetch GET 200 https://registry.npmjs.org/@algolia/requester-fetch/-/requester-fetch-5.52.0.tgz 2586ms (cache miss)
1516 http fetch GET 200 https://registry.npmjs.org/@jridgewell/gen-mapping/-/gen-mapping-0.3.13.tgz 2621ms (cache miss)
1517 http fetch GET 200 https://registry.npmjs.org/@algolia/requester-node-http/-/requester-node-http-5.52.0.tgz 2596ms (cache miss)
1518 http fetch GET 200 https://registry.npmjs.org/string-width/-/string-width-7.2.0.tgz 2609ms (cache miss)
1519 http fetch GET 200 https://registry.npmjs.org/esbuild/-/esbuild-0.27.7.tgz 2653ms (cache miss)
1520 http fetch GET 200 https://registry.npmjs.org/content-type/-/content-type-2.0.0.tgz 2675ms (cache miss)
1521 http fetch GET 200 https://registry.npmjs.org/parse5/-/parse5-8.0.1.tgz 2792ms (cache miss)
1522 http fetch GET 200 https://registry.npmjs.org/@algolia/requester-browser-xhr/-/requester-browser-xhr-5.52.0.tgz 2703ms (cache miss)
1523 http fetch GET 200 https://registry.npmjs.org/agent-base/-/agent-base-7.1.4.tgz 2731ms (cache miss)
1524 http fetch GET 200 https://registry.npmjs.org/postcss/-/postcss-8.5.15.tgz 2856ms (cache miss)
1525 http fetch GET 200 https://registry.npmjs.org/@bramus/specificity/-/specificity-2.4.2.tgz 2790ms (cache miss)
1526 http fetch GET 200 https://registry.npmjs.org/readdirp/-/readdirp-4.1.2.tgz 2791ms (cache miss)
1527 http fetch GET 200 https://registry.npmjs.org/@tufjs/models/-/models-4.1.0.tgz 2872ms (cache miss)
1528 http fetch GET 200 https://registry.npmjs.org/isexe/-/isexe-4.0.0.tgz 2877ms (cache miss)
1529 http fetch GET 200 https://registry.npmjs.org/which/-/which-6.0.1.tgz 2897ms (cache miss)
1530 http fetch GET 200 https://registry.npmjs.org/string-width/-/string-width-7.2.0.tgz 2893ms (cache miss)
1531 http fetch GET 200 https://registry.npmjs.org/minipass/-/minipass-3.3.6.tgz 2896ms (cache miss)
1532 http fetch GET 200 https://registry.npmjs.org/yallist/-/yallist-4.0.0.tgz 2908ms (cache miss)
1533 http fetch GET 200 https://registry.npmjs.org/slice-ansi/-/slice-ansi-7.1.2.tgz 2906ms (cache miss)
1534 http fetch GET 200 https://registry.npmjs.org/@rollup/rollup-linux-x64-gnu/-/rollup-linux-x64-gnu-4.60.2.tgz 2961ms (cache miss)
1535 http fetch GET 200 https://registry.npmjs.org/yallist/-/yallist-4.0.0.tgz 2923ms (cache miss)
1536 http fetch GET 200 https://registry.npmjs.org/agent-base/-/agent-base-7.1.4.tgz 2920ms (cache miss)
1537 http fetch GET 200 https://registry.npmjs.org/agent-base/-/agent-base-7.1.4.tgz 2920ms (cache miss)
1538 http fetch GET 200 https://registry.npmjs.org/minipass/-/minipass-3.3.6.tgz 2929ms (cache miss)
1539 http fetch GET 200 https://registry.npmjs.org/content-type/-/content-type-2.0.0.tgz 2924ms (cache miss)
1540 http fetch GET 200 https://registry.npmjs.org/@angular/platform-browser/-/platform-browser-22.0.4.tgz 2953ms (cache miss)
1541 http fetch GET 200 https://registry.npmjs.org/wrap-ansi/-/wrap-ansi-9.0.2.tgz 2935ms (cache miss)
1542 http fetch GET 200 https://registry.npmjs.org/string-width/-/string-width-7.2.0.tgz 2932ms (cache miss)
1543 http fetch GET 200 https://registry.npmjs.org/which/-/which-6.0.1.tgz 2930ms (cache miss)
1544 http fetch GET 200 https://registry.npmjs.org/which/-/which-6.0.1.tgz 2930ms (cache miss)
1545 http fetch GET 200 https://registry.npmjs.org/isexe/-/isexe-4.0.0.tgz 2929ms (cache miss)
1546 http fetch GET 200 https://registry.npmjs.org/isexe/-/isexe-4.0.0.tgz 2930ms (cache miss)
1547 http fetch GET 200 https://registry.npmjs.org/convert-source-map/-/convert-source-map-2.0.0.tgz 2931ms (cache miss)
1548 http fetch GET 200 https://registry.npmjs.org/https-proxy-agent/-/https-proxy-agent-7.0.6.tgz 2935ms (cache miss)
1549 http fetch GET 200 https://registry.npmjs.org/@asamuzakjp/dom-selector/-/dom-selector-6.8.1.tgz 2966ms (cache miss)
1550 http fetch GET 200 https://registry.npmjs.org/wrap-ansi/-/wrap-ansi-9.0.2.tgz 2944ms (cache miss)
1551 http fetch GET 200 https://registry.npmjs.org/semver/-/semver-6.3.1.tgz 2946ms (cache miss)
1552 http fetch GET 200 https://registry.npmjs.org/convert-source-map/-/convert-source-map-2.0.0.tgz 2952ms (cache miss)
1553 http fetch GET 200 https://registry.npmjs.org/convert-source-map/-/convert-source-map-2.0.0.tgz 2952ms (cache miss)
1554 http fetch GET 200 https://registry.npmjs.org/chokidar/-/chokidar-4.0.3.tgz 2972ms (cache miss)
1555 http fetch GET 200 https://registry.npmjs.org/semver/-/semver-6.3.1.tgz 2970ms (cache miss)
1556 http fetch GET 200 https://registry.npmjs.org/semver/-/semver-6.3.1.tgz 2969ms (cache miss)
1557 http fetch GET 200 https://registry.npmjs.org/brace-expansion 2461ms (cache miss)
1558 silly packumentCache corgi:https://registry.npmjs.org/brace-expansion set size:undefined disposed:false
1559 http fetch GET 200 https://registry.npmjs.org/@jridgewell/trace-mapping/-/trace-mapping-0.3.31.tgz 3048ms (cache miss)
1560 http fetch GET 200 https://registry.npmjs.org/@parcel/watcher/-/watcher-2.5.6.tgz 3062ms (cache miss)
1561 http fetch GET 200 https://registry.npmjs.org/@algolia/client-common/-/client-common-5.52.0.tgz 3033ms (cache miss)
1562 http fetch GET 200 https://registry.npmjs.org/fast-uri 2495ms (cache miss)
1563 silly packumentCache corgi:https://registry.npmjs.org/fast-uri set size:undefined disposed:false
1564 http fetch GET 200 https://registry.npmjs.org/chardet/-/chardet-2.2.0.tgz 3106ms (cache miss)
1565 http fetch GET 200 https://registry.npmjs.org/@hono%2fnode-server 2510ms (cache miss)
1566 silly packumentCache corgi:https://registry.npmjs.org/@hono%2fnode-server set size:undefined disposed:false
1567 http fetch GET 200 https://registry.npmjs.org/@vitest%2fmocker 2525ms (cache miss)
1568 silly packumentCache corgi:https://registry.npmjs.org/@vitest%2fmocker set size:undefined disposed:false
1569 http fetch GET 200 https://registry.npmjs.org/ip-address 2529ms (cache miss)
1570 silly packumentCache corgi:https://registry.npmjs.org/ip-address set size:undefined disposed:false
1571 http fetch GET 200 https://registry.npmjs.org/https-proxy-agent/-/https-proxy-agent-7.0.6.tgz 3076ms (cache miss)
1572 http fetch GET 200 https://registry.npmjs.org/nanoid 2572ms (cache miss)
1573 silly packumentCache corgi:https://registry.npmjs.org/nanoid set size:undefined disposed:false
1574 http fetch GET 200 https://registry.npmjs.org/yallist/-/yallist-5.0.0.tgz 3118ms (cache miss)
1575 http fetch GET 200 https://registry.npmjs.org/agent-base/-/agent-base-7.1.4.tgz 3108ms (cache miss)
1576 http fetch GET 200 https://registry.npmjs.org/baseline-browser-mapping 2588ms (cache miss)
1577 silly packumentCache corgi:https://registry.npmjs.org/baseline-browser-mapping set size:undefined disposed:false
1578 http fetch GET 200 https://registry.npmjs.org/qs 2605ms (cache miss)
1579 silly packumentCache corgi:https://registry.npmjs.org/qs set size:undefined disposed:false
1580 http fetch GET 200 https://registry.npmjs.org/msgpackr/-/msgpackr-1.12.1.tgz 3261ms (cache miss)
1581 http fetch GET 200 https://registry.npmjs.org/htmlparser2/-/htmlparser2-10.1.0.tgz 3265ms (cache miss)
1582 http fetch GET 200 https://registry.npmjs.org/browserslist 2647ms (cache miss)
1583 silly packumentCache corgi:https://registry.npmjs.org/browserslist set size:undefined disposed:false
1584 http fetch GET 200 https://registry.npmjs.org/tar 2665ms (cache miss)
1585 silly packumentCache corgi:https://registry.npmjs.org/tar set size:undefined disposed:false
1586 http fetch GET 200 https://registry.npmjs.org/css-what/-/css-what-7.0.0.tgz 3320ms (cache miss)
1587 http fetch GET 200 https://registry.npmjs.org/@babel/parser/-/parser-7.29.7.tgz 3269ms (cache miss)
1588 http fetch GET 200 https://registry.npmjs.org/@babel%2fcore 2742ms (cache miss)
1589 silly packumentCache corgi:https://registry.npmjs.org/@babel%2fcore set size:undefined disposed:false
1590 http fetch GET 200 https://registry.npmjs.org/@exodus/bytes/-/bytes-1.15.1.tgz 3325ms (cache miss)
1591 http fetch GET 200 https://registry.npmjs.org/yargs/-/yargs-18.0.0.tgz 3453ms (cache miss)
1592 http fetch GET 200 https://registry.npmjs.org/postcss 2772ms (cache miss)
1593 silly packumentCache corgi:https://registry.npmjs.org/postcss set size:undefined disposed:false
1594 http fetch GET 200 https://registry.npmjs.org/node-addon-api/-/node-addon-api-7.1.1.tgz 3316ms (cache miss)
1595 http fetch GET 200 https://registry.npmjs.org/undici 2797ms (cache miss)
1596 silly packumentCache corgi:https://registry.npmjs.org/undici set size:undefined disposed:false
1597 http fetch GET 200 https://registry.npmjs.org/@sigstore/core/-/core-3.2.1.tgz 3443ms (cache miss)
1598 http fetch GET 200 https://registry.npmjs.org/@sigstore/verify/-/verify-3.1.1.tgz 3448ms (cache miss)
1599 http fetch GET 200 https://registry.npmjs.org/@angular/router/-/router-22.0.4.tgz 3449ms (cache miss)
1600 http fetch GET 200 https://registry.npmjs.org/hono 2928ms (cache miss)
1601 silly packumentCache corgi:https://registry.npmjs.org/hono set size:undefined disposed:false
1602 http fetch GET 200 https://registry.npmjs.org/@inquirer/core/-/core-11.2.1.tgz 3597ms (cache miss)
1603 http fetch GET 200 https://registry.npmjs.org/esbuild 3061ms (cache miss)
1604 silly packumentCache corgi:https://registry.npmjs.org/esbuild set size:undefined disposed:false
1605 http fetch GET 200 https://registry.npmjs.org/@hono/node-server/-/node-server-1.19.14.tgz 3649ms (cache miss)
1606 http fetch GET 200 https://registry.npmjs.org/@angular/forms/-/forms-22.0.4.tgz 3673ms (cache miss)
1607 http fetch GET 200 https://registry.npmjs.org/source-map/-/source-map-0.6.1.tgz 3665ms (cache miss)
1608 http fetch GET 200 https://registry.npmjs.org/@angular%2fcompiler 3155ms (cache miss)
1609 silly packumentCache corgi:https://registry.npmjs.org/@angular%2fcompiler set size:undefined disposed:false
1610 http fetch GET 200 https://registry.npmjs.org/@acemir/cssom/-/cssom-0.9.31.tgz 3747ms (cache miss)
1611 http fetch GET 200 https://registry.npmjs.org/minimatch/-/minimatch-10.2.5.tgz 3865ms (cache miss)
1612 http fetch GET 200 https://registry.npmjs.org/@sigstore/protobuf-specs/-/protobuf-specs-0.5.1.tgz 3813ms (cache miss)
1613 http fetch GET 200 https://registry.npmjs.org/vitest 3236ms (cache miss)
1614 silly packumentCache corgi:https://registry.npmjs.org/vitest set size:undefined disposed:false
1615 http fetch GET 200 https://registry.npmjs.org/@angular%2fcommon 3277ms (cache miss)
1616 silly packumentCache corgi:https://registry.npmjs.org/@angular%2fcommon set size:undefined disposed:false
1617 http fetch GET 200 https://registry.npmjs.org/domutils/-/domutils-3.2.2.tgz 3932ms (cache miss)
1618 http fetch GET 200 https://registry.npmjs.org/@angular%2fcore 3324ms (cache miss)
1619 silly packumentCache corgi:https://registry.npmjs.org/@angular%2fcore set size:undefined disposed:false
1620 http fetch GET 200 https://registry.npmjs.org/rollup/-/rollup-4.60.2.tgz 4051ms (cache miss)
1621 http fetch GET 200 https://registry.npmjs.org/@algolia/client-personalization/-/client-personalization-5.52.0.tgz 3941ms (cache miss)
1622 http fetch GET 200 https://registry.npmjs.org/@algolia/client-query-suggestions/-/client-query-suggestions-5.52.0.tgz 3947ms (cache miss)
1623 http fetch GET 200 https://registry.npmjs.org/@algolia/monitoring/-/monitoring-1.52.0.tgz 3954ms (cache miss)
1624 silly packumentCache corgi:https://registry.npmjs.org/@angular%2fforms cache-miss
1625 silly packumentCache corgi:https://registry.npmjs.org/@angular%2fplatform-browser cache-miss
1626 silly packumentCache corgi:https://registry.npmjs.org/@angular%2frouter cache-miss
1627 http fetch GET 200 https://registry.npmjs.org/@algolia/client-insights/-/client-insights-5.52.0.tgz 3966ms (cache miss)
1628 http fetch GET 200 https://registry.npmjs.org/@babel/generator/-/generator-7.29.7.tgz 3986ms (cache miss)
1629 http fetch GET 200 https://registry.npmjs.org/@algolia/client-abtesting/-/client-abtesting-5.52.0.tgz 3978ms (cache miss)
1630 http fetch GET 200 https://registry.npmjs.org/algoliasearch/-/algoliasearch-5.52.0.tgz 4037ms (cache miss)
1631 http fetch GET 200 https://registry.npmjs.org/@algolia/abtesting/-/abtesting-1.18.0.tgz 3991ms (cache miss)
1632 http fetch GET 200 https://registry.npmjs.org/vite/-/vite-7.3.5.tgz 4152ms (cache miss)
1633 http fetch GET 200 https://registry.npmjs.org/@algolia/recommend/-/recommend-5.52.0.tgz 4060ms (cache miss)
1634 http fetch GET 200 https://registry.npmjs.org/tldts/-/tldts-7.4.4.tgz 4217ms (cache miss)
1635 http fetch GET 200 https://registry.npmjs.org/entities/-/entities-4.5.0.tgz 4204ms (cache miss)
1636 http fetch GET 200 https://registry.npmjs.org/@algolia/client-analytics/-/client-analytics-5.52.0.tgz 4197ms (cache miss)
1637 http fetch GET 200 https://registry.npmjs.org/@sigstore/sign/-/sign-4.1.1.tgz 4241ms (cache miss)
1638 http fetch GET 200 https://registry.npmjs.org/entities/-/entities-8.0.0.tgz 4308ms (cache miss)
1639 http fetch GET 200 https://registry.npmjs.org/entities/-/entities-8.0.0.tgz 4312ms (cache miss)
1640 http fetch GET 200 https://registry.npmjs.org/@algolia/ingestion/-/ingestion-1.52.0.tgz 4388ms (cache miss)
1641 http fetch GET 200 https://registry.npmjs.org/glob/-/glob-13.0.6.tgz 4481ms (cache miss)
1642 http fetch GET 200 https://registry.npmjs.org/@angular%2fforms 448ms (cache miss)
1643 silly packumentCache corgi:https://registry.npmjs.org/@angular%2fforms set size:undefined disposed:false
1644 http fetch GET 200 https://registry.npmjs.org/@babel/traverse/-/traverse-7.29.7.tgz 5406ms (cache miss)
1645 http fetch GET 200 https://registry.npmjs.org/@angular%2frouter 1432ms (cache miss)
1646 silly packumentCache corgi:https://registry.npmjs.org/@angular%2frouter set size:undefined disposed:false
1647 http fetch GET 200 https://registry.npmjs.org/@asamuzakjp/css-color/-/css-color-5.1.11.tgz 5452ms (cache miss)
1648 http fetch GET 200 https://registry.npmjs.org/@angular%2fplatform-browser 1486ms (cache miss)
1649 silly packumentCache corgi:https://registry.npmjs.org/@angular%2fplatform-browser set size:undefined disposed:false
1650 silly packumentCache corgi:https://registry.npmjs.org/@angular%2fbuild cache-miss
1651 silly packumentCache corgi:https://registry.npmjs.org/@angular%2fcompiler-cli cache-miss
1652 http fetch GET 200 https://registry.npmjs.org/@angular/compiler/-/compiler-22.0.4.tgz 5820ms (cache miss)
1653 http fetch GET 200 https://registry.npmjs.org/cssstyle/-/cssstyle-6.2.0.tgz 5926ms (cache miss)
1654 http fetch GET 200 https://registry.npmjs.org/sass/-/sass-1.99.0.tgz 5978ms (cache miss)
1655 http fetch GET 200 https://registry.npmjs.org/@algolia/client-search/-/client-search-5.52.0.tgz 5867ms (cache miss)
1656 http fetch GET 200 https://registry.npmjs.org/tldts-core/-/tldts-core-7.4.4.tgz 6004ms (cache miss)
1657 http fetch GET 200 https://registry.npmjs.org/@angular-devkit/architect/-/architect-0.2200.4.tgz 5936ms (cache miss)
1658 http fetch GET 200 https://registry.npmjs.org/vitest/-/vitest-4.1.9.tgz 6087ms (cache miss)
1659 http fetch GET 200 https://registry.npmjs.org/@angular%2fbuild 470ms (cache miss)
1660 silly packumentCache corgi:https://registry.npmjs.org/@angular%2fbuild set size:undefined disposed:false
1661 http fetch GET 200 https://registry.npmjs.org/zone.js/-/zone.js-0.16.2.tgz 6102ms (cache miss)
1662 http fetch GET 200 https://registry.npmjs.org/piscina/-/piscina-5.2.0.tgz 6191ms (cache miss)
1663 http fetch GET 200 https://registry.npmjs.org/@angular%2fcompiler-cli 617ms (cache miss)
1664 silly packumentCache corgi:https://registry.npmjs.org/@angular%2fcompiler-cli set size:undefined disposed:false
1665 http fetch GET 200 https://registry.npmjs.org/jose/-/jose-6.2.3.tgz 6871ms (cache miss)
1666 silly packumentCache corgi:https://registry.npmjs.org/@babel%2fhelper-module-transforms cache-miss
1667 http fetch GET 200 https://registry.npmjs.org/@babel%2fhelper-module-transforms 85ms (cache miss)
1668 silly packumentCache corgi:https://registry.npmjs.org/@babel%2fhelper-module-transforms set size:undefined disposed:false
1669 silly packumentCache corgi:https://registry.npmjs.org/@modelcontextprotocol%2fsdk cache-miss
1670 http fetch GET 200 https://registry.npmjs.org/node-gyp/-/node-gyp-12.4.0.tgz 8063ms (cache miss)
1671 http fetch GET 200 https://registry.npmjs.org/css-select/-/css-select-6.0.0.tgz 8081ms (cache miss)
1672 http fetch GET 200 https://registry.npmjs.org/@babel/core/-/core-7.29.0.tgz 8032ms (cache miss)
1673 http fetch GET 200 https://registry.npmjs.org/@modelcontextprotocol%2fsdk 68ms (cache miss)
1674 silly packumentCache corgi:https://registry.npmjs.org/@modelcontextprotocol%2fsdk set size:undefined disposed:false
1675 http fetch GET 200 https://registry.npmjs.org/zod-to-json-schema/-/zod-to-json-schema-3.25.2.tgz 8175ms (cache miss)
1676 http fetch GET 200 https://registry.npmjs.org/entities/-/entities-7.0.1.tgz 8047ms (cache miss)
1677 silly packumentCache corgi:https://registry.npmjs.org/minimatch cache-miss
1678 http fetch GET 200 https://registry.npmjs.org/prettier/-/prettier-3.9.0.tgz 8219ms (cache miss)
1679 http fetch GET 200 https://registry.npmjs.org/minimatch 71ms (cache miss)
1680 silly packumentCache corgi:https://registry.npmjs.org/minimatch set size:undefined disposed:false
1681 http fetch GET 200 https://registry.npmjs.org/lru-cache/-/lru-cache-11.5.1.tgz 8180ms (cache miss)
1682 http fetch GET 200 https://registry.npmjs.org/lru-cache/-/lru-cache-11.5.1.tgz 8176ms (cache miss)
1683 silly packumentCache corgi:https://registry.npmjs.org/@babel%2fhelper-compilation-targets cache-miss
1684 silly packumentCache corgi:https://registry.npmjs.org/update-browserslist-db cache-miss
1685 http fetch GET 200 https://registry.npmjs.org/lru-cache/-/lru-cache-11.5.1.tgz 8177ms (cache miss)
1686 http fetch GET 200 https://registry.npmjs.org/lru-cache/-/lru-cache-11.5.1.tgz 8175ms (cache miss)
1687 http fetch GET 200 https://registry.npmjs.org/lru-cache/-/lru-cache-11.5.1.tgz 8188ms (cache miss)
1688 http fetch GET 200 https://registry.npmjs.org/lru-cache/-/lru-cache-11.5.1.tgz 8189ms (cache miss)
1689 http fetch GET 200 https://registry.npmjs.org/@babel/core/-/core-7.29.7.tgz 8187ms (cache miss)
1690 http fetch GET 200 https://registry.npmjs.org/@angular-devkit/schematics/-/schematics-22.0.4.tgz 8213ms (cache miss)
1691 http fetch GET 200 https://registry.npmjs.org/@esbuild/linux-x64/-/linux-x64-0.28.1.tgz 8230ms (cache miss)
1692 http fetch GET 200 https://registry.npmjs.org/lru-cache/-/lru-cache-11.5.1.tgz 8192ms (cache miss)
1693 http fetch GET 200 https://registry.npmjs.org/update-browserslist-db 48ms (cache miss)
1694 silly packumentCache corgi:https://registry.npmjs.org/update-browserslist-db set size:undefined disposed:false
1695 http fetch GET 200 https://registry.npmjs.org/@babel%2fhelper-compilation-targets 51ms (cache miss)
1696 silly packumentCache corgi:https://registry.npmjs.org/@babel%2fhelper-compilation-targets set size:undefined disposed:false
1697 silly packumentCache corgi:https://registry.npmjs.org/vite cache-miss
1698 http fetch GET 200 https://registry.npmjs.org/lmdb/-/lmdb-3.5.4.tgz 8376ms (cache miss)
1699 http fetch GET 200 https://registry.npmjs.org/@esbuild/linux-x64/-/linux-x64-0.27.7.tgz 8287ms (cache miss)
1700 http fetch GET 200 https://registry.npmjs.org/@angular/core/-/core-22.0.4.tgz 8318ms (cache miss)
1701 http fetch GET 200 https://registry.npmjs.org/@angular-devkit/core/-/core-22.0.4.tgz 8338ms (cache miss)
1702 http fetch GET 200 https://registry.npmjs.org/@lmdb/lmdb-linux-x64/-/lmdb-linux-x64-3.5.4.tgz 8407ms (cache miss)
1703 http fetch GET 200 https://registry.npmjs.org/@babel/types/-/types-7.29.7.tgz 8397ms (cache miss)
1704 http fetch GET 200 https://registry.npmjs.org/undici/-/undici-6.27.0.tgz 8381ms (cache miss)
1705 http fetch GET 200 https://registry.npmjs.org/undici/-/undici-7.28.0.tgz 8539ms (cache miss)
1706 http fetch GET 200 https://registry.npmjs.org/vite 170ms (cache miss)
1707 silly packumentCache corgi:https://registry.npmjs.org/vite set size:undefined disposed:false
1708 silly packumentCache corgi:https://registry.npmjs.org/ajv cache-miss
1709 http fetch GET 200 https://registry.npmjs.org/@babel/helpers/-/helpers-7.29.7.tgz 8519ms (cache miss)
1710 http fetch GET 200 https://registry.npmjs.org/tar/-/tar-7.5.17.tgz 8648ms (cache miss)
1711 http fetch GET 200 https://registry.npmjs.org/ajv 48ms (cache miss)
1712 silly packumentCache corgi:https://registry.npmjs.org/ajv set size:undefined disposed:false
1713 silly packumentCache corgi:https://registry.npmjs.org/express-rate-limit cache-miss
1714 silly packumentCache corgi:https://registry.npmjs.org/socks cache-miss
1715 http fetch GET 200 https://registry.npmjs.org/socks 24ms (cache miss)
1716 silly packumentCache corgi:https://registry.npmjs.org/socks set size:undefined disposed:false
1717 http fetch GET 200 https://registry.npmjs.org/express-rate-limit 43ms (cache miss)
1718 silly packumentCache corgi:https://registry.npmjs.org/express-rate-limit set size:undefined disposed:false
1719 silly packumentCache corgi:https://registry.npmjs.org/jsdom cache-miss
1720 http fetch GET 200 https://registry.npmjs.org/css-tree/-/css-tree-3.2.1.tgz 8706ms (cache miss)
1721 http fetch GET 200 https://registry.npmjs.org/jsdom 74ms (cache miss)
1722 silly packumentCache corgi:https://registry.npmjs.org/jsdom set size:undefined disposed:false
1723 silly packumentCache corgi:https://registry.npmjs.org/node-gyp cache-miss
1724 http fetch GET 200 https://registry.npmjs.org/@schematics/angular/-/angular-22.0.4.tgz 8737ms (cache miss)
1725 http fetch GET 200 https://registry.npmjs.org/typescript/-/typescript-6.0.3.tgz 8856ms (cache miss)
1726 http fetch GET 200 https://registry.npmjs.org/node-gyp 36ms (cache miss)
1727 silly packumentCache corgi:https://registry.npmjs.org/node-gyp set size:undefined disposed:false
1728 silly packumentCache corgi:https://registry.npmjs.org/beasties cache-miss
1729 silly packumentCache corgi:https://registry.npmjs.org/postcss-safe-parser cache-miss
1730 http fetch GET 200 https://registry.npmjs.org/beasties 66ms (cache miss)
1731 silly packumentCache corgi:https://registry.npmjs.org/beasties set size:undefined disposed:false
1732 http fetch GET 200 https://registry.npmjs.org/@angular/cli/-/cli-22.0.4.tgz 8890ms (cache miss)
1733 http fetch GET 200 https://registry.npmjs.org/ajv/-/ajv-8.20.0.tgz 8987ms (cache miss)
1734 http fetch GET 200 https://registry.npmjs.org/postcss-safe-parser 216ms (cache miss)
1735 silly packumentCache corgi:https://registry.npmjs.org/postcss-safe-parser set size:undefined disposed:false
1736 silly packumentCache corgi:https://registry.npmjs.org/body-parser cache-miss
1737 silly packumentCache corgi:https://registry.npmjs.org/express cache-miss
1738 http fetch GET 200 https://registry.npmjs.org/body-parser 32ms (cache miss)
1739 silly packumentCache corgi:https://registry.npmjs.org/body-parser set size:undefined disposed:false
1740 http fetch GET 200 https://registry.npmjs.org/express 40ms (cache miss)
1741 silly packumentCache corgi:https://registry.npmjs.org/express set size:undefined disposed:false
1742 silly packumentCache corgi:https://registry.npmjs.org/pacote cache-miss
1743 http fetch GET 200 https://registry.npmjs.org/@angular/compiler-cli/-/compiler-cli-22.0.4.tgz 9042ms (cache miss)
1744 http fetch GET 200 https://registry.npmjs.org/pacote 42ms (cache miss)
1745 silly packumentCache corgi:https://registry.npmjs.org/pacote set size:undefined disposed:false
1746 http fetch GET 200 https://registry.npmjs.org/hono/-/hono-4.12.27.tgz 10291ms (cache miss)
1747 http fetch GET 200 https://registry.npmjs.org/caniuse-lite/-/caniuse-lite-1.0.30001799.tgz 10296ms (cache miss)
1748 http fetch GET 200 https://registry.npmjs.org/jsdom/-/jsdom-28.1.0.tgz 10337ms (cache miss)
1749 http fetch GET 200 https://registry.npmjs.org/zod/-/zod-4.4.2.tgz 10399ms (cache miss)
1750 http fetch GET 200 https://registry.npmjs.org/@angular/build/-/build-22.0.4.tgz 10269ms (cache miss)
1751 http fetch GET 200 https://registry.npmjs.org/@modelcontextprotocol/sdk/-/sdk-1.29.0.tgz 10361ms (cache miss)
1752 http fetch GET 200 https://registry.npmjs.org/rxjs/-/rxjs-7.8.2.tgz 10936ms (cache miss)
1753 http fetch GET 200 https://registry.npmjs.org/@angular/common/-/common-22.0.4.tgz 10903ms (cache miss)
1754 info run @parcel/watcher@2.5.6 install node_modules/@parcel/watcher node scripts/build-from-source.js
1755 info run lmdb@3.5.4 install node_modules/lmdb node-gyp-build-optional-packages
1756 info run msgpackr-extract@3.0.4 install node_modules/msgpackr-extract node-gyp-build-optional-packages
1757 info run @parcel/watcher@2.5.6 install { code: 0, signal: null }
1758 info run msgpackr-extract@3.0.4 install { code: 0, signal: null }
1759 info run lmdb@3.5.4 install { code: 0, signal: null }
1760 info run esbuild@0.28.1 postinstall node_modules/esbuild node install.js
1761 info run esbuild@0.27.7 postinstall node_modules/vite/node_modules/esbuild node install.js
1762 info run esbuild@0.28.1 postinstall { code: 0, signal: null }
1763 info run esbuild@0.27.7 postinstall { code: 0, signal: null }
1764 silly ADD node_modules/zone.js
1765 silly ADD node_modules/zod-to-json-schema
1766 silly ADD node_modules/zod
1767 silly ADD node_modules/yoctocolors
1768 silly ADD node_modules/yargs-parser
1769 silly ADD node_modules/yargs
1770 silly ADD node_modules/yargs/node_modules/string-width
1771 silly ADD node_modules/yallist
1772 silly ADD node_modules/y18n
1773 silly ADD node_modules/xmlchars
1774 silly ADD node_modules/xml-name-validator
1775 silly ADD node_modules/wrappy
1776 silly ADD node_modules/wrap-ansi
1777 silly ADD node_modules/why-is-node-running
1778 silly ADD node_modules/which
1779 silly ADD node_modules/whatwg-url
1780 silly ADD node_modules/whatwg-mimetype
1781 silly ADD node_modules/webidl-conversions
1782 silly ADD node_modules/weak-lru-cache
1783 silly ADD node_modules/watchpack
1784 silly ADD node_modules/w3c-xmlserializer
1785 silly ADD node_modules/vitest
1786 silly ADD node_modules/vite
1787 silly ADD node_modules/vite/node_modules/esbuild
1788 silly ADD
1789 silly ADD
1790 silly ADD
1791 silly ADD
1792 silly ADD
1793 silly ADD
1794 silly ADD
1795 silly ADD
1796 silly ADD
1797 silly ADD node_modules/vite/node_modules/@esbuild/linux-x64
1798 silly ADD
1799 silly ADD
1800 silly ADD
1801 silly ADD
1802 silly ADD
1803 silly ADD
1804 silly ADD
1805 silly ADD
1806 silly ADD
1807 silly ADD
1808 silly ADD
1809 silly ADD
1810 silly ADD
1811 silly ADD
1812 silly ADD
1813 silly ADD
1814 silly ADD node_modules/vary
1815 silly ADD node_modules/validate-npm-package-name
1816 silly ADD node_modules/update-browserslist-db
1817 silly ADD node_modules/unpipe
1818 silly ADD node_modules/undici
1819 silly ADD node_modules/typescript
1820 silly ADD node_modules/type-is
1821 silly ADD node_modules/type-is/node_modules/content-type
1822 silly ADD node_modules/tuf-js
1823 silly ADD node_modules/tslib
1824 silly ADD node_modules/tr46
1825 silly ADD node_modules/tough-cookie
1826 silly ADD node_modules/toidentifier
1827 silly ADD node_modules/tldts-core
1828 silly ADD node_modules/tldts
1829 silly ADD node_modules/tinyrainbow
1830 silly ADD node_modules/tinyglobby
1831 silly ADD node_modules/tinyexec
1832 silly ADD node_modules/tinybench
1833 silly ADD node_modules/tar
1834 silly ADD node_modules/tar/node_modules/yallist
1835 silly ADD node_modules/symbol-tree
1836 silly ADD node_modules/strip-ansi
1837 silly ADD node_modules/string-width
1838 silly ADD node_modules/stdin-discarder
1839 silly ADD node_modules/std-env
1840 silly ADD node_modules/statuses
1841 silly ADD node_modules/stackback
1842 silly ADD node_modules/ssri
1843 silly ADD node_modules/spdx-license-ids
1844 silly ADD node_modules/spdx-expression-parse
1845 silly ADD node_modules/spdx-exceptions
1846 silly ADD node_modules/source-map-support
1847 silly ADD node_modules/source-map-support/node_modules/source-map
1848 silly ADD node_modules/source-map-js
1849 silly ADD node_modules/source-map
1850 silly ADD node_modules/socks-proxy-agent
1851 silly ADD node_modules/socks-proxy-agent/node_modules/agent-base
1852 silly ADD node_modules/socks
1853 silly ADD node_modules/smart-buffer
1854 silly ADD node_modules/slice-ansi
1855 silly ADD node_modules/sigstore
1856 silly ADD node_modules/signal-exit
1857 silly ADD node_modules/siginfo
1858 silly ADD node_modules/side-channel-weakmap
1859 silly ADD node_modules/side-channel-map
1860 silly ADD node_modules/side-channel-list
1861 silly ADD node_modules/side-channel
1862 silly ADD node_modules/shebang-regex
1863 silly ADD node_modules/shebang-command
1864 silly ADD node_modules/setprototypeof
1865 silly ADD node_modules/serve-static
1866 silly ADD node_modules/send
1867 silly ADD node_modules/semver
1868 silly ADD node_modules/saxes
1869 silly ADD node_modules/sass
1870 silly ADD node_modules/sass/node_modules/readdirp
1871 silly ADD node_modules/sass/node_modules/chokidar
1872 silly ADD node_modules/safer-buffer
1873 silly ADD node_modules/rxjs
1874 silly ADD node_modules/router
1875 silly ADD node_modules/rollup
1876 silly ADD node_modules/rfdc
1877 silly ADD node_modules/restore-cursor
1878 silly ADD node_modules/require-from-string
1879 silly ADD node_modules/reflect-metadata
1880 silly ADD node_modules/readdirp
1881 silly ADD node_modules/raw-body
1882 silly ADD node_modules/range-parser
1883 silly ADD node_modules/qs
1884 silly ADD node_modules/punycode
1885 silly ADD node_modules/proxy-addr
1886 silly ADD node_modules/proc-log
1887 silly ADD node_modules/prettier
1888 silly ADD node_modules/postcss-safe-parser
1889 silly ADD node_modules/postcss-media-query-parser
1890 silly ADD node_modules/postcss
1891 silly ADD node_modules/pkce-challenge
1892 silly ADD node_modules/piscina
1893 silly ADD node_modules/picomatch
1894 silly ADD node_modules/picocolors
1895 silly ADD node_modules/pathe
1896 silly ADD node_modules/path-to-regexp
1897 silly ADD node_modules/path-scurry
1898 silly ADD node_modules/path-scurry/node_modules/lru-cache
1899 silly ADD node_modules/path-key
1900 silly ADD node_modules/parseurl
1901 silly ADD node_modules/parse5-sax-parser
1902 silly ADD node_modules/parse5-html-rewriting-stream
1903 silly ADD node_modules/parse5-html-rewriting-stream/node_modules/entities
1904 silly ADD node_modules/parse5
1905 silly ADD node_modules/parse5/node_modules/entities
1906 silly ADD node_modules/pacote
1907 silly ADD node_modules/p-map
1908 silly ADD node_modules/ordered-binary
1909 silly ADD node_modules/ora
1910 silly ADD node_modules/onetime
1911 silly ADD node_modules/once
1912 silly ADD node_modules/on-finished
1913 silly ADD node_modules/obug
1914 silly ADD node_modules/object-inspect
1915 silly ADD node_modules/object-assign
1916 silly ADD node_modules/nth-check
1917 silly ADD node_modules/npm-registry-fetch
1918 silly ADD node_modules/npm-pick-manifest
1919 silly ADD node_modules/npm-packlist
1920 silly ADD node_modules/npm-package-arg
1921 silly ADD node_modules/npm-normalize-package-bin
1922 silly ADD node_modules/npm-install-checks
1923 silly ADD node_modules/npm-bundled
1924 silly ADD node_modules/nopt
1925 silly ADD node_modules/node-releases
1926 silly ADD node_modules/node-gyp-build-optional-packages
1927 silly ADD node_modules/node-gyp
1928 silly ADD node_modules/node-gyp/node_modules/which
1929 silly ADD node_modules/node-gyp/node_modules/undici
1930 silly ADD node_modules/node-gyp/node_modules/isexe
1931 silly ADD node_modules/node-addon-api
1932 silly ADD node_modules/negotiator
1933 silly ADD node_modules/nanoid
1934 silly ADD node_modules/mute-stream
1935 silly ADD node_modules/msgpackr-extract
1936 silly ADD node_modules/msgpackr
1937 silly ADD node_modules/ms
1938 silly ADD node_modules/mrmime
1939 silly ADD node_modules/minizlib
1940 silly ADD node_modules/minipass-sized
1941 silly ADD node_modules/minipass-pipeline
1942 silly ADD node_modules/minipass-pipeline/node_modules/yallist
1943 silly ADD node_modules/minipass-pipeline/node_modules/minipass
1944 silly ADD node_modules/minipass-flush
1945 silly ADD node_modules/minipass-flush/node_modules/yallist
1946 silly ADD node_modules/minipass-flush/node_modules/minipass
1947 silly ADD node_modules/minipass-fetch
1948 silly ADD node_modules/minipass-collect
1949 silly ADD node_modules/minipass
1950 silly ADD node_modules/minimatch
1951 silly ADD node_modules/mimic-function
1952 silly ADD node_modules/mime-types
1953 silly ADD node_modules/mime-db
1954 silly ADD node_modules/merge-descriptors
1955 silly ADD node_modules/media-typer
1956 silly ADD node_modules/mdn-data
1957 silly ADD node_modules/math-intrinsics
1958 silly ADD node_modules/make-fetch-happen
1959 silly ADD node_modules/magic-string
1960 silly ADD node_modules/lru-cache
1961 silly ADD node_modules/log-update
1962 silly ADD node_modules/log-update/node_modules/wrap-ansi
1963 silly ADD node_modules/log-update/node_modules/string-width
1964 silly ADD node_modules/log-update/node_modules/slice-ansi
1965 silly ADD node_modules/log-symbols
1966 silly ADD node_modules/lmdb
1967 silly ADD node_modules/listr2
1968 silly ADD node_modules/jsonparse
1969 silly ADD node_modules/jsonc-parser
1970 silly ADD node_modules/json5
1971 silly ADD node_modules/json-schema-typed
1972 silly ADD node_modules/json-schema-traverse
1973 silly ADD node_modules/json-parse-even-better-errors
1974 silly ADD node_modules/jsesc
1975 silly ADD node_modules/jsdom
1976 silly ADD node_modules/jsdom/node_modules/https-proxy-agent
1977 silly ADD node_modules/jsdom/node_modules/agent-base
1978 silly ADD node_modules/js-tokens
1979 silly ADD node_modules/jose
1980 silly ADD node_modules/isexe
1981 silly ADD node_modules/is-unicode-supported
1982 silly ADD node_modules/is-promise
1983 silly ADD node_modules/is-potential-custom-element-name
1984 silly ADD node_modules/is-interactive
1985 silly ADD node_modules/is-glob
1986 silly ADD node_modules/is-fullwidth-code-point
1987 silly ADD node_modules/is-extglob
1988 silly ADD node_modules/ipaddr.js
1989 silly ADD node_modules/ip-address
1990 silly ADD node_modules/ini
1991 silly ADD node_modules/inherits
1992 silly ADD node_modules/immutable
1993 silly ADD node_modules/ignore-walk
1994 silly ADD node_modules/iconv-lite
1995 silly ADD node_modules/https-proxy-agent
1996 silly ADD node_modules/http-proxy-agent
1997 silly ADD node_modules/http-proxy-agent/node_modules/agent-base
1998 silly ADD node_modules/http-errors
1999 silly ADD node_modules/http-cache-semantics
2000 silly ADD node_modules/htmlparser2
2001 silly ADD node_modules/htmlparser2/node_modules/entities
2002 silly ADD node_modules/html-encoding-sniffer
2003 silly ADD node_modules/hosted-git-info
2004 silly ADD node_modules/hosted-git-info/node_modules/lru-cache
2005 silly ADD node_modules/hono
2006 silly ADD node_modules/hasown
2007 silly ADD node_modules/has-symbols
2008 silly ADD node_modules/graceful-fs
2009 silly ADD node_modules/gopd
2010 silly ADD node_modules/glob-to-regexp
2011 silly ADD node_modules/glob
2012 silly ADD node_modules/get-proto
2013 silly ADD node_modules/get-intrinsic
2014 silly ADD node_modules/get-east-asian-width
2015 silly ADD node_modules/get-caller-file
2016 silly ADD node_modules/gensync
2017 silly ADD node_modules/function-bind
2018 silly ADD
2019 silly ADD node_modules/fs-minipass
2020 silly ADD node_modules/fresh
2021 silly ADD node_modules/forwarded
2022 silly ADD node_modules/finalhandler
2023 silly ADD node_modules/fdir
2024 silly ADD node_modules/fast-wrap-ansi
2025 silly ADD node_modules/fast-uri
2026 silly ADD node_modules/fast-string-width
2027 silly ADD node_modules/fast-string-truncated-width
2028 silly ADD node_modules/fast-deep-equal
2029 silly ADD node_modules/express-rate-limit
2030 silly ADD node_modules/express
2031 silly ADD node_modules/exponential-backoff
2032 silly ADD node_modules/expect-type
2033 silly ADD node_modules/eventsource-parser
2034 silly ADD node_modules/eventsource
2035 silly ADD node_modules/eventemitter3
2036 silly ADD node_modules/etag
2037 silly ADD node_modules/estree-walker
2038 silly ADD node_modules/escape-html
2039 silly ADD node_modules/escalade
2040 silly ADD node_modules/esbuild
2041 silly ADD node_modules/es-object-atoms
2042 silly ADD node_modules/es-module-lexer
2043 silly ADD node_modules/es-errors
2044 silly ADD node_modules/es-define-property
2045 silly ADD node_modules/environment
2046 silly ADD node_modules/env-paths
2047 silly ADD node_modules/entities
2048 silly ADD node_modules/encodeurl
2049 silly ADD node_modules/emoji-regex
2050 silly ADD node_modules/electron-to-chromium
2051 silly ADD node_modules/ee-first
2052 silly ADD node_modules/dunder-proto
2053 silly ADD node_modules/domutils
2054 silly ADD node_modules/domhandler
2055 silly ADD node_modules/domelementtype
2056 silly ADD node_modules/dom-serializer
2057 silly ADD node_modules/detect-libc
2058 silly ADD node_modules/depd
2059 silly ADD node_modules/decimal.js
2060 silly ADD node_modules/debug
2061 silly ADD node_modules/data-urls
2062 silly ADD node_modules/cssstyle
2063 silly ADD node_modules/cssstyle/node_modules/lru-cache
2064 silly ADD node_modules/css-what
2065 silly ADD node_modules/css-tree
2066 silly ADD node_modules/css-select
2067 silly ADD node_modules/cross-spawn
2068 silly ADD node_modules/cors
2069 silly ADD node_modules/cookie-signature
2070 silly ADD node_modules/cookie
2071 silly ADD node_modules/convert-source-map
2072 silly ADD node_modules/content-type
2073 silly ADD node_modules/content-disposition
2074 silly ADD node_modules/cliui
2075 silly ADD node_modules/cliui/node_modules/wrap-ansi
2076 silly ADD node_modules/cliui/node_modules/string-width
2077 silly ADD node_modules/cli-width
2078 silly ADD node_modules/cli-truncate
2079 silly ADD node_modules/cli-spinners
2080 silly ADD node_modules/cli-cursor
2081 silly ADD node_modules/chownr
2082 silly ADD node_modules/chokidar
2083 silly ADD node_modules/chardet
2084 silly ADD node_modules/chalk
2085 silly ADD node_modules/chai
2086 silly ADD node_modules/caniuse-lite
2087 silly ADD node_modules/call-bound
2088 silly ADD node_modules/call-bind-apply-helpers
2089 silly ADD node_modules/cacache
2090 silly ADD node_modules/cacache/node_modules/lru-cache
2091 silly ADD node_modules/bytes
2092 silly ADD node_modules/buffer-from
2093 silly ADD node_modules/browserslist
2094 silly ADD node_modules/brace-expansion
2095 silly ADD node_modules/boolbase
2096 silly ADD node_modules/body-parser
2097 silly ADD node_modules/body-parser/node_modules/content-type
2098 silly ADD node_modules/bidi-js
2099 silly ADD node_modules/beasties
2100 silly ADD node_modules/baseline-browser-mapping
2101 silly ADD node_modules/balanced-match
2102 silly ADD node_modules/assertion-error
2103 silly ADD node_modules/ansi-styles
2104 silly ADD node_modules/ansi-regex
2105 silly ADD node_modules/ansi-escapes
2106 silly ADD node_modules/algoliasearch
2107 silly ADD node_modules/ajv-formats
2108 silly ADD node_modules/ajv
2109 silly ADD node_modules/agent-base
2110 silly ADD node_modules/accepts
2111 silly ADD node_modules/abbrev
2112 silly ADD node_modules/@yarnpkg/lockfile
2113 silly ADD node_modules/@vitest/utils
2114 silly ADD node_modules/@vitest/utils/node_modules/convert-source-map
2115 silly ADD node_modules/@vitest/spy
2116 silly ADD node_modules/@vitest/snapshot
2117 silly ADD node_modules/@vitest/runner
2118 silly ADD node_modules/@vitest/pretty-format
2119 silly ADD node_modules/@vitest/mocker
2120 silly ADD node_modules/@vitest/expect
2121 silly ADD node_modules/@vitejs/plugin-basic-ssl
2122 silly ADD node_modules/@types/estree
2123 silly ADD node_modules/@types/deep-eql
2124 silly ADD node_modules/@types/chai
2125 silly ADD node_modules/@tufjs/models
2126 silly ADD node_modules/@tufjs/canonical-json
2127 silly ADD node_modules/@standard-schema/spec
2128 silly ADD node_modules/@sigstore/verify
2129 silly ADD node_modules/@sigstore/tuf
2130 silly ADD node_modules/@sigstore/sign
2131 silly ADD node_modules/@sigstore/protobuf-specs
2132 silly ADD node_modules/@sigstore/core
2133 silly ADD node_modules/@sigstore/bundle
2134 silly ADD node_modules/@schematics/angular
2135 silly ADD
2136 silly ADD
2137 silly ADD
2138 silly ADD
2139 silly ADD
2140 silly ADD
2141 silly ADD
2142 silly ADD node_modules/@rollup/rollup-linux-x64-gnu
2143 silly ADD
2144 silly ADD
2145 silly ADD
2146 silly ADD
2147 silly ADD
2148 silly ADD
2149 silly ADD
2150 silly ADD
2151 silly ADD
2152 silly ADD
2153 silly ADD
2154 silly ADD
2155 silly ADD
2156 silly ADD
2157 silly ADD
2158 silly ADD
2159 silly ADD
2160 silly ADD
2161 silly ADD
2162 silly ADD
2163 silly ADD
2164 silly ADD node_modules/@parcel/watcher-linux-x64-glibc
2165 silly ADD
2166 silly ADD
2167 silly ADD
2168 silly ADD
2169 silly ADD
2170 silly ADD
2171 silly ADD
2172 silly ADD
2173 silly ADD node_modules/@parcel/watcher
2174 silly ADD node_modules/@parcel/watcher/node_modules/node-addon-api
2175 silly ADD node_modules/@npmcli/run-script
2176 silly ADD node_modules/@npmcli/redact
2177 silly ADD node_modules/@npmcli/promise-spawn
2178 silly ADD node_modules/@npmcli/promise-spawn/node_modules/which
2179 silly ADD node_modules/@npmcli/promise-spawn/node_modules/isexe
2180 silly ADD node_modules/@npmcli/package-json
2181 silly ADD node_modules/@npmcli/node-gyp
2182 silly ADD node_modules/@npmcli/installed-package-contents
2183 silly ADD node_modules/@npmcli/git
2184 silly ADD node_modules/@npmcli/git/node_modules/which
2185 silly ADD node_modules/@npmcli/git/node_modules/lru-cache
2186 silly ADD node_modules/@npmcli/git/node_modules/isexe
2187 silly ADD node_modules/@npmcli/fs
2188 silly ADD node_modules/@npmcli/agent
2189 silly ADD node_modules/@npmcli/agent/node_modules/lru-cache
2190 silly ADD node_modules/@npmcli/agent/node_modules/https-proxy-agent
2191 silly ADD node_modules/@npmcli/agent/node_modules/agent-base
2192 silly ADD
2193 silly ADD
2194 silly ADD
2195 silly ADD
2196 silly ADD
2197 silly ADD node_modules/@napi-rs/nice-linux-x64-gnu
2198 silly ADD
2199 silly ADD
2200 silly ADD
2201 silly ADD
2202 silly ADD
2203 silly ADD
2204 silly ADD
2205 silly ADD
2206 silly ADD
2207 silly ADD
2208 silly ADD
2209 silly ADD node_modules/@napi-rs/nice
2210 silly ADD
2211 silly ADD node_modules/@msgpackr-extract/msgpackr-extract-linux-x64
2212 silly ADD
2213 silly ADD
2214 silly ADD
2215 silly ADD
2216 silly ADD node_modules/@modelcontextprotocol/sdk
2217 silly ADD
2218 silly ADD
2219 silly ADD node_modules/@lmdb/lmdb-linux-x64
2220 silly ADD
2221 silly ADD
2222 silly ADD
2223 silly ADD
2224 silly ADD node_modules/@listr2/prompt-adapter-inquirer
2225 silly ADD node_modules/@jridgewell/trace-mapping
2226 silly ADD node_modules/@jridgewell/sourcemap-codec
2227 silly ADD node_modules/@jridgewell/resolve-uri
2228 silly ADD node_modules/@jridgewell/remapping
2229 silly ADD node_modules/@jridgewell/gen-mapping
2230 silly ADD node_modules/@isaacs/fs-minipass
2231 silly ADD node_modules/@inquirer/type
2232 silly ADD node_modules/@inquirer/select
2233 silly ADD node_modules/@inquirer/search
2234 silly ADD node_modules/@inquirer/rawlist
2235 silly ADD node_modules/@inquirer/prompts
2236 silly ADD node_modules/@inquirer/password
2237 silly ADD node_modules/@inquirer/number
2238 silly ADD node_modules/@inquirer/input
2239 silly ADD node_modules/@inquirer/figures
2240 silly ADD node_modules/@inquirer/external-editor
2241 silly ADD node_modules/@inquirer/expand
2242 silly ADD node_modules/@inquirer/editor
2243 silly ADD node_modules/@inquirer/core
2244 silly ADD node_modules/@inquirer/confirm
2245 silly ADD node_modules/@inquirer/checkbox
2246 silly ADD node_modules/@inquirer/ansi
2247 silly ADD node_modules/@hono/node-server
2248 silly ADD node_modules/@harperfast/extended-iterable
2249 silly ADD node_modules/@gar/promise-retry
2250 silly ADD node_modules/@exodus/bytes
2251 silly ADD
2252 silly ADD
2253 silly ADD
2254 silly ADD
2255 silly ADD
2256 silly ADD
2257 silly ADD
2258 silly ADD
2259 silly ADD
2260 silly ADD node_modules/@esbuild/linux-x64
2261 silly ADD
2262 silly ADD
2263 silly ADD
2264 silly ADD
2265 silly ADD
2266 silly ADD
2267 silly ADD
2268 silly ADD
2269 silly ADD
2270 silly ADD
2271 silly ADD
2272 silly ADD
2273 silly ADD
2274 silly ADD
2275 silly ADD
2276 silly ADD
2277 silly ADD node_modules/@csstools/css-tokenizer
2278 silly ADD node_modules/@csstools/css-syntax-patches-for-csstree
2279 silly ADD node_modules/@csstools/css-parser-algorithms
2280 silly ADD node_modules/@csstools/css-color-parser
2281 silly ADD node_modules/@csstools/css-calc
2282 silly ADD node_modules/@csstools/color-helpers
2283 silly ADD node_modules/@bramus/specificity
2284 silly ADD node_modules/@babel/types
2285 silly ADD node_modules/@babel/traverse
2286 silly ADD node_modules/@babel/template
2287 silly ADD node_modules/@babel/parser
2288 silly ADD node_modules/@babel/helpers
2289 silly ADD node_modules/@babel/helper-validator-option
2290 silly ADD node_modules/@babel/helper-validator-identifier
2291 silly ADD node_modules/@babel/helper-string-parser
2292 silly ADD node_modules/@babel/helper-split-export-declaration
2293 silly ADD node_modules/@babel/helper-module-transforms
2294 silly ADD node_modules/@babel/helper-module-imports
2295 silly ADD node_modules/@babel/helper-globals
2296 silly ADD node_modules/@babel/helper-compilation-targets
2297 silly ADD node_modules/@babel/helper-compilation-targets/node_modules/semver
2298 silly ADD node_modules/@babel/helper-annotate-as-pure
2299 silly ADD node_modules/@babel/generator
2300 silly ADD node_modules/@babel/core
2301 silly ADD node_modules/@babel/core/node_modules/semver
2302 silly ADD node_modules/@babel/core/node_modules/convert-source-map
2303 silly ADD node_modules/@babel/compat-data
2304 silly ADD node_modules/@babel/code-frame
2305 silly ADD node_modules/@asamuzakjp/nwsapi
2306 silly ADD node_modules/@asamuzakjp/generational-cache
2307 silly ADD node_modules/@asamuzakjp/dom-selector
2308 silly ADD node_modules/@asamuzakjp/dom-selector/node_modules/lru-cache
2309 silly ADD node_modules/@asamuzakjp/css-color
2310 silly ADD node_modules/@angular/router
2311 silly ADD node_modules/@angular/platform-browser
2312 silly ADD node_modules/@angular/forms
2313 silly ADD node_modules/@angular/core
2314 silly ADD node_modules/@angular/compiler-cli
2315 silly ADD node_modules/@angular/compiler-cli/node_modules/@babel/core
2316 silly ADD node_modules/@angular/compiler-cli/node_modules/@babel/core/node_modules/semver
2317 silly ADD node_modules/@angular/compiler-cli/node_modules/@babel/core/node_modules/convert-source-map
2318 silly ADD node_modules/@angular/compiler
2319 silly ADD node_modules/@angular/common
2320 silly ADD node_modules/@angular/cli
2321 silly ADD node_modules/@angular/build
2322 silly ADD node_modules/@angular-devkit/schematics
2323 silly ADD node_modules/@angular-devkit/core
2324 silly ADD node_modules/@angular-devkit/architect
2325 silly ADD node_modules/@ampproject/remapping
2326 silly ADD node_modules/@algolia/requester-node-http
2327 silly ADD node_modules/@algolia/requester-fetch
2328 silly ADD node_modules/@algolia/requester-browser-xhr
2329 silly ADD node_modules/@algolia/recommend
2330 silly ADD node_modules/@algolia/monitoring
2331 silly ADD node_modules/@algolia/ingestion
2332 silly ADD node_modules/@algolia/client-search
2333 silly ADD node_modules/@algolia/client-query-suggestions
2334 silly ADD node_modules/@algolia/client-personalization
2335 silly ADD node_modules/@algolia/client-insights
2336 silly ADD node_modules/@algolia/client-common
2337 silly ADD node_modules/@algolia/client-analytics
2338 silly ADD node_modules/@algolia/client-abtesting
2339 silly ADD node_modules/@algolia/abtesting
2340 silly ADD node_modules/@acemir/cssom
2341 verbose cwd /opt/app-root/src
2342 verbose os Linux 6.12.0-266.el10.x86_64
2343 verbose node v22.23.2
2344 verbose npm  v10.9.8
2345 verbose exit 0
2346 info ok
